Added Component: Designator=*(FUSB302BMPX-Footprint-1)
Add component (AddParameter): Name = "Case/Package"; Value = ""; VariantName = "[No Variations]"
Add component (AddParameter): Name = "Dropout Voltage"; Value = ""; VariantName = "[No Variations]"
Add component (AddParameter): Name = "Frequency"; Value = ""; VariantName = "[No Variations]"
Add component (AddParameter): Name = "Max Operating Temperature"; Value = "85°C"; VariantName = "[No Variations]"
Add component (AddParameter): Name = "Max Power Dissipation"; Value = ""; VariantName = "[No Variations]"
Add component (AddParameter): Name = "Max Supply Voltage"; Value = "5.5V"; VariantName = "[No Variations]"
Add component (AddParameter): Name = "Min Operating Temperature"; Value = "-40°C"; VariantName = "[No Variations]"
Add component (AddParameter): Name = "Min Supply Voltage"; Value = "2.7V"; VariantName = "[No Variations]"
Add component (AddParameter): Name = "Mounting Technology"; Value = "Surface Mount"; VariantName = "[No Variations]"
Add component (AddParameter): Name = "Nominal Supply Current"; Value = ""; VariantName = "[No Variations]"
Add component (AddParameter): Name = "Output Current"; Value = ""; VariantName = "[No Variations]"
Add component (AddParameter): Name = "Output Voltage"; Value = ""; VariantName = "[No Variations]"
Add component (AddParameter): Name = "Pins"; Value = ""; VariantName = "[No Variations]"
Add component (AddParameter): Name = "RoHS Compliant"; Value = ""; VariantName = "[No Variations]"
Added Component: Designator=ANT1(FP-146153-0250-MFG)
Add component (AddParameter): Name = "Automotive"; Value = "No"; VariantName = "[No Variations]"
Add component (AddParameter): Name = "Category"; Value = "Ant"; VariantName = "[No Variations]"
Add component (AddParameter): Name = "ComponentLink2Description"; Value = "Datasheet"; VariantName = "[No Variations]"
Add component (AddParameter): Name = "ComponentLink2URL"; Value = "https://www.molex.com/pdm_docs/ps/PS-146153-100-001.pdf"; VariantName = "[No Variations]"
Add component (AddParameter): Name = "Device Class L1"; Value = "Integrated Circuits (ICs)"; VariantName = "[No Variations]"
Add component (AddParameter): Name = "Device Class L2"; Value = "RF Semiconductors and Devices"; VariantName = "[No Variations]"
Add component (AddParameter): Name = "Device Class L3"; Value = "RF Antennas"; VariantName = "[No Variations]"
Add component (AddParameter): Name = "Digikey Description"; Value = "RF ANT 2.4/5GHZ FLAT PATCH 250MM"; VariantName = "[No Variations]"
Add component (AddParameter): Name = "Footprint Url"; Value = "https://www.molex.com/pdm_docs/sd/1461530250_sd.pdf"; VariantName = "[No Variations]"
Add component (AddParameter): Name = "Gain"; Value = "2.4/3.2dB"; VariantName = "[No Variations]"
Add component (AddParameter): Name = "Impedance"; Value = "50O"; VariantName = "[No Variations]"
Add component (AddParameter): Name = "Lead Free"; Value = "Yes"; VariantName = "[No Variations]"
Add component (AddParameter): Name = "Manufacturer"; Value = "Molex"; VariantName = "[No Variations]"
Add component (AddParameter): Name = "Manufacturer Part Number"; Value = "146153-0250"; VariantName = "[No Variations]"
Add component (AddParameter): Name = "Max Frequency"; Value = "5.85GHz"; VariantName = "[No Variations]"
Add component (AddParameter): Name = "Number Of Bands"; Value = "2"; VariantName = "[No Variations]"
Add component (AddParameter): Name = "Octopart"; Value = "https://octopart.com/146153-0250-molex-65153393"; VariantName = "[No Variations]"
Add component (AddParameter): Name = "Package"; Value = "0"; VariantName = "[No Variations]"
Add component (AddParameter): Name = "Power Rating"; Value = "2W"; VariantName = "[No Variations]"
Add component (AddParameter): Name = "Return Loss"; Value = "-10dB"; VariantName = "[No Variations]"
Add component (AddParameter): Name = "RoHS"; Value = "TRUE"; VariantName = "[No Variations]"
Add component (AddParameter): Name = "Temperature"; Value = "-30°C to +85°C"; VariantName = "[No Variations]"
Add component (AddParameter): Name = "Temperature Range High"; Value = "+85°C"; VariantName = "[No Variations]"
Add component (AddParameter): Name = "Temperature Range Low"; Value = "-30°C"; VariantName = "[No Variations]"
Added Component: Designator=ANT2(FP-146153-0250-MFG)
Add component (AddParameter): Name = "Automotive"; Value = "No"; VariantName = "[No Variations]"
Add component (AddParameter): Name = "Category"; Value = "Ant"; VariantName = "[No Variations]"
Add component (AddParameter): Name = "ComponentLink2Description"; Value = "Datasheet"; VariantName = "[No Variations]"
Add component (AddParameter): Name = "ComponentLink2URL"; Value = "https://www.molex.com/pdm_docs/ps/PS-146153-100-001.pdf"; VariantName = "[No Variations]"
Add component (AddParameter): Name = "Device Class L1"; Value = "Integrated Circuits (ICs)"; VariantName = "[No Variations]"
Add component (AddParameter): Name = "Device Class L2"; Value = "RF Semiconductors and Devices"; VariantName = "[No Variations]"
Add component (AddParameter): Name = "Device Class L3"; Value = "RF Antennas"; VariantName = "[No Variations]"
Add component (AddParameter): Name = "Digikey Description"; Value = "RF ANT 2.4/5GHZ FLAT PATCH 250MM"; VariantName = "[No Variations]"
Add component (AddParameter): Name = "Footprint Url"; Value = "https://www.molex.com/pdm_docs/sd/1461530250_sd.pdf"; VariantName = "[No Variations]"
Add component (AddParameter): Name = "Gain"; Value = "2.4/3.2dB"; VariantName = "[No Variations]"
Add component (AddParameter): Name = "Impedance"; Value = "50O"; VariantName = "[No Variations]"
Add component (AddParameter): Name = "Lead Free"; Value = "Yes"; VariantName = "[No Variations]"
Add component (AddParameter): Name = "Manufacturer"; Value = "Molex"; VariantName = "[No Variations]"
Add component (AddParameter): Name = "Manufacturer Part Number"; Value = "146153-0250"; VariantName = "[No Variations]"
Add component (AddParameter): Name = "Max Frequency"; Value = "5.85GHz"; VariantName = "[No Variations]"
Add component (AddParameter): Name = "Number Of Bands"; Value = "2"; VariantName = "[No Variations]"
Add component (AddParameter): Name = "Octopart"; Value = "https://octopart.com/146153-0250-molex-65153393"; VariantName = "[No Variations]"
Add component (AddParameter): Name = "Package"; Value = "0"; VariantName = "[No Variations]"
Add component (AddParameter): Name = "Power Rating"; Value = "2W"; VariantName = "[No Variations]"
Add component (AddParameter): Name = "Return Loss"; Value = "-10dB"; VariantName = "[No Variations]"
Add component (AddParameter): Name = "RoHS"; Value = "TRUE"; VariantName = "[No Variations]"
Add component (AddParameter): Name = "Temperature"; Value = "-30°C to +85°C"; VariantName = "[No Variations]"
Add component (AddParameter): Name = "Temperature Range High"; Value = "+85°C"; VariantName = "[No Variations]"
Add component (AddParameter): Name = "Temperature Range Low"; Value = "-30°C"; VariantName = "[No Variations]"
Added Component: Designator=B1(SON127P800X600X80-9N-D)
Add component (AddParameter): Name = "Arrow Part Number"; Value = "W25Q256JVEIQ"; VariantName = "[No Variations]"
Add component (AddParameter): Name = "Arrow Price/Stock"; Value = "https://www.arrow.com/en/products/w25q256jveiq/winbond-electronics.html?utm_currency=USD&region=nac"; VariantName = "[No Variations]"
Add component (AddParameter): Name = "Case/Package"; Value = ""; VariantName = "[No Variations]"
Add component (AddParameter): Name = "Clock Frequency"; Value = ""; VariantName = "[No Variations]"
Add component (AddParameter): Name = "Datasheet Link"; Value = "https://www.winbond.com/hq/search-resource-file.jsp?partNo=W25Q256JVEIQ&type=datasheet"; VariantName = "[No Variations]"
Add component (AddParameter): Name = "Design Item ID"; Value = "W25Q256JVEIQ"; VariantName = "[No Variations]"
Add component (AddParameter): Name = "Frequency"; Value = ""; VariantName = "[No Variations]"
Add component (AddParameter): Name = "Geometry.Height"; Value = "0.8mm"; VariantName = "[No Variations]"
Add component (AddParameter): Name = "Manufacturer_Name"; Value = "Winbond"; VariantName = "[No Variations]"
Add component (AddParameter): Name = "Manufacturer_Part_Number"; Value = "W25Q256JVEIQ"; VariantName = "[No Variations]"
Add component (AddParameter): Name = "Max Operating Temperature"; Value = ""; VariantName = "[No Variations]"
Add component (AddParameter): Name = "Max Supply Voltage"; Value = ""; VariantName = "[No Variations]"
Add component (AddParameter): Name = "Memory Format"; Value = ""; VariantName = "[No Variations]"
Add component (AddParameter): Name = "Memory Size"; Value = ""; VariantName = "[No Variations]"
Add component (AddParameter): Name = "Min Operating Temperature"; Value = ""; VariantName = "[No Variations]"
Add component (AddParameter): Name = "Min Supply Voltage"; Value = ""; VariantName = "[No Variations]"
Add component (AddParameter): Name = "Mounting Technology"; Value = ""; VariantName = "[No Variations]"
Add component (AddParameter): Name = "Mouser Part Number"; Value = "454-W25Q256JVEIQ"; VariantName = "[No Variations]"
Add component (AddParameter): Name = "Mouser Price/Stock"; Value = "https://www.mouser.co.uk/ProductDetail/Winbond/W25Q256JVEIQ?qs=qSfuJ%252Bfl%2Fd4o%2FNFUf7yCgA%3D%3D"; VariantName = "[No Variations]"
Add component (AddParameter): Name = "Pins"; Value = ""; VariantName = "[No Variations]"
Add component (AddParameter): Name = "Power"; Value = ""; VariantName = "[No Variations]"
Add component (AddParameter): Name = "RoHS Compliant"; Value = ""; VariantName = "[No Variations]"
Add component (AddParameter): Name = "Source"; Value = "W25Q256JVEIQ.SchLib"; VariantName = "[No Variations]"
Add component (AddParameter): Name = "Speed"; Value = ""; VariantName = "[No Variations]"
Added Component: Designator=B2(AP6275S)
Add component (AddParameter): Name = "Arrow Part Number"; Value = ""; VariantName = "[No Variations]"
Add component (AddParameter): Name = "Arrow Price/Stock"; Value = ""; VariantName = "[No Variations]"
Add component (AddParameter): Name = "Case/Package"; Value = ""; VariantName = "[No Variations]"
Add component (AddParameter): Name = "Datasheet Link"; Value = "https://www.mev-elektronik.com/files/MEV%20Elektronik%20Service/produkt-downloads/rf-microwave-wireless/download_AP6275S_datasheet_ver1.0_20191129%20(1).pdf"; VariantName = "[No Variations]"
Add component (AddParameter): Name = "Design Item ID"; Value = "AP6275S"; VariantName = "[No Variations]"
Add component (AddParameter): Name = "Frequency"; Value = ""; VariantName = "[No Variations]"
Add component (AddParameter): Name = "Geometry.Height"; Value = "1.55mm"; VariantName = "[No Variations]"
Add component (AddParameter): Name = "Manufacturer_Name"; Value = "SparkLAN"; VariantName = "[No Variations]"
Add component (AddParameter): Name = "Manufacturer_Part_Number"; Value = "AP6275S"; VariantName = "[No Variations]"
Add component (AddParameter): Name = "Max Operating Temperature"; Value = ""; VariantName = "[No Variations]"
Add component (AddParameter): Name = "Max Supply Voltage"; Value = ""; VariantName = "[No Variations]"
Add component (AddParameter): Name = "Min Operating Temperature"; Value = ""; VariantName = "[No Variations]"
Add component (AddParameter): Name = "Min Supply Voltage"; Value = ""; VariantName = "[No Variations]"
Add component (AddParameter): Name = "Mounting Technology"; Value = ""; VariantName = "[No Variations]"
Add component (AddParameter): Name = "Mouser Part Number"; Value = ""; VariantName = "[No Variations]"
Add component (AddParameter): Name = "Mouser Price/Stock"; Value = ""; VariantName = "[No Variations]"
Add component (AddParameter): Name = "Nominal Supply Voltage"; Value = ""; VariantName = "[No Variations]"
Add component (AddParameter): Name = "Pins"; Value = ""; VariantName = "[No Variations]"
Add component (AddParameter): Name = "Power"; Value = ""; VariantName = "[No Variations]"
Add component (AddParameter): Name = "RoHS Compliant"; Value = ""; VariantName = "[No Variations]"
Add component (AddParameter): Name = "Source"; Value = "AP6275S.SchLib"; VariantName = "[No Variations]"
Added Component: Designator=C1(CAPC0402(1005)60_L)
Add component (AddParameter): Name = "Capacitor Type"; Value = ""; VariantName = "[No Variations]"
Add component (AddParameter): Name = "Case/Package"; Value = "0402"; VariantName = "[No Variations]"
Add component (AddParameter): Name = "Max Operating Temperature"; Value = "85°C"; VariantName = "[No Variations]"
Add component (AddParameter): Name = "Min Operating Temperature"; Value = "-55°C"; VariantName = "[No Variations]"
Add component (AddParameter): Name = "Mounting Technology"; Value = "SMT"; VariantName = "[No Variations]"
Add component (AddParameter): Name = "Pins"; Value = "2"; VariantName = "[No Variations]"
Add component (AddParameter): Name = "Ripple Current"; Value = ""; VariantName = "[No Variations]"
Add component (AddParameter): Name = "Ripple Current (AC)"; Value = ""; VariantName = "[No Variations]"
Add component (AddParameter): Name = "RoHS Compliant"; Value = ""; VariantName = "[No Variations]"
Add component (AddParameter): Name = "Tolerance"; Value = "10%"; VariantName = "[No Variations]"
Add component (AddParameter): Name = "Value"; Value = "100nF"; VariantName = "[No Variations]"
Add component (AddParameter): Name = "Voltage Rating"; Value = "50V"; VariantName = "[No Variations]"
Added Component: Designator=C2(CAPC0402(1005)33_L)
Add component (AddParameter): Name = "Capacitor Type"; Value = ""; VariantName = "[No Variations]"
Add component (AddParameter): Name = "Case/Package"; Value = "0402"; VariantName = "[No Variations]"
Add component (AddParameter): Name = "Max Operating Temperature"; Value = "85°C"; VariantName = "[No Variations]"
Add component (AddParameter): Name = "Min Operating Temperature"; Value = "-55°C"; VariantName = "[No Variations]"
Add component (AddParameter): Name = "Mounting Technology"; Value = "SMT"; VariantName = "[No Variations]"
Add component (AddParameter): Name = "Pins"; Value = "2"; VariantName = "[No Variations]"
Add component (AddParameter): Name = "Ripple Current"; Value = ""; VariantName = "[No Variations]"
Add component (AddParameter): Name = "Ripple Current (AC)"; Value = ""; VariantName = "[No Variations]"
Add component (AddParameter): Name = "RoHS Compliant"; Value = ""; VariantName = "[No Variations]"
Add component (AddParameter): Name = "Tolerance"; Value = "10%"; VariantName = "[No Variations]"
Add component (AddParameter): Name = "Value"; Value = "1nF"; VariantName = "[No Variations]"
Add component (AddParameter): Name = "Voltage Rating"; Value = "50V"; VariantName = "[No Variations]"
Added Component: Designator=C3(FP-CC0201-BA-IPC_A)
Add component (AddParameter): Name = "Capacitor Type"; Value = ""; VariantName = "[No Variations]"
Add component (AddParameter): Name = "Case/Package"; Value = "0201"; VariantName = "[No Variations]"
Add component (AddParameter): Name = "Max Operating Temperature"; Value = "85°C"; VariantName = "[No Variations]"
Add component (AddParameter): Name = "Min Operating Temperature"; Value = "-55°C"; VariantName = "[No Variations]"
Add component (AddParameter): Name = "Mounting Technology"; Value = "Surface Mount"; VariantName = "[No Variations]"
Add component (AddParameter): Name = "Pins"; Value = ""; VariantName = "[No Variations]"
Add component (AddParameter): Name = "Ripple Current"; Value = ""; VariantName = "[No Variations]"
Add component (AddParameter): Name = "Ripple Current (AC)"; Value = ""; VariantName = "[No Variations]"
Add component (AddParameter): Name = "RoHS Compliant"; Value = ""; VariantName = "[No Variations]"
Add component (AddParameter): Name = "Tolerance"; Value = "10%"; VariantName = "[No Variations]"
Add component (AddParameter): Name = "Value"; Value = "4.7nF"; VariantName = "[No Variations]"
Add component (AddParameter): Name = "Voltage Rating"; Value = "10V"; VariantName = "[No Variations]"
Added Component: Designator=C4(CAPC0603X33X15LL03T05)
Add component (AddParameter): Name = "Capacitor Type"; Value = ""; VariantName = "[No Variations]"
Add component (AddParameter): Name = "Case/Package"; Value = "0201"; VariantName = "[No Variations]"
Add component (AddParameter): Name = "Max Operating Temperature"; Value = "85°C"; VariantName = "[No Variations]"
Add component (AddParameter): Name = "Min Operating Temperature"; Value = "-55°C"; VariantName = "[No Variations]"
Add component (AddParameter): Name = "Mounting Technology"; Value = "Surface Mount"; VariantName = "[No Variations]"
Add component (AddParameter): Name = "Pins"; Value = ""; VariantName = "[No Variations]"
Add component (AddParameter): Name = "Ripple Current"; Value = ""; VariantName = "[No Variations]"
Add component (AddParameter): Name = "Ripple Current (AC)"; Value = ""; VariantName = "[No Variations]"
Add component (AddParameter): Name = "RoHS Compliant"; Value = ""; VariantName = "[No Variations]"
Add component (AddParameter): Name = "Tolerance"; Value = "20%"; VariantName = "[No Variations]"
Add component (AddParameter): Name = "Value"; Value = "1µF"; VariantName = "[No Variations]"
Add component (AddParameter): Name = "Voltage Rating"; Value = ""; VariantName = "[No Variations]"
Added Component: Designator=C5(CAPC0402(1005)60_L)
Add component (AddParameter): Name = "Capacitor Type"; Value = ""; VariantName = "[No Variations]"
Add component (AddParameter): Name = "Case/Package"; Value = "0402"; VariantName = "[No Variations]"
Add component (AddParameter): Name = "Max Operating Temperature"; Value = "85°C"; VariantName = "[No Variations]"
Add component (AddParameter): Name = "Min Operating Temperature"; Value = "-55°C"; VariantName = "[No Variations]"
Add component (AddParameter): Name = "Mounting Technology"; Value = "SMT"; VariantName = "[No Variations]"
Add component (AddParameter): Name = "Pins"; Value = "2"; VariantName = "[No Variations]"
Add component (AddParameter): Name = "Ripple Current"; Value = ""; VariantName = "[No Variations]"
Add component (AddParameter): Name = "Ripple Current (AC)"; Value = ""; VariantName = "[No Variations]"
Add component (AddParameter): Name = "RoHS Compliant"; Value = ""; VariantName = "[No Variations]"
Add component (AddParameter): Name = "Tolerance"; Value = "20%"; VariantName = "[No Variations]"
Add component (AddParameter): Name = "Value"; Value = "100nF"; VariantName = "[No Variations]"
Add component (AddParameter): Name = "Voltage Rating"; Value = "10V"; VariantName = "[No Variations]"
Added Component: Designator=C6(FP-GRM033-0_03-MFG)
Add component (AddParameter): Name = "Capacitor Type"; Value = ""; VariantName = "[No Variations]"
Add component (AddParameter): Name = "Case/Package"; Value = "0201"; VariantName = "[No Variations]"
Add component (AddParameter): Name = "Max Operating Temperature"; Value = "125°C"; VariantName = "[No Variations]"
Add component (AddParameter): Name = "Min Operating Temperature"; Value = "-55°C"; VariantName = "[No Variations]"
Add component (AddParameter): Name = "Mounting Technology"; Value = "Surface Mount"; VariantName = "[No Variations]"
Add component (AddParameter): Name = "Pins"; Value = ""; VariantName = "[No Variations]"
Add component (AddParameter): Name = "Ripple Current"; Value = ""; VariantName = "[No Variations]"
Add component (AddParameter): Name = "Ripple Current (AC)"; Value = ""; VariantName = "[No Variations]"
Add component (AddParameter): Name = "RoHS Compliant"; Value = ""; VariantName = "[No Variations]"
Add component (AddParameter): Name = "Tolerance"; Value = "1%"; VariantName = "[No Variations]"
Add component (AddParameter): Name = "Value"; Value = "10pF"; VariantName = "[No Variations]"
Add component (AddParameter): Name = "Voltage Rating"; Value = "50V"; VariantName = "[No Variations]"
Added Component: Designator=C7(CAPC0402(1005)60_L)
Add component (AddParameter): Name = "Capacitor Type"; Value = ""; VariantName = "[No Variations]"
Add component (AddParameter): Name = "Case/Package"; Value = "0402"; VariantName = "[No Variations]"
Add component (AddParameter): Name = "Max Operating Temperature"; Value = "85°C"; VariantName = "[No Variations]"
Add component (AddParameter): Name = "Min Operating Temperature"; Value = "-55°C"; VariantName = "[No Variations]"
Add component (AddParameter): Name = "Mounting Technology"; Value = "SMT"; VariantName = "[No Variations]"
Add component (AddParameter): Name = "Pins"; Value = "2"; VariantName = "[No Variations]"
Add component (AddParameter): Name = "Ripple Current"; Value = ""; VariantName = "[No Variations]"
Add component (AddParameter): Name = "Ripple Current (AC)"; Value = ""; VariantName = "[No Variations]"
Add component (AddParameter): Name = "RoHS Compliant"; Value = ""; VariantName = "[No Variations]"
Add component (AddParameter): Name = "Tolerance"; Value = "10%"; VariantName = "[No Variations]"
Add component (AddParameter): Name = "Value"; Value = "1µF"; VariantName = "[No Variations]"
Add component (AddParameter): Name = "Voltage Rating"; Value = "10V"; VariantName = "[No Variations]"
Added Component: Designator=C8(CAPC0402(1005)60_L)
Add component (AddParameter): Name = "Capacitor Type"; Value = ""; VariantName = "[No Variations]"
Add component (AddParameter): Name = "Case/Package"; Value = "0402"; VariantName = "[No Variations]"
Add component (AddParameter): Name = "Max Operating Temperature"; Value = "85°C"; VariantName = "[No Variations]"
Add component (AddParameter): Name = "Min Operating Temperature"; Value = "-55°C"; VariantName = "[No Variations]"
Add component (AddParameter): Name = "Mounting Technology"; Value = "SMT"; VariantName = "[No Variations]"
Add component (AddParameter): Name = "Pins"; Value = "2"; VariantName = "[No Variations]"
Add component (AddParameter): Name = "Ripple Current"; Value = ""; VariantName = "[No Variations]"
Add component (AddParameter): Name = "Ripple Current (AC)"; Value = ""; VariantName = "[No Variations]"
Add component (AddParameter): Name = "RoHS Compliant"; Value = ""; VariantName = "[No Variations]"
Add component (AddParameter): Name = "Tolerance"; Value = "10%"; VariantName = "[No Variations]"
Add component (AddParameter): Name = "Value"; Value = "1µF"; VariantName = "[No Variations]"
Add component (AddParameter): Name = "Voltage Rating"; Value = "10V"; VariantName = "[No Variations]"
Added Component: Designator=C9(FP-C0201-AB-IPC_A)
Add component (AddParameter): Name = "Capacitor Type"; Value = ""; VariantName = "[No Variations]"
Add component (AddParameter): Name = "Case/Package"; Value = "0201"; VariantName = "[No Variations]"
Add component (AddParameter): Name = "Max Operating Temperature"; Value = "125°C"; VariantName = "[No Variations]"
Add component (AddParameter): Name = "Min Operating Temperature"; Value = "-55°C"; VariantName = "[No Variations]"
Add component (AddParameter): Name = "Mounting Technology"; Value = "Surface Mount"; VariantName = "[No Variations]"
Add component (AddParameter): Name = "Pins"; Value = ""; VariantName = "[No Variations]"
Add component (AddParameter): Name = "Ripple Current"; Value = ""; VariantName = "[No Variations]"
Add component (AddParameter): Name = "Ripple Current (AC)"; Value = ""; VariantName = "[No Variations]"
Add component (AddParameter): Name = "RoHS Compliant"; Value = ""; VariantName = "[No Variations]"
Add component (AddParameter): Name = "Tolerance"; Value = "5%"; VariantName = "[No Variations]"
Add component (AddParameter): Name = "Value"; Value = "15pF"; VariantName = "[No Variations]"
Add component (AddParameter): Name = "Voltage Rating"; Value = "25V"; VariantName = "[No Variations]"
Added Component: Designator=C10(FP-CC0201-BA-IPC_A)
Add component (AddParameter): Name = "Capacitor Type"; Value = ""; VariantName = "[No Variations]"
Add component (AddParameter): Name = "Case/Package"; Value = "0201"; VariantName = "[No Variations]"
Add component (AddParameter): Name = "Max Operating Temperature"; Value = "85°C"; VariantName = "[No Variations]"
Add component (AddParameter): Name = "Min Operating Temperature"; Value = "-55°C"; VariantName = "[No Variations]"
Add component (AddParameter): Name = "Mounting Technology"; Value = "Surface Mount"; VariantName = "[No Variations]"
Add component (AddParameter): Name = "Pins"; Value = ""; VariantName = "[No Variations]"
Add component (AddParameter): Name = "Ripple Current"; Value = ""; VariantName = "[No Variations]"
Add component (AddParameter): Name = "Ripple Current (AC)"; Value = ""; VariantName = "[No Variations]"
Add component (AddParameter): Name = "RoHS Compliant"; Value = ""; VariantName = "[No Variations]"
Add component (AddParameter): Name = "Tolerance"; Value = ""; VariantName = "[No Variations]"
Add component (AddParameter): Name = "Value"; Value = "2.2µF"; VariantName = "[No Variations]"
Add component (AddParameter): Name = "Voltage Rating"; Value = "10V"; VariantName = "[No Variations]"
Added Component: Designator=C11(FP-GRM035-0_09-IPC_B)
Add component (AddParameter): Name = "Capacitor Type"; Value = ""; VariantName = "[No Variations]"
Add component (AddParameter): Name = "Case/Package"; Value = "0201"; VariantName = "[No Variations]"
Add component (AddParameter): Name = "Max Operating Temperature"; Value = "85°C"; VariantName = "[No Variations]"
Add component (AddParameter): Name = "Min Operating Temperature"; Value = "-55°C"; VariantName = "[No Variations]"
Add component (AddParameter): Name = "Mounting Technology"; Value = "Surface Mount"; VariantName = "[No Variations]"
Add component (AddParameter): Name = "Pins"; Value = ""; VariantName = "[No Variations]"
Add component (AddParameter): Name = "Ripple Current"; Value = ""; VariantName = "[No Variations]"
Add component (AddParameter): Name = "Ripple Current (AC)"; Value = ""; VariantName = "[No Variations]"
Add component (AddParameter): Name = "RoHS Compliant"; Value = ""; VariantName = "[No Variations]"
Add component (AddParameter): Name = "Tolerance"; Value = "20%"; VariantName = "[No Variations]"
Add component (AddParameter): Name = "Value"; Value = "4.7µF"; VariantName = "[No Variations]"
Add component (AddParameter): Name = "Voltage Rating"; Value = "6.3V"; VariantName = "[No Variations]"
Added Component: Designator=C12(FP-GRM035-0_09-IPC_B)
Add component (AddParameter): Name = "Capacitor Type"; Value = ""; VariantName = "[No Variations]"
Add component (AddParameter): Name = "Case/Package"; Value = "0201"; VariantName = "[No Variations]"
Add component (AddParameter): Name = "Max Operating Temperature"; Value = "85°C"; VariantName = "[No Variations]"
Add component (AddParameter): Name = "Min Operating Temperature"; Value = "-55°C"; VariantName = "[No Variations]"
Add component (AddParameter): Name = "Mounting Technology"; Value = "Surface Mount"; VariantName = "[No Variations]"
Add component (AddParameter): Name = "Pins"; Value = ""; VariantName = "[No Variations]"
Add component (AddParameter): Name = "Ripple Current"; Value = ""; VariantName = "[No Variations]"
Add component (AddParameter): Name = "Ripple Current (AC)"; Value = ""; VariantName = "[No Variations]"
Add component (AddParameter): Name = "RoHS Compliant"; Value = ""; VariantName = "[No Variations]"
Add component (AddParameter): Name = "Tolerance"; Value = "20%"; VariantName = "[No Variations]"
Add component (AddParameter): Name = "Value"; Value = "4.7µF"; VariantName = "[No Variations]"
Add component (AddParameter): Name = "Voltage Rating"; Value = "6.3V"; VariantName = "[No Variations]"
Added Component: Designator=C13(CAPC0402(1005)60_L)
Add component (AddParameter): Name = "Capacitor Type"; Value = ""; VariantName = "[No Variations]"
Add component (AddParameter): Name = "Case/Package"; Value = "0402"; VariantName = "[No Variations]"
Add component (AddParameter): Name = "Max Operating Temperature"; Value = "85°C"; VariantName = "[No Variations]"
Add component (AddParameter): Name = "Min Operating Temperature"; Value = "-55°C"; VariantName = "[No Variations]"
Add component (AddParameter): Name = "Mounting Technology"; Value = "SMT"; VariantName = "[No Variations]"
Add component (AddParameter): Name = "Pins"; Value = "2"; VariantName = "[No Variations]"
Add component (AddParameter): Name = "Ripple Current"; Value = ""; VariantName = "[No Variations]"
Add component (AddParameter): Name = "Ripple Current (AC)"; Value = ""; VariantName = "[No Variations]"
Add component (AddParameter): Name = "RoHS Compliant"; Value = ""; VariantName = "[No Variations]"
Add component (AddParameter): Name = "Tolerance"; Value = "20%"; VariantName = "[No Variations]"
Add component (AddParameter): Name = "Value"; Value = "100nF"; VariantName = "[No Variations]"
Add component (AddParameter): Name = "Voltage Rating"; Value = "10V"; VariantName = "[No Variations]"
Added Component: Designator=C14(FP-GRM033-0_03-MFG)
Add component (AddParameter): Name = "Capacitor Type"; Value = ""; VariantName = "[No Variations]"
Add component (AddParameter): Name = "Case/Package"; Value = "0201"; VariantName = "[No Variations]"
Add component (AddParameter): Name = "Max Operating Temperature"; Value = "125°C"; VariantName = "[No Variations]"
Add component (AddParameter): Name = "Min Operating Temperature"; Value = "-55°C"; VariantName = "[No Variations]"
Add component (AddParameter): Name = "Mounting Technology"; Value = "Surface Mount"; VariantName = "[No Variations]"
Add component (AddParameter): Name = "Pins"; Value = ""; VariantName = "[No Variations]"
Add component (AddParameter): Name = "Ripple Current"; Value = ""; VariantName = "[No Variations]"
Add component (AddParameter): Name = "Ripple Current (AC)"; Value = ""; VariantName = "[No Variations]"
Add component (AddParameter): Name = "RoHS Compliant"; Value = ""; VariantName = "[No Variations]"
Add component (AddParameter): Name = "Tolerance"; Value = "1%"; VariantName = "[No Variations]"
Add component (AddParameter): Name = "Value"; Value = "12pF"; VariantName = "[No Variations]"
Add component (AddParameter): Name = "Voltage Rating"; Value = "50V"; VariantName = "[No Variations]"
Added Component: Designator=C15(FP-GRM033-0_03-MFG)
Add component (AddParameter): Name = "Capacitor Type"; Value = ""; VariantName = "[No Variations]"
Add component (AddParameter): Name = "Case/Package"; Value = "0201"; VariantName = "[No Variations]"
Add component (AddParameter): Name = "Max Operating Temperature"; Value = "125°C"; VariantName = "[No Variations]"
Add component (AddParameter): Name = "Min Operating Temperature"; Value = "-55°C"; VariantName = "[No Variations]"
Add component (AddParameter): Name = "Mounting Technology"; Value = "Surface Mount"; VariantName = "[No Variations]"
Add component (AddParameter): Name = "Pins"; Value = ""; VariantName = "[No Variations]"
Add component (AddParameter): Name = "Ripple Current"; Value = ""; VariantName = "[No Variations]"
Add component (AddParameter): Name = "Ripple Current (AC)"; Value = ""; VariantName = "[No Variations]"
Add component (AddParameter): Name = "RoHS Compliant"; Value = ""; VariantName = "[No Variations]"
Add component (AddParameter): Name = "Tolerance"; Value = "1%"; VariantName = "[No Variations]"
Add component (AddParameter): Name = "Value"; Value = "12pF"; VariantName = "[No Variations]"
Add component (AddParameter): Name = "Voltage Rating"; Value = "50V"; VariantName = "[No Variations]"
Added Component: Designator=C16(FP-GRM155-0_2-0_1-IPC_C)
Add component (AddParameter): Name = "Capacitor Type"; Value = ""; VariantName = "[No Variations]"
Add component (AddParameter): Name = "Case/Package"; Value = "0402"; VariantName = "[No Variations]"
Add component (AddParameter): Name = "Max Operating Temperature"; Value = "85°C"; VariantName = "[No Variations]"
Add component (AddParameter): Name = "Min Operating Temperature"; Value = "-55°C"; VariantName = "[No Variations]"
Add component (AddParameter): Name = "Mounting Technology"; Value = "Surface Mount"; VariantName = "[No Variations]"
Add component (AddParameter): Name = "Pins"; Value = ""; VariantName = "[No Variations]"
Add component (AddParameter): Name = "Ripple Current"; Value = ""; VariantName = "[No Variations]"
Add component (AddParameter): Name = "Ripple Current (AC)"; Value = ""; VariantName = "[No Variations]"
Add component (AddParameter): Name = "RoHS Compliant"; Value = ""; VariantName = "[No Variations]"
Add component (AddParameter): Name = "Tolerance"; Value = "20%"; VariantName = "[No Variations]"
Add component (AddParameter): Name = "Value"; Value = "10µF"; VariantName = "[No Variations]"
Add component (AddParameter): Name = "Voltage Rating"; Value = "4V"; VariantName = "[No Variations]"
Added Component: Designator=C17(CAPC0603X33X15LL03T05)
Add component (AddParameter): Name = "Capacitor Type"; Value = ""; VariantName = "[No Variations]"
Add component (AddParameter): Name = "Case/Package"; Value = "0201"; VariantName = "[No Variations]"
Add component (AddParameter): Name = "Max Operating Temperature"; Value = "85°C"; VariantName = "[No Variations]"
Add component (AddParameter): Name = "Min Operating Temperature"; Value = "-55°C"; VariantName = "[No Variations]"
Add component (AddParameter): Name = "Mounting Technology"; Value = "Surface Mount"; VariantName = "[No Variations]"
Add component (AddParameter): Name = "Pins"; Value = ""; VariantName = "[No Variations]"
Add component (AddParameter): Name = "Ripple Current"; Value = ""; VariantName = "[No Variations]"
Add component (AddParameter): Name = "Ripple Current (AC)"; Value = ""; VariantName = "[No Variations]"
Add component (AddParameter): Name = "RoHS Compliant"; Value = ""; VariantName = "[No Variations]"
Add component (AddParameter): Name = "Tolerance"; Value = "20%"; VariantName = "[No Variations]"
Add component (AddParameter): Name = "Value"; Value = "1µF"; VariantName = "[No Variations]"
Add component (AddParameter): Name = "Voltage Rating"; Value = ""; VariantName = "[No Variations]"
Added Component: Designator=C18(CAPC0603X33X15LL03T05)
Add component (AddParameter): Name = "Capacitor Type"; Value = ""; VariantName = "[No Variations]"
Add component (AddParameter): Name = "Case/Package"; Value = "0201"; VariantName = "[No Variations]"
Add component (AddParameter): Name = "Max Operating Temperature"; Value = "85°C"; VariantName = "[No Variations]"
Add component (AddParameter): Name = "Min Operating Temperature"; Value = "-55°C"; VariantName = "[No Variations]"
Add component (AddParameter): Name = "Mounting Technology"; Value = "Surface Mount"; VariantName = "[No Variations]"
Add component (AddParameter): Name = "Pins"; Value = ""; VariantName = "[No Variations]"
Add component (AddParameter): Name = "Ripple Current"; Value = ""; VariantName = "[No Variations]"
Add component (AddParameter): Name = "Ripple Current (AC)"; Value = ""; VariantName = "[No Variations]"
Add component (AddParameter): Name = "RoHS Compliant"; Value = ""; VariantName = "[No Variations]"
Add component (AddParameter): Name = "Tolerance"; Value = "20%"; VariantName = "[No Variations]"
Add component (AddParameter): Name = "Value"; Value = "1µF"; VariantName = "[No Variations]"
Add component (AddParameter): Name = "Voltage Rating"; Value = ""; VariantName = "[No Variations]"
Added Component: Designator=C19(FP-CC0201-BA-IPC_A)
Add component (AddParameter): Name = "Capacitor Type"; Value = ""; VariantName = "[No Variations]"
Add component (AddParameter): Name = "Case/Package"; Value = "0201"; VariantName = "[No Variations]"
Add component (AddParameter): Name = "Max Operating Temperature"; Value = "85°C"; VariantName = "[No Variations]"
Add component (AddParameter): Name = "Min Operating Temperature"; Value = "-55°C"; VariantName = "[No Variations]"
Add component (AddParameter): Name = "Mounting Technology"; Value = "Surface Mount"; VariantName = "[No Variations]"
Add component (AddParameter): Name = "Pins"; Value = ""; VariantName = "[No Variations]"
Add component (AddParameter): Name = "Ripple Current"; Value = ""; VariantName = "[No Variations]"
Add component (AddParameter): Name = "Ripple Current (AC)"; Value = ""; VariantName = "[No Variations]"
Add component (AddParameter): Name = "RoHS Compliant"; Value = ""; VariantName = "[No Variations]"
Add component (AddParameter): Name = "Tolerance"; Value = "10%"; VariantName = "[No Variations]"
Add component (AddParameter): Name = "Value"; Value = "100nF"; VariantName = "[No Variations]"
Add component (AddParameter): Name = "Voltage Rating"; Value = "16V"; VariantName = "[No Variations]"
Added Component: Designator=C20(FP-CC0201-BA-IPC_A)
Add component (AddParameter): Name = "Capacitor Type"; Value = ""; VariantName = "[No Variations]"
Add component (AddParameter): Name = "Case/Package"; Value = "0201"; VariantName = "[No Variations]"
Add component (AddParameter): Name = "Max Operating Temperature"; Value = "85°C"; VariantName = "[No Variations]"
Add component (AddParameter): Name = "Min Operating Temperature"; Value = "-55°C"; VariantName = "[No Variations]"
Add component (AddParameter): Name = "Mounting Technology"; Value = "Surface Mount"; VariantName = "[No Variations]"
Add component (AddParameter): Name = "Pins"; Value = ""; VariantName = "[No Variations]"
Add component (AddParameter): Name = "Ripple Current"; Value = ""; VariantName = "[No Variations]"
Add component (AddParameter): Name = "Ripple Current (AC)"; Value = ""; VariantName = "[No Variations]"
Add component (AddParameter): Name = "RoHS Compliant"; Value = ""; VariantName = "[No Variations]"
Add component (AddParameter): Name = "Tolerance"; Value = "10%"; VariantName = "[No Variations]"
Add component (AddParameter): Name = "Value"; Value = "100nF"; VariantName = "[No Variations]"
Add component (AddParameter): Name = "Voltage Rating"; Value = "16V"; VariantName = "[No Variations]"
Added Component: Designator=C21(FP-0402-L_1_0_0_15-W_0_5-IPC_B)
Add component (AddParameter): Name = "Capacitor Type"; Value = ""; VariantName = "[No Variations]"
Add component (AddParameter): Name = "Case/Package"; Value = "0402"; VariantName = "[No Variations]"
Add component (AddParameter): Name = "Max Operating Temperature"; Value = "85°C"; VariantName = "[No Variations]"
Add component (AddParameter): Name = "Min Operating Temperature"; Value = "-55°C"; VariantName = "[No Variations]"
Add component (AddParameter): Name = "Mounting Technology"; Value = "Surface Mount"; VariantName = "[No Variations]"
Add component (AddParameter): Name = "Pins"; Value = ""; VariantName = "[No Variations]"
Add component (AddParameter): Name = "Ripple Current"; Value = ""; VariantName = "[No Variations]"
Add component (AddParameter): Name = "Ripple Current (AC)"; Value = ""; VariantName = "[No Variations]"
Add component (AddParameter): Name = "RoHS Compliant"; Value = ""; VariantName = "[No Variations]"
Add component (AddParameter): Name = "Tolerance"; Value = "20%"; VariantName = "[No Variations]"
Add component (AddParameter): Name = "Value"; Value = "4.7µF"; VariantName = "[No Variations]"
Add component (AddParameter): Name = "Voltage Rating"; Value = "6.3V"; VariantName = "[No Variations]"
Added Component: Designator=C22(FP-0402-L_1_0_0_15-W_0_5-IPC_B)
Add component (AddParameter): Name = "Capacitor Type"; Value = ""; VariantName = "[No Variations]"
Add component (AddParameter): Name = "Case/Package"; Value = "0402"; VariantName = "[No Variations]"
Add component (AddParameter): Name = "Max Operating Temperature"; Value = "85°C"; VariantName = "[No Variations]"
Add component (AddParameter): Name = "Min Operating Temperature"; Value = "-55°C"; VariantName = "[No Variations]"
Add component (AddParameter): Name = "Mounting Technology"; Value = "Surface Mount"; VariantName = "[No Variations]"
Add component (AddParameter): Name = "Pins"; Value = ""; VariantName = "[No Variations]"
Add component (AddParameter): Name = "Ripple Current"; Value = ""; VariantName = "[No Variations]"
Add component (AddParameter): Name = "Ripple Current (AC)"; Value = ""; VariantName = "[No Variations]"
Add component (AddParameter): Name = "RoHS Compliant"; Value = ""; VariantName = "[No Variations]"
Add component (AddParameter): Name = "Tolerance"; Value = "20%"; VariantName = "[No Variations]"
Add component (AddParameter): Name = "Value"; Value = "4.7µF"; VariantName = "[No Variations]"
Add component (AddParameter): Name = "Voltage Rating"; Value = "6.3V"; VariantName = "[No Variations]"
Added Component: Designator=C23(FP-CC0201-BA-IPC_A)
Add component (AddParameter): Name = "Capacitor Type"; Value = ""; VariantName = "[No Variations]"
Add component (AddParameter): Name = "Case/Package"; Value = "0201"; VariantName = "[No Variations]"
Add component (AddParameter): Name = "Max Operating Temperature"; Value = "85°C"; VariantName = "[No Variations]"
Add component (AddParameter): Name = "Min Operating Temperature"; Value = "-55°C"; VariantName = "[No Variations]"
Add component (AddParameter): Name = "Mounting Technology"; Value = "Surface Mount"; VariantName = "[No Variations]"
Add component (AddParameter): Name = "Pins"; Value = ""; VariantName = "[No Variations]"
Add component (AddParameter): Name = "Ripple Current"; Value = ""; VariantName = "[No Variations]"
Add component (AddParameter): Name = "Ripple Current (AC)"; Value = ""; VariantName = "[No Variations]"
Add component (AddParameter): Name = "RoHS Compliant"; Value = ""; VariantName = "[No Variations]"
Add component (AddParameter): Name = "Tolerance"; Value = "10%"; VariantName = "[No Variations]"
Add component (AddParameter): Name = "Value"; Value = "100nF"; VariantName = "[No Variations]"
Add component (AddParameter): Name = "Voltage Rating"; Value = "16V"; VariantName = "[No Variations]"
Added Component: Designator=C24(FP-GRM186-0_2-IPC_A)
Add component (AddParameter): Name = "Capacitor Type"; Value = ""; VariantName = "[No Variations]"
Add component (AddParameter): Name = "Case/Package"; Value = "0603"; VariantName = "[No Variations]"
Add component (AddParameter): Name = "Max Operating Temperature"; Value = "85°C"; VariantName = "[No Variations]"
Add component (AddParameter): Name = "Min Operating Temperature"; Value = "-55°C"; VariantName = "[No Variations]"
Add component (AddParameter): Name = "Mounting Technology"; Value = "Surface Mount"; VariantName = "[No Variations]"
Add component (AddParameter): Name = "Pins"; Value = ""; VariantName = "[No Variations]"
Add component (AddParameter): Name = "Ripple Current"; Value = ""; VariantName = "[No Variations]"
Add component (AddParameter): Name = "Ripple Current (AC)"; Value = ""; VariantName = "[No Variations]"
Add component (AddParameter): Name = "RoHS Compliant"; Value = ""; VariantName = "[No Variations]"
Add component (AddParameter): Name = "Tolerance"; Value = "20%"; VariantName = "[No Variations]"
Add component (AddParameter): Name = "Value"; Value = "22µF"; VariantName = "[No Variations]"
Add component (AddParameter): Name = "Voltage Rating"; Value = "6.3V"; VariantName = "[No Variations]"
Added Component: Designator=C25(FP-GRM186-0_2-IPC_A)
Add component (AddParameter): Name = "Capacitor Type"; Value = ""; VariantName = "[No Variations]"
Add component (AddParameter): Name = "Case/Package"; Value = "0603"; VariantName = "[No Variations]"
Add component (AddParameter): Name = "Max Operating Temperature"; Value = "85°C"; VariantName = "[No Variations]"
Add component (AddParameter): Name = "Min Operating Temperature"; Value = "-55°C"; VariantName = "[No Variations]"
Add component (AddParameter): Name = "Mounting Technology"; Value = "Surface Mount"; VariantName = "[No Variations]"
Add component (AddParameter): Name = "Pins"; Value = ""; VariantName = "[No Variations]"
Add component (AddParameter): Name = "Ripple Current"; Value = ""; VariantName = "[No Variations]"
Add component (AddParameter): Name = "Ripple Current (AC)"; Value = ""; VariantName = "[No Variations]"
Add component (AddParameter): Name = "RoHS Compliant"; Value = ""; VariantName = "[No Variations]"
Add component (AddParameter): Name = "Tolerance"; Value = "20%"; VariantName = "[No Variations]"
Add component (AddParameter): Name = "Value"; Value = "22µF"; VariantName = "[No Variations]"
Add component (AddParameter): Name = "Voltage Rating"; Value = "6.3V"; VariantName = "[No Variations]"
Added Component: Designator=C26(FP-GRM155-0_2-0_1-IPC_C)
Add component (AddParameter): Name = "Capacitor Type"; Value = ""; VariantName = "[No Variations]"
Add component (AddParameter): Name = "Case/Package"; Value = "0402"; VariantName = "[No Variations]"
Add component (AddParameter): Name = "Max Operating Temperature"; Value = "85°C"; VariantName = "[No Variations]"
Add component (AddParameter): Name = "Min Operating Temperature"; Value = "-55°C"; VariantName = "[No Variations]"
Add component (AddParameter): Name = "Mounting Technology"; Value = "Surface Mount"; VariantName = "[No Variations]"
Add component (AddParameter): Name = "Pins"; Value = ""; VariantName = "[No Variations]"
Add component (AddParameter): Name = "Ripple Current"; Value = ""; VariantName = "[No Variations]"
Add component (AddParameter): Name = "Ripple Current (AC)"; Value = ""; VariantName = "[No Variations]"
Add component (AddParameter): Name = "RoHS Compliant"; Value = ""; VariantName = "[No Variations]"
Add component (AddParameter): Name = "Tolerance"; Value = "20%"; VariantName = "[No Variations]"
Add component (AddParameter): Name = "Value"; Value = "10µF"; VariantName = "[No Variations]"
Add component (AddParameter): Name = "Voltage Rating"; Value = "4V"; VariantName = "[No Variations]"
Added Component: Designator=C27(FP-CC0201-BA-IPC_A)
Add component (AddParameter): Name = "Capacitor Type"; Value = ""; VariantName = "[No Variations]"
Add component (AddParameter): Name = "Case/Package"; Value = "0201"; VariantName = "[No Variations]"
Add component (AddParameter): Name = "Max Operating Temperature"; Value = "85°C"; VariantName = "[No Variations]"
Add component (AddParameter): Name = "Min Operating Temperature"; Value = "-55°C"; VariantName = "[No Variations]"
Add component (AddParameter): Name = "Mounting Technology"; Value = "Surface Mount"; VariantName = "[No Variations]"
Add component (AddParameter): Name = "Pins"; Value = ""; VariantName = "[No Variations]"
Add component (AddParameter): Name = "Ripple Current"; Value = ""; VariantName = "[No Variations]"
Add component (AddParameter): Name = "Ripple Current (AC)"; Value = ""; VariantName = "[No Variations]"
Add component (AddParameter): Name = "RoHS Compliant"; Value = ""; VariantName = "[No Variations]"
Add component (AddParameter): Name = "Tolerance"; Value = "10%"; VariantName = "[No Variations]"
Add component (AddParameter): Name = "Value"; Value = "100nF"; VariantName = "[No Variations]"
Add component (AddParameter): Name = "Voltage Rating"; Value = "16V"; VariantName = "[No Variations]"
Added Component: Designator=C28(FP-CC0201-BA-IPC_A)
Add component (AddParameter): Name = "Capacitor Type"; Value = ""; VariantName = "[No Variations]"
Add component (AddParameter): Name = "Case/Package"; Value = "0201"; VariantName = "[No Variations]"
Add component (AddParameter): Name = "Max Operating Temperature"; Value = "85°C"; VariantName = "[No Variations]"
Add component (AddParameter): Name = "Min Operating Temperature"; Value = "-55°C"; VariantName = "[No Variations]"
Add component (AddParameter): Name = "Mounting Technology"; Value = "Surface Mount"; VariantName = "[No Variations]"
Add component (AddParameter): Name = "Pins"; Value = ""; VariantName = "[No Variations]"
Add component (AddParameter): Name = "Ripple Current"; Value = ""; VariantName = "[No Variations]"
Add component (AddParameter): Name = "Ripple Current (AC)"; Value = ""; VariantName = "[No Variations]"
Add component (AddParameter): Name = "RoHS Compliant"; Value = ""; VariantName = "[No Variations]"
Add component (AddParameter): Name = "Tolerance"; Value = "10%"; VariantName = "[No Variations]"
Add component (AddParameter): Name = "Value"; Value = "100nF"; VariantName = "[No Variations]"
Add component (AddParameter): Name = "Voltage Rating"; Value = "16V"; VariantName = "[No Variations]"
Added Component: Designator=C29(FP-CC0201-BA-IPC_A)
Add component (AddParameter): Name = "Capacitor Type"; Value = ""; VariantName = "[No Variations]"
Add component (AddParameter): Name = "Case/Package"; Value = "0201"; VariantName = "[No Variations]"
Add component (AddParameter): Name = "Max Operating Temperature"; Value = "85°C"; VariantName = "[No Variations]"
Add component (AddParameter): Name = "Min Operating Temperature"; Value = "-55°C"; VariantName = "[No Variations]"
Add component (AddParameter): Name = "Mounting Technology"; Value = "Surface Mount"; VariantName = "[No Variations]"
Add component (AddParameter): Name = "Pins"; Value = ""; VariantName = "[No Variations]"
Add component (AddParameter): Name = "Ripple Current"; Value = ""; VariantName = "[No Variations]"
Add component (AddParameter): Name = "Ripple Current (AC)"; Value = ""; VariantName = "[No Variations]"
Add component (AddParameter): Name = "RoHS Compliant"; Value = ""; VariantName = "[No Variations]"
Add component (AddParameter): Name = "Tolerance"; Value = "10%"; VariantName = "[No Variations]"
Add component (AddParameter): Name = "Value"; Value = "100nF"; VariantName = "[No Variations]"
Add component (AddParameter): Name = "Voltage Rating"; Value = "16V"; VariantName = "[No Variations]"
Added Component: Designator=C30(FP-CC0201-BA-IPC_A)
Add component (AddParameter): Name = "Capacitor Type"; Value = ""; VariantName = "[No Variations]"
Add component (AddParameter): Name = "Case/Package"; Value = "0201"; VariantName = "[No Variations]"
Add component (AddParameter): Name = "Max Operating Temperature"; Value = "85°C"; VariantName = "[No Variations]"
Add component (AddParameter): Name = "Min Operating Temperature"; Value = "-55°C"; VariantName = "[No Variations]"
Add component (AddParameter): Name = "Mounting Technology"; Value = "Surface Mount"; VariantName = "[No Variations]"
Add component (AddParameter): Name = "Pins"; Value = ""; VariantName = "[No Variations]"
Add component (AddParameter): Name = "Ripple Current"; Value = ""; VariantName = "[No Variations]"
Add component (AddParameter): Name = "Ripple Current (AC)"; Value = ""; VariantName = "[No Variations]"
Add component (AddParameter): Name = "RoHS Compliant"; Value = ""; VariantName = "[No Variations]"
Add component (AddParameter): Name = "Tolerance"; Value = "10%"; VariantName = "[No Variations]"
Add component (AddParameter): Name = "Value"; Value = "100nF"; VariantName = "[No Variations]"
Add component (AddParameter): Name = "Voltage Rating"; Value = "16V"; VariantName = "[No Variations]"
Added Component: Designator=C31(FP-CC0201-BA-IPC_A)
Add component (AddParameter): Name = "Capacitor Type"; Value = ""; VariantName = "[No Variations]"
Add component (AddParameter): Name = "Case/Package"; Value = "0201"; VariantName = "[No Variations]"
Add component (AddParameter): Name = "Max Operating Temperature"; Value = "85°C"; VariantName = "[No Variations]"
Add component (AddParameter): Name = "Min Operating Temperature"; Value = "-55°C"; VariantName = "[No Variations]"
Add component (AddParameter): Name = "Mounting Technology"; Value = "Surface Mount"; VariantName = "[No Variations]"
Add component (AddParameter): Name = "Pins"; Value = ""; VariantName = "[No Variations]"
Add component (AddParameter): Name = "Ripple Current"; Value = ""; VariantName = "[No Variations]"
Add component (AddParameter): Name = "Ripple Current (AC)"; Value = ""; VariantName = "[No Variations]"
Add component (AddParameter): Name = "RoHS Compliant"; Value = ""; VariantName = "[No Variations]"
Add component (AddParameter): Name = "Tolerance"; Value = "10%"; VariantName = "[No Variations]"
Add component (AddParameter): Name = "Value"; Value = "100nF"; VariantName = "[No Variations]"
Add component (AddParameter): Name = "Voltage Rating"; Value = "16V"; VariantName = "[No Variations]"
Added Component: Designator=C32(CAPC0603X33X15LL03T05)
Add component (AddParameter): Name = "Capacitor Type"; Value = ""; VariantName = "[No Variations]"
Add component (AddParameter): Name = "Case/Package"; Value = "0201"; VariantName = "[No Variations]"
Add component (AddParameter): Name = "Max Operating Temperature"; Value = "85°C"; VariantName = "[No Variations]"
Add component (AddParameter): Name = "Min Operating Temperature"; Value = "-55°C"; VariantName = "[No Variations]"
Add component (AddParameter): Name = "Mounting Technology"; Value = "Surface Mount"; VariantName = "[No Variations]"
Add component (AddParameter): Name = "Pins"; Value = ""; VariantName = "[No Variations]"
Add component (AddParameter): Name = "Ripple Current"; Value = ""; VariantName = "[No Variations]"
Add component (AddParameter): Name = "Ripple Current (AC)"; Value = ""; VariantName = "[No Variations]"
Add component (AddParameter): Name = "RoHS Compliant"; Value = ""; VariantName = "[No Variations]"
Add component (AddParameter): Name = "Tolerance"; Value = "20%"; VariantName = "[No Variations]"
Add component (AddParameter): Name = "Value"; Value = "1µF"; VariantName = "[No Variations]"
Add component (AddParameter): Name = "Voltage Rating"; Value = ""; VariantName = "[No Variations]"
Added Component: Designator=C33(CAPC0603X33X15LL03T05)
Add component (AddParameter): Name = "Capacitor Type"; Value = ""; VariantName = "[No Variations]"
Add component (AddParameter): Name = "Case/Package"; Value = "0201"; VariantName = "[No Variations]"
Add component (AddParameter): Name = "Max Operating Temperature"; Value = "85°C"; VariantName = "[No Variations]"
Add component (AddParameter): Name = "Min Operating Temperature"; Value = "-55°C"; VariantName = "[No Variations]"
Add component (AddParameter): Name = "Mounting Technology"; Value = "Surface Mount"; VariantName = "[No Variations]"
Add component (AddParameter): Name = "Pins"; Value = ""; VariantName = "[No Variations]"
Add component (AddParameter): Name = "Ripple Current"; Value = ""; VariantName = "[No Variations]"
Add component (AddParameter): Name = "Ripple Current (AC)"; Value = ""; VariantName = "[No Variations]"
Add component (AddParameter): Name = "RoHS Compliant"; Value = ""; VariantName = "[No Variations]"
Add component (AddParameter): Name = "Tolerance"; Value = "20%"; VariantName = "[No Variations]"
Add component (AddParameter): Name = "Value"; Value = "1µF"; VariantName = "[No Variations]"
Add component (AddParameter): Name = "Voltage Rating"; Value = ""; VariantName = "[No Variations]"
Added Component: Designator=C34(FP-GRM155-0_2-0_1-IPC_C)
Add component (AddParameter): Name = "Capacitor Type"; Value = ""; VariantName = "[No Variations]"
Add component (AddParameter): Name = "Case/Package"; Value = "0402"; VariantName = "[No Variations]"
Add component (AddParameter): Name = "Max Operating Temperature"; Value = "85°C"; VariantName = "[No Variations]"
Add component (AddParameter): Name = "Min Operating Temperature"; Value = "-55°C"; VariantName = "[No Variations]"
Add component (AddParameter): Name = "Mounting Technology"; Value = "Surface Mount"; VariantName = "[No Variations]"
Add component (AddParameter): Name = "Pins"; Value = ""; VariantName = "[No Variations]"
Add component (AddParameter): Name = "Ripple Current"; Value = ""; VariantName = "[No Variations]"
Add component (AddParameter): Name = "Ripple Current (AC)"; Value = ""; VariantName = "[No Variations]"
Add component (AddParameter): Name = "RoHS Compliant"; Value = ""; VariantName = "[No Variations]"
Add component (AddParameter): Name = "Tolerance"; Value = "20%"; VariantName = "[No Variations]"
Add component (AddParameter): Name = "Value"; Value = "10µF"; VariantName = "[No Variations]"
Add component (AddParameter): Name = "Voltage Rating"; Value = "4V"; VariantName = "[No Variations]"
Added Component: Designator=C35(FP-GRM155-0_2-0_1-IPC_C)
Add component (AddParameter): Name = "Capacitor Type"; Value = ""; VariantName = "[No Variations]"
Add component (AddParameter): Name = "Case/Package"; Value = "0402"; VariantName = "[No Variations]"
Add component (AddParameter): Name = "Max Operating Temperature"; Value = "85°C"; VariantName = "[No Variations]"
Add component (AddParameter): Name = "Min Operating Temperature"; Value = "-55°C"; VariantName = "[No Variations]"
Add component (AddParameter): Name = "Mounting Technology"; Value = "Surface Mount"; VariantName = "[No Variations]"
Add component (AddParameter): Name = "Pins"; Value = ""; VariantName = "[No Variations]"
Add component (AddParameter): Name = "Ripple Current"; Value = ""; VariantName = "[No Variations]"
Add component (AddParameter): Name = "Ripple Current (AC)"; Value = ""; VariantName = "[No Variations]"
Add component (AddParameter): Name = "RoHS Compliant"; Value = ""; VariantName = "[No Variations]"
Add component (AddParameter): Name = "Tolerance"; Value = "20%"; VariantName = "[No Variations]"
Add component (AddParameter): Name = "Value"; Value = "10µF"; VariantName = "[No Variations]"
Add component (AddParameter): Name = "Voltage Rating"; Value = "4V"; VariantName = "[No Variations]"
Added Component: Designator=C36(FP-0402-L_1_0_0_15-W_0_5-IPC_B)
Add component (AddParameter): Name = "Capacitor Type"; Value = ""; VariantName = "[No Variations]"
Add component (AddParameter): Name = "Case/Package"; Value = "0402"; VariantName = "[No Variations]"
Add component (AddParameter): Name = "Max Operating Temperature"; Value = "85°C"; VariantName = "[No Variations]"
Add component (AddParameter): Name = "Min Operating Temperature"; Value = "-55°C"; VariantName = "[No Variations]"
Add component (AddParameter): Name = "Mounting Technology"; Value = "Surface Mount"; VariantName = "[No Variations]"
Add component (AddParameter): Name = "Pins"; Value = ""; VariantName = "[No Variations]"
Add component (AddParameter): Name = "Ripple Current"; Value = ""; VariantName = "[No Variations]"
Add component (AddParameter): Name = "Ripple Current (AC)"; Value = ""; VariantName = "[No Variations]"
Add component (AddParameter): Name = "RoHS Compliant"; Value = ""; VariantName = "[No Variations]"
Add component (AddParameter): Name = "Tolerance"; Value = "20%"; VariantName = "[No Variations]"
Add component (AddParameter): Name = "Value"; Value = "4.7µF"; VariantName = "[No Variations]"
Add component (AddParameter): Name = "Voltage Rating"; Value = "6.3V"; VariantName = "[No Variations]"
Added Component: Designator=C37(CAPC0603X33X15LL03T05)
Add component (AddParameter): Name = "Capacitor Type"; Value = ""; VariantName = "[No Variations]"
Add component (AddParameter): Name = "Case/Package"; Value = "0201"; VariantName = "[No Variations]"
Add component (AddParameter): Name = "Max Operating Temperature"; Value = "85°C"; VariantName = "[No Variations]"
Add component (AddParameter): Name = "Min Operating Temperature"; Value = "-55°C"; VariantName = "[No Variations]"
Add component (AddParameter): Name = "Mounting Technology"; Value = "Surface Mount"; VariantName = "[No Variations]"
Add component (AddParameter): Name = "Pins"; Value = ""; VariantName = "[No Variations]"
Add component (AddParameter): Name = "Ripple Current"; Value = ""; VariantName = "[No Variations]"
Add component (AddParameter): Name = "Ripple Current (AC)"; Value = ""; VariantName = "[No Variations]"
Add component (AddParameter): Name = "RoHS Compliant"; Value = ""; VariantName = "[No Variations]"
Add component (AddParameter): Name = "Tolerance"; Value = "20%"; VariantName = "[No Variations]"
Add component (AddParameter): Name = "Value"; Value = "1µF"; VariantName = "[No Variations]"
Add component (AddParameter): Name = "Voltage Rating"; Value = ""; VariantName = "[No Variations]"
Added Component: Designator=C38(FP-CC0201-BA-IPC_A)
Add component (AddParameter): Name = "Capacitor Type"; Value = ""; VariantName = "[No Variations]"
Add component (AddParameter): Name = "Case/Package"; Value = "0201"; VariantName = "[No Variations]"
Add component (AddParameter): Name = "Max Operating Temperature"; Value = "85°C"; VariantName = "[No Variations]"
Add component (AddParameter): Name = "Min Operating Temperature"; Value = "-55°C"; VariantName = "[No Variations]"
Add component (AddParameter): Name = "Mounting Technology"; Value = "Surface Mount"; VariantName = "[No Variations]"
Add component (AddParameter): Name = "Pins"; Value = ""; VariantName = "[No Variations]"
Add component (AddParameter): Name = "Ripple Current"; Value = ""; VariantName = "[No Variations]"
Add component (AddParameter): Name = "Ripple Current (AC)"; Value = ""; VariantName = "[No Variations]"
Add component (AddParameter): Name = "RoHS Compliant"; Value = ""; VariantName = "[No Variations]"
Add component (AddParameter): Name = "Tolerance"; Value = "10%"; VariantName = "[No Variations]"
Add component (AddParameter): Name = "Value"; Value = "100nF"; VariantName = "[No Variations]"
Add component (AddParameter): Name = "Voltage Rating"; Value = "16V"; VariantName = "[No Variations]"
Added Component: Designator=C39(FP-CC0201-BA-IPC_A)
Add component (AddParameter): Name = "Capacitor Type"; Value = ""; VariantName = "[No Variations]"
Add component (AddParameter): Name = "Case/Package"; Value = "0201"; VariantName = "[No Variations]"
Add component (AddParameter): Name = "Max Operating Temperature"; Value = "85°C"; VariantName = "[No Variations]"
Add component (AddParameter): Name = "Min Operating Temperature"; Value = "-55°C"; VariantName = "[No Variations]"
Add component (AddParameter): Name = "Mounting Technology"; Value = "Surface Mount"; VariantName = "[No Variations]"
Add component (AddParameter): Name = "Pins"; Value = ""; VariantName = "[No Variations]"
Add component (AddParameter): Name = "Ripple Current"; Value = ""; VariantName = "[No Variations]"
Add component (AddParameter): Name = "Ripple Current (AC)"; Value = ""; VariantName = "[No Variations]"
Add component (AddParameter): Name = "RoHS Compliant"; Value = ""; VariantName = "[No Variations]"
Add component (AddParameter): Name = "Tolerance"; Value = "10%"; VariantName = "[No Variations]"
Add component (AddParameter): Name = "Value"; Value = "100nF"; VariantName = "[No Variations]"
Add component (AddParameter): Name = "Voltage Rating"; Value = "16V"; VariantName = "[No Variations]"
Added Component: Designator=C40(FP-CC0201-BA-IPC_A)
Add component (AddParameter): Name = "Capacitor Type"; Value = ""; VariantName = "[No Variations]"
Add component (AddParameter): Name = "Case/Package"; Value = "0201"; VariantName = "[No Variations]"
Add component (AddParameter): Name = "Max Operating Temperature"; Value = "85°C"; VariantName = "[No Variations]"
Add component (AddParameter): Name = "Min Operating Temperature"; Value = "-55°C"; VariantName = "[No Variations]"
Add component (AddParameter): Name = "Mounting Technology"; Value = "Surface Mount"; VariantName = "[No Variations]"
Add component (AddParameter): Name = "Pins"; Value = ""; VariantName = "[No Variations]"
Add component (AddParameter): Name = "Ripple Current"; Value = ""; VariantName = "[No Variations]"
Add component (AddParameter): Name = "Ripple Current (AC)"; Value = ""; VariantName = "[No Variations]"
Add component (AddParameter): Name = "RoHS Compliant"; Value = ""; VariantName = "[No Variations]"
Add component (AddParameter): Name = "Tolerance"; Value = "10%"; VariantName = "[No Variations]"
Add component (AddParameter): Name = "Value"; Value = "100nF"; VariantName = "[No Variations]"
Add component (AddParameter): Name = "Voltage Rating"; Value = "16V"; VariantName = "[No Variations]"
Added Component: Designator=C41(FP-GRM186-0_2-IPC_A)
Add component (AddParameter): Name = "Capacitor Type"; Value = ""; VariantName = "[No Variations]"
Add component (AddParameter): Name = "Case/Package"; Value = "0603"; VariantName = "[No Variations]"
Add component (AddParameter): Name = "Max Operating Temperature"; Value = "85°C"; VariantName = "[No Variations]"
Add component (AddParameter): Name = "Min Operating Temperature"; Value = "-55°C"; VariantName = "[No Variations]"
Add component (AddParameter): Name = "Mounting Technology"; Value = "Surface Mount"; VariantName = "[No Variations]"
Add component (AddParameter): Name = "Pins"; Value = ""; VariantName = "[No Variations]"
Add component (AddParameter): Name = "Ripple Current"; Value = ""; VariantName = "[No Variations]"
Add component (AddParameter): Name = "Ripple Current (AC)"; Value = ""; VariantName = "[No Variations]"
Add component (AddParameter): Name = "RoHS Compliant"; Value = ""; VariantName = "[No Variations]"
Add component (AddParameter): Name = "Tolerance"; Value = "20%"; VariantName = "[No Variations]"
Add component (AddParameter): Name = "Value"; Value = "22µF"; VariantName = "[No Variations]"
Add component (AddParameter): Name = "Voltage Rating"; Value = "6.3V"; VariantName = "[No Variations]"
Added Component: Designator=C42(FP-GRM155-0_2-0_1-IPC_C)
Add component (AddParameter): Name = "Capacitor Type"; Value = ""; VariantName = "[No Variations]"
Add component (AddParameter): Name = "Case/Package"; Value = "0402"; VariantName = "[No Variations]"
Add component (AddParameter): Name = "Max Operating Temperature"; Value = "85°C"; VariantName = "[No Variations]"
Add component (AddParameter): Name = "Min Operating Temperature"; Value = "-55°C"; VariantName = "[No Variations]"
Add component (AddParameter): Name = "Mounting Technology"; Value = "Surface Mount"; VariantName = "[No Variations]"
Add component (AddParameter): Name = "Pins"; Value = ""; VariantName = "[No Variations]"
Add component (AddParameter): Name = "Ripple Current"; Value = ""; VariantName = "[No Variations]"
Add component (AddParameter): Name = "Ripple Current (AC)"; Value = ""; VariantName = "[No Variations]"
Add component (AddParameter): Name = "RoHS Compliant"; Value = ""; VariantName = "[No Variations]"
Add component (AddParameter): Name = "Tolerance"; Value = "20%"; VariantName = "[No Variations]"
Add component (AddParameter): Name = "Value"; Value = "10µF"; VariantName = "[No Variations]"
Add component (AddParameter): Name = "Voltage Rating"; Value = "4V"; VariantName = "[No Variations]"
Added Component: Designator=C43(FP-0402-L_1_0_0_15-W_0_5-IPC_B)
Add component (AddParameter): Name = "Capacitor Type"; Value = ""; VariantName = "[No Variations]"
Add component (AddParameter): Name = "Case/Package"; Value = "0402"; VariantName = "[No Variations]"
Add component (AddParameter): Name = "Max Operating Temperature"; Value = "85°C"; VariantName = "[No Variations]"
Add component (AddParameter): Name = "Min Operating Temperature"; Value = "-55°C"; VariantName = "[No Variations]"
Add component (AddParameter): Name = "Mounting Technology"; Value = "Surface Mount"; VariantName = "[No Variations]"
Add component (AddParameter): Name = "Pins"; Value = ""; VariantName = "[No Variations]"
Add component (AddParameter): Name = "Ripple Current"; Value = ""; VariantName = "[No Variations]"
Add component (AddParameter): Name = "Ripple Current (AC)"; Value = ""; VariantName = "[No Variations]"
Add component (AddParameter): Name = "RoHS Compliant"; Value = ""; VariantName = "[No Variations]"
Add component (AddParameter): Name = "Tolerance"; Value = "20%"; VariantName = "[No Variations]"
Add component (AddParameter): Name = "Value"; Value = "4.7µF"; VariantName = "[No Variations]"
Add component (AddParameter): Name = "Voltage Rating"; Value = "6.3V"; VariantName = "[No Variations]"
Added Component: Designator=C44(CAPC0603X33X15LL03T05)
Add component (AddParameter): Name = "Capacitor Type"; Value = ""; VariantName = "[No Variations]"
Add component (AddParameter): Name = "Case/Package"; Value = "0201"; VariantName = "[No Variations]"
Add component (AddParameter): Name = "Max Operating Temperature"; Value = "85°C"; VariantName = "[No Variations]"
Add component (AddParameter): Name = "Min Operating Temperature"; Value = "-55°C"; VariantName = "[No Variations]"
Add component (AddParameter): Name = "Mounting Technology"; Value = "Surface Mount"; VariantName = "[No Variations]"
Add component (AddParameter): Name = "Pins"; Value = ""; VariantName = "[No Variations]"
Add component (AddParameter): Name = "Ripple Current"; Value = ""; VariantName = "[No Variations]"
Add component (AddParameter): Name = "Ripple Current (AC)"; Value = ""; VariantName = "[No Variations]"
Add component (AddParameter): Name = "RoHS Compliant"; Value = ""; VariantName = "[No Variations]"
Add component (AddParameter): Name = "Tolerance"; Value = "20%"; VariantName = "[No Variations]"
Add component (AddParameter): Name = "Value"; Value = "1µF"; VariantName = "[No Variations]"
Add component (AddParameter): Name = "Voltage Rating"; Value = ""; VariantName = "[No Variations]"
Added Component: Designator=C45(CAPC0603X33X15LL03T05)
Add component (AddParameter): Name = "Capacitor Type"; Value = ""; VariantName = "[No Variations]"
Add component (AddParameter): Name = "Case/Package"; Value = "0201"; VariantName = "[No Variations]"
Add component (AddParameter): Name = "Max Operating Temperature"; Value = "85°C"; VariantName = "[No Variations]"
Add component (AddParameter): Name = "Min Operating Temperature"; Value = "-55°C"; VariantName = "[No Variations]"
Add component (AddParameter): Name = "Mounting Technology"; Value = "Surface Mount"; VariantName = "[No Variations]"
Add component (AddParameter): Name = "Pins"; Value = ""; VariantName = "[No Variations]"
Add component (AddParameter): Name = "Ripple Current"; Value = ""; VariantName = "[No Variations]"
Add component (AddParameter): Name = "Ripple Current (AC)"; Value = ""; VariantName = "[No Variations]"
Add component (AddParameter): Name = "RoHS Compliant"; Value = ""; VariantName = "[No Variations]"
Add component (AddParameter): Name = "Tolerance"; Value = "20%"; VariantName = "[No Variations]"
Add component (AddParameter): Name = "Value"; Value = "1µF"; VariantName = "[No Variations]"
Add component (AddParameter): Name = "Voltage Rating"; Value = ""; VariantName = "[No Variations]"
Added Component: Designator=C46(CAPC0603X33X15LL03T05)
Add component (AddParameter): Name = "Capacitor Type"; Value = ""; VariantName = "[No Variations]"
Add component (AddParameter): Name = "Case/Package"; Value = "0201"; VariantName = "[No Variations]"
Add component (AddParameter): Name = "Max Operating Temperature"; Value = "85°C"; VariantName = "[No Variations]"
Add component (AddParameter): Name = "Min Operating Temperature"; Value = "-55°C"; VariantName = "[No Variations]"
Add component (AddParameter): Name = "Mounting Technology"; Value = "Surface Mount"; VariantName = "[No Variations]"
Add component (AddParameter): Name = "Pins"; Value = ""; VariantName = "[No Variations]"
Add component (AddParameter): Name = "Ripple Current"; Value = ""; VariantName = "[No Variations]"
Add component (AddParameter): Name = "Ripple Current (AC)"; Value = ""; VariantName = "[No Variations]"
Add component (AddParameter): Name = "RoHS Compliant"; Value = ""; VariantName = "[No Variations]"
Add component (AddParameter): Name = "Tolerance"; Value = "20%"; VariantName = "[No Variations]"
Add component (AddParameter): Name = "Value"; Value = "1µF"; VariantName = "[No Variations]"
Add component (AddParameter): Name = "Voltage Rating"; Value = ""; VariantName = "[No Variations]"
Added Component: Designator=C47(FP-CC0201-BA-IPC_A)
Add component (AddParameter): Name = "Capacitor Type"; Value = ""; VariantName = "[No Variations]"
Add component (AddParameter): Name = "Case/Package"; Value = "0201"; VariantName = "[No Variations]"
Add component (AddParameter): Name = "Max Operating Temperature"; Value = "85°C"; VariantName = "[No Variations]"
Add component (AddParameter): Name = "Min Operating Temperature"; Value = "-55°C"; VariantName = "[No Variations]"
Add component (AddParameter): Name = "Mounting Technology"; Value = "Surface Mount"; VariantName = "[No Variations]"
Add component (AddParameter): Name = "Pins"; Value = ""; VariantName = "[No Variations]"
Add component (AddParameter): Name = "Ripple Current"; Value = ""; VariantName = "[No Variations]"
Add component (AddParameter): Name = "Ripple Current (AC)"; Value = ""; VariantName = "[No Variations]"
Add component (AddParameter): Name = "RoHS Compliant"; Value = ""; VariantName = "[No Variations]"
Add component (AddParameter): Name = "Tolerance"; Value = "10%"; VariantName = "[No Variations]"
Add component (AddParameter): Name = "Value"; Value = "100nF"; VariantName = "[No Variations]"
Add component (AddParameter): Name = "Voltage Rating"; Value = "16V"; VariantName = "[No Variations]"
Added Component: Designator=C48(FP-CC0201-BA-IPC_A)
Add component (AddParameter): Name = "Capacitor Type"; Value = ""; VariantName = "[No Variations]"
Add component (AddParameter): Name = "Case/Package"; Value = "0201"; VariantName = "[No Variations]"
Add component (AddParameter): Name = "Max Operating Temperature"; Value = "85°C"; VariantName = "[No Variations]"
Add component (AddParameter): Name = "Min Operating Temperature"; Value = "-55°C"; VariantName = "[No Variations]"
Add component (AddParameter): Name = "Mounting Technology"; Value = "Surface Mount"; VariantName = "[No Variations]"
Add component (AddParameter): Name = "Pins"; Value = ""; VariantName = "[No Variations]"
Add component (AddParameter): Name = "Ripple Current"; Value = ""; VariantName = "[No Variations]"
Add component (AddParameter): Name = "Ripple Current (AC)"; Value = ""; VariantName = "[No Variations]"
Add component (AddParameter): Name = "RoHS Compliant"; Value = ""; VariantName = "[No Variations]"
Add component (AddParameter): Name = "Tolerance"; Value = "10%"; VariantName = "[No Variations]"
Add component (AddParameter): Name = "Value"; Value = "100nF"; VariantName = "[No Variations]"
Add component (AddParameter): Name = "Voltage Rating"; Value = "16V"; VariantName = "[No Variations]"
Added Component: Designator=C49(FP-CC0201-BA-IPC_A)
Add component (AddParameter): Name = "Capacitor Type"; Value = ""; VariantName = "[No Variations]"
Add component (AddParameter): Name = "Case/Package"; Value = "0201"; VariantName = "[No Variations]"
Add component (AddParameter): Name = "Max Operating Temperature"; Value = "85°C"; VariantName = "[No Variations]"
Add component (AddParameter): Name = "Min Operating Temperature"; Value = "-55°C"; VariantName = "[No Variations]"
Add component (AddParameter): Name = "Mounting Technology"; Value = "Surface Mount"; VariantName = "[No Variations]"
Add component (AddParameter): Name = "Pins"; Value = ""; VariantName = "[No Variations]"
Add component (AddParameter): Name = "Ripple Current"; Value = ""; VariantName = "[No Variations]"
Add component (AddParameter): Name = "Ripple Current (AC)"; Value = ""; VariantName = "[No Variations]"
Add component (AddParameter): Name = "RoHS Compliant"; Value = ""; VariantName = "[No Variations]"
Add component (AddParameter): Name = "Tolerance"; Value = "10%"; VariantName = "[No Variations]"
Add component (AddParameter): Name = "Value"; Value = "100nF"; VariantName = "[No Variations]"
Add component (AddParameter): Name = "Voltage Rating"; Value = "16V"; VariantName = "[No Variations]"
Added Component: Designator=C50(FP-CC0201-BA-IPC_A)
Add component (AddParameter): Name = "Capacitor Type"; Value = ""; VariantName = "[No Variations]"
Add component (AddParameter): Name = "Case/Package"; Value = "0201"; VariantName = "[No Variations]"
Add component (AddParameter): Name = "Max Operating Temperature"; Value = "85°C"; VariantName = "[No Variations]"
Add component (AddParameter): Name = "Min Operating Temperature"; Value = "-55°C"; VariantName = "[No Variations]"
Add component (AddParameter): Name = "Mounting Technology"; Value = "Surface Mount"; VariantName = "[No Variations]"
Add component (AddParameter): Name = "Pins"; Value = ""; VariantName = "[No Variations]"
Add component (AddParameter): Name = "Ripple Current"; Value = ""; VariantName = "[No Variations]"
Add component (AddParameter): Name = "Ripple Current (AC)"; Value = ""; VariantName = "[No Variations]"
Add component (AddParameter): Name = "RoHS Compliant"; Value = ""; VariantName = "[No Variations]"
Add component (AddParameter): Name = "Tolerance"; Value = "10%"; VariantName = "[No Variations]"
Add component (AddParameter): Name = "Value"; Value = "100nF"; VariantName = "[No Variations]"
Add component (AddParameter): Name = "Voltage Rating"; Value = "16V"; VariantName = "[No Variations]"
Added Component: Designator=C51(FP-CC0201-BA-IPC_A)
Add component (AddParameter): Name = "Capacitor Type"; Value = ""; VariantName = "[No Variations]"
Add component (AddParameter): Name = "Case/Package"; Value = "0201"; VariantName = "[No Variations]"
Add component (AddParameter): Name = "Max Operating Temperature"; Value = "85°C"; VariantName = "[No Variations]"
Add component (AddParameter): Name = "Min Operating Temperature"; Value = "-55°C"; VariantName = "[No Variations]"
Add component (AddParameter): Name = "Mounting Technology"; Value = "Surface Mount"; VariantName = "[No Variations]"
Add component (AddParameter): Name = "Pins"; Value = ""; VariantName = "[No Variations]"
Add component (AddParameter): Name = "Ripple Current"; Value = ""; VariantName = "[No Variations]"
Add component (AddParameter): Name = "Ripple Current (AC)"; Value = ""; VariantName = "[No Variations]"
Add component (AddParameter): Name = "RoHS Compliant"; Value = ""; VariantName = "[No Variations]"
Add component (AddParameter): Name = "Tolerance"; Value = "10%"; VariantName = "[No Variations]"
Add component (AddParameter): Name = "Value"; Value = "100nF"; VariantName = "[No Variations]"
Add component (AddParameter): Name = "Voltage Rating"; Value = "16V"; VariantName = "[No Variations]"
Added Component: Designator=C52(FP-CC0201-BA-IPC_A)
Add component (AddParameter): Name = "Capacitor Type"; Value = ""; VariantName = "[No Variations]"
Add component (AddParameter): Name = "Case/Package"; Value = "0201"; VariantName = "[No Variations]"
Add component (AddParameter): Name = "Max Operating Temperature"; Value = "85°C"; VariantName = "[No Variations]"
Add component (AddParameter): Name = "Min Operating Temperature"; Value = "-55°C"; VariantName = "[No Variations]"
Add component (AddParameter): Name = "Mounting Technology"; Value = "Surface Mount"; VariantName = "[No Variations]"
Add component (AddParameter): Name = "Pins"; Value = ""; VariantName = "[No Variations]"
Add component (AddParameter): Name = "Ripple Current"; Value = ""; VariantName = "[No Variations]"
Add component (AddParameter): Name = "Ripple Current (AC)"; Value = ""; VariantName = "[No Variations]"
Add component (AddParameter): Name = "RoHS Compliant"; Value = ""; VariantName = "[No Variations]"
Add component (AddParameter): Name = "Tolerance"; Value = "10%"; VariantName = "[No Variations]"
Add component (AddParameter): Name = "Value"; Value = "100nF"; VariantName = "[No Variations]"
Add component (AddParameter): Name = "Voltage Rating"; Value = "16V"; VariantName = "[No Variations]"
Added Component: Designator=C53(FP-CC0201-BA-IPC_A)
Add component (AddParameter): Name = "Capacitor Type"; Value = ""; VariantName = "[No Variations]"
Add component (AddParameter): Name = "Case/Package"; Value = "0201"; VariantName = "[No Variations]"
Add component (AddParameter): Name = "Max Operating Temperature"; Value = "85°C"; VariantName = "[No Variations]"
Add component (AddParameter): Name = "Min Operating Temperature"; Value = "-55°C"; VariantName = "[No Variations]"
Add component (AddParameter): Name = "Mounting Technology"; Value = "Surface Mount"; VariantName = "[No Variations]"
Add component (AddParameter): Name = "Pins"; Value = ""; VariantName = "[No Variations]"
Add component (AddParameter): Name = "Ripple Current"; Value = ""; VariantName = "[No Variations]"
Add component (AddParameter): Name = "Ripple Current (AC)"; Value = ""; VariantName = "[No Variations]"
Add component (AddParameter): Name = "RoHS Compliant"; Value = ""; VariantName = "[No Variations]"
Add component (AddParameter): Name = "Tolerance"; Value = "10%"; VariantName = "[No Variations]"
Add component (AddParameter): Name = "Value"; Value = "100nF"; VariantName = "[No Variations]"
Add component (AddParameter): Name = "Voltage Rating"; Value = "16V"; VariantName = "[No Variations]"
Added Component: Designator=C54(FP-CC0201-BA-IPC_A)
Add component (AddParameter): Name = "Capacitor Type"; Value = ""; VariantName = "[No Variations]"
Add component (AddParameter): Name = "Case/Package"; Value = "0201"; VariantName = "[No Variations]"
Add component (AddParameter): Name = "Max Operating Temperature"; Value = "85°C"; VariantName = "[No Variations]"
Add component (AddParameter): Name = "Min Operating Temperature"; Value = "-55°C"; VariantName = "[No Variations]"
Add component (AddParameter): Name = "Mounting Technology"; Value = "Surface Mount"; VariantName = "[No Variations]"
Add component (AddParameter): Name = "Pins"; Value = ""; VariantName = "[No Variations]"
Add component (AddParameter): Name = "Ripple Current"; Value = ""; VariantName = "[No Variations]"
Add component (AddParameter): Name = "Ripple Current (AC)"; Value = ""; VariantName = "[No Variations]"
Add component (AddParameter): Name = "RoHS Compliant"; Value = ""; VariantName = "[No Variations]"
Add component (AddParameter): Name = "Tolerance"; Value = "10%"; VariantName = "[No Variations]"
Add component (AddParameter): Name = "Value"; Value = "100nF"; VariantName = "[No Variations]"
Add component (AddParameter): Name = "Voltage Rating"; Value = "16V"; VariantName = "[No Variations]"
Added Component: Designator=C55(FP-GRM186-0_2-IPC_A)
Add component (AddParameter): Name = "Capacitor Type"; Value = ""; VariantName = "[No Variations]"
Add component (AddParameter): Name = "Case/Package"; Value = "0603"; VariantName = "[No Variations]"
Add component (AddParameter): Name = "Max Operating Temperature"; Value = "85°C"; VariantName = "[No Variations]"
Add component (AddParameter): Name = "Min Operating Temperature"; Value = "-55°C"; VariantName = "[No Variations]"
Add component (AddParameter): Name = "Mounting Technology"; Value = "Surface Mount"; VariantName = "[No Variations]"
Add component (AddParameter): Name = "Pins"; Value = ""; VariantName = "[No Variations]"
Add component (AddParameter): Name = "Ripple Current"; Value = ""; VariantName = "[No Variations]"
Add component (AddParameter): Name = "Ripple Current (AC)"; Value = ""; VariantName = "[No Variations]"
Add component (AddParameter): Name = "RoHS Compliant"; Value = ""; VariantName = "[No Variations]"
Add component (AddParameter): Name = "Tolerance"; Value = "20%"; VariantName = "[No Variations]"
Add component (AddParameter): Name = "Value"; Value = "22µF"; VariantName = "[No Variations]"
Add component (AddParameter): Name = "Voltage Rating"; Value = "6.3V"; VariantName = "[No Variations]"
Added Component: Designator=C56(FP-GRM186-0_2-IPC_A)
Add component (AddParameter): Name = "Capacitor Type"; Value = ""; VariantName = "[No Variations]"
Add component (AddParameter): Name = "Case/Package"; Value = "0603"; VariantName = "[No Variations]"
Add component (AddParameter): Name = "Max Operating Temperature"; Value = "85°C"; VariantName = "[No Variations]"
Add component (AddParameter): Name = "Min Operating Temperature"; Value = "-55°C"; VariantName = "[No Variations]"
Add component (AddParameter): Name = "Mounting Technology"; Value = "Surface Mount"; VariantName = "[No Variations]"
Add component (AddParameter): Name = "Pins"; Value = ""; VariantName = "[No Variations]"
Add component (AddParameter): Name = "Ripple Current"; Value = ""; VariantName = "[No Variations]"
Add component (AddParameter): Name = "Ripple Current (AC)"; Value = ""; VariantName = "[No Variations]"
Add component (AddParameter): Name = "RoHS Compliant"; Value = ""; VariantName = "[No Variations]"
Add component (AddParameter): Name = "Tolerance"; Value = "20%"; VariantName = "[No Variations]"
Add component (AddParameter): Name = "Value"; Value = "22µF"; VariantName = "[No Variations]"
Add component (AddParameter): Name = "Voltage Rating"; Value = "6.3V"; VariantName = "[No Variations]"
Added Component: Designator=C57(FP-GRM155-0_2-0_1-IPC_C)
Add component (AddParameter): Name = "Capacitor Type"; Value = ""; VariantName = "[No Variations]"
Add component (AddParameter): Name = "Case/Package"; Value = "0402"; VariantName = "[No Variations]"
Add component (AddParameter): Name = "Max Operating Temperature"; Value = "85°C"; VariantName = "[No Variations]"
Add component (AddParameter): Name = "Min Operating Temperature"; Value = "-55°C"; VariantName = "[No Variations]"
Add component (AddParameter): Name = "Mounting Technology"; Value = "Surface Mount"; VariantName = "[No Variations]"
Add component (AddParameter): Name = "Pins"; Value = ""; VariantName = "[No Variations]"
Add component (AddParameter): Name = "Ripple Current"; Value = ""; VariantName = "[No Variations]"
Add component (AddParameter): Name = "Ripple Current (AC)"; Value = ""; VariantName = "[No Variations]"
Add component (AddParameter): Name = "RoHS Compliant"; Value = ""; VariantName = "[No Variations]"
Add component (AddParameter): Name = "Tolerance"; Value = "20%"; VariantName = "[No Variations]"
Add component (AddParameter): Name = "Value"; Value = "10µF"; VariantName = "[No Variations]"
Add component (AddParameter): Name = "Voltage Rating"; Value = "4V"; VariantName = "[No Variations]"
Added Component: Designator=C58(FP-CC0201-BA-IPC_A)
Add component (AddParameter): Name = "Capacitor Type"; Value = ""; VariantName = "[No Variations]"
Add component (AddParameter): Name = "Case/Package"; Value = "0201"; VariantName = "[No Variations]"
Add component (AddParameter): Name = "Max Operating Temperature"; Value = "85°C"; VariantName = "[No Variations]"
Add component (AddParameter): Name = "Min Operating Temperature"; Value = "-55°C"; VariantName = "[No Variations]"
Add component (AddParameter): Name = "Mounting Technology"; Value = "Surface Mount"; VariantName = "[No Variations]"
Add component (AddParameter): Name = "Pins"; Value = ""; VariantName = "[No Variations]"
Add component (AddParameter): Name = "Ripple Current"; Value = ""; VariantName = "[No Variations]"
Add component (AddParameter): Name = "Ripple Current (AC)"; Value = ""; VariantName = "[No Variations]"
Add component (AddParameter): Name = "RoHS Compliant"; Value = ""; VariantName = "[No Variations]"
Add component (AddParameter): Name = "Tolerance"; Value = "10%"; VariantName = "[No Variations]"
Add component (AddParameter): Name = "Value"; Value = "100nF"; VariantName = "[No Variations]"
Add component (AddParameter): Name = "Voltage Rating"; Value = "16V"; VariantName = "[No Variations]"
Added Component: Designator=C59(FP-CC0201-BA-IPC_A)
Add component (AddParameter): Name = "Capacitor Type"; Value = ""; VariantName = "[No Variations]"
Add component (AddParameter): Name = "Case/Package"; Value = "0201"; VariantName = "[No Variations]"
Add component (AddParameter): Name = "Max Operating Temperature"; Value = "85°C"; VariantName = "[No Variations]"
Add component (AddParameter): Name = "Min Operating Temperature"; Value = "-55°C"; VariantName = "[No Variations]"
Add component (AddParameter): Name = "Mounting Technology"; Value = "Surface Mount"; VariantName = "[No Variations]"
Add component (AddParameter): Name = "Pins"; Value = ""; VariantName = "[No Variations]"
Add component (AddParameter): Name = "Ripple Current"; Value = ""; VariantName = "[No Variations]"
Add component (AddParameter): Name = "Ripple Current (AC)"; Value = ""; VariantName = "[No Variations]"
Add component (AddParameter): Name = "RoHS Compliant"; Value = ""; VariantName = "[No Variations]"
Add component (AddParameter): Name = "Tolerance"; Value = "10%"; VariantName = "[No Variations]"
Add component (AddParameter): Name = "Value"; Value = "100nF"; VariantName = "[No Variations]"
Add component (AddParameter): Name = "Voltage Rating"; Value = "16V"; VariantName = "[No Variations]"
Added Component: Designator=C60(FP-CC0201-BA-IPC_A)
Add component (AddParameter): Name = "Capacitor Type"; Value = ""; VariantName = "[No Variations]"
Add component (AddParameter): Name = "Case/Package"; Value = "0201"; VariantName = "[No Variations]"
Add component (AddParameter): Name = "Max Operating Temperature"; Value = "85°C"; VariantName = "[No Variations]"
Add component (AddParameter): Name = "Min Operating Temperature"; Value = "-55°C"; VariantName = "[No Variations]"
Add component (AddParameter): Name = "Mounting Technology"; Value = "Surface Mount"; VariantName = "[No Variations]"
Add component (AddParameter): Name = "Pins"; Value = ""; VariantName = "[No Variations]"
Add component (AddParameter): Name = "Ripple Current"; Value = ""; VariantName = "[No Variations]"
Add component (AddParameter): Name = "Ripple Current (AC)"; Value = ""; VariantName = "[No Variations]"
Add component (AddParameter): Name = "RoHS Compliant"; Value = ""; VariantName = "[No Variations]"
Add component (AddParameter): Name = "Tolerance"; Value = "10%"; VariantName = "[No Variations]"
Add component (AddParameter): Name = "Value"; Value = "100nF"; VariantName = "[No Variations]"
Add component (AddParameter): Name = "Voltage Rating"; Value = "16V"; VariantName = "[No Variations]"
Added Component: Designator=C61(FP-CC0201-BA-IPC_A)
Add component (AddParameter): Name = "Capacitor Type"; Value = ""; VariantName = "[No Variations]"
Add component (AddParameter): Name = "Case/Package"; Value = "0201"; VariantName = "[No Variations]"
Add component (AddParameter): Name = "Max Operating Temperature"; Value = "85°C"; VariantName = "[No Variations]"
Add component (AddParameter): Name = "Min Operating Temperature"; Value = "-55°C"; VariantName = "[No Variations]"
Add component (AddParameter): Name = "Mounting Technology"; Value = "Surface Mount"; VariantName = "[No Variations]"
Add component (AddParameter): Name = "Pins"; Value = ""; VariantName = "[No Variations]"
Add component (AddParameter): Name = "Ripple Current"; Value = ""; VariantName = "[No Variations]"
Add component (AddParameter): Name = "Ripple Current (AC)"; Value = ""; VariantName = "[No Variations]"
Add component (AddParameter): Name = "RoHS Compliant"; Value = ""; VariantName = "[No Variations]"
Add component (AddParameter): Name = "Tolerance"; Value = "10%"; VariantName = "[No Variations]"
Add component (AddParameter): Name = "Value"; Value = "100nF"; VariantName = "[No Variations]"
Add component (AddParameter): Name = "Voltage Rating"; Value = "16V"; VariantName = "[No Variations]"
Added Component: Designator=C62(FP-CC0201-BA-IPC_A)
Add component (AddParameter): Name = "Capacitor Type"; Value = ""; VariantName = "[No Variations]"
Add component (AddParameter): Name = "Case/Package"; Value = "0201"; VariantName = "[No Variations]"
Add component (AddParameter): Name = "Max Operating Temperature"; Value = "85°C"; VariantName = "[No Variations]"
Add component (AddParameter): Name = "Min Operating Temperature"; Value = "-55°C"; VariantName = "[No Variations]"
Add component (AddParameter): Name = "Mounting Technology"; Value = "Surface Mount"; VariantName = "[No Variations]"
Add component (AddParameter): Name = "Pins"; Value = ""; VariantName = "[No Variations]"
Add component (AddParameter): Name = "Ripple Current"; Value = ""; VariantName = "[No Variations]"
Add component (AddParameter): Name = "Ripple Current (AC)"; Value = ""; VariantName = "[No Variations]"
Add component (AddParameter): Name = "RoHS Compliant"; Value = ""; VariantName = "[No Variations]"
Add component (AddParameter): Name = "Tolerance"; Value = "10%"; VariantName = "[No Variations]"
Add component (AddParameter): Name = "Value"; Value = "100nF"; VariantName = "[No Variations]"
Add component (AddParameter): Name = "Voltage Rating"; Value = "16V"; VariantName = "[No Variations]"
Added Component: Designator=C63(FP-GRM186-0_2-IPC_A)
Add component (AddParameter): Name = "Capacitor Type"; Value = ""; VariantName = "[No Variations]"
Add component (AddParameter): Name = "Case/Package"; Value = "0603"; VariantName = "[No Variations]"
Add component (AddParameter): Name = "Max Operating Temperature"; Value = "85°C"; VariantName = "[No Variations]"
Add component (AddParameter): Name = "Min Operating Temperature"; Value = "-55°C"; VariantName = "[No Variations]"
Add component (AddParameter): Name = "Mounting Technology"; Value = "Surface Mount"; VariantName = "[No Variations]"
Add component (AddParameter): Name = "Pins"; Value = ""; VariantName = "[No Variations]"
Add component (AddParameter): Name = "Ripple Current"; Value = ""; VariantName = "[No Variations]"
Add component (AddParameter): Name = "Ripple Current (AC)"; Value = ""; VariantName = "[No Variations]"
Add component (AddParameter): Name = "RoHS Compliant"; Value = ""; VariantName = "[No Variations]"
Add component (AddParameter): Name = "Tolerance"; Value = "20%"; VariantName = "[No Variations]"
Add component (AddParameter): Name = "Value"; Value = "22µF"; VariantName = "[No Variations]"
Add component (AddParameter): Name = "Voltage Rating"; Value = "6.3V"; VariantName = "[No Variations]"
Added Component: Designator=C64(FP-GRM186-0_2-IPC_A)
Add component (AddParameter): Name = "Capacitor Type"; Value = ""; VariantName = "[No Variations]"
Add component (AddParameter): Name = "Case/Package"; Value = "0603"; VariantName = "[No Variations]"
Add component (AddParameter): Name = "Max Operating Temperature"; Value = "85°C"; VariantName = "[No Variations]"
Add component (AddParameter): Name = "Min Operating Temperature"; Value = "-55°C"; VariantName = "[No Variations]"
Add component (AddParameter): Name = "Mounting Technology"; Value = "Surface Mount"; VariantName = "[No Variations]"
Add component (AddParameter): Name = "Pins"; Value = ""; VariantName = "[No Variations]"
Add component (AddParameter): Name = "Ripple Current"; Value = ""; VariantName = "[No Variations]"
Add component (AddParameter): Name = "Ripple Current (AC)"; Value = ""; VariantName = "[No Variations]"
Add component (AddParameter): Name = "RoHS Compliant"; Value = ""; VariantName = "[No Variations]"
Add component (AddParameter): Name = "Tolerance"; Value = "20%"; VariantName = "[No Variations]"
Add component (AddParameter): Name = "Value"; Value = "22µF"; VariantName = "[No Variations]"
Add component (AddParameter): Name = "Voltage Rating"; Value = "6.3V"; VariantName = "[No Variations]"
Added Component: Designator=C65(FP-GRM155-0_2-0_1-IPC_C)
Add component (AddParameter): Name = "Capacitor Type"; Value = ""; VariantName = "[No Variations]"
Add component (AddParameter): Name = "Case/Package"; Value = "0402"; VariantName = "[No Variations]"
Add component (AddParameter): Name = "Max Operating Temperature"; Value = "85°C"; VariantName = "[No Variations]"
Add component (AddParameter): Name = "Min Operating Temperature"; Value = "-55°C"; VariantName = "[No Variations]"
Add component (AddParameter): Name = "Mounting Technology"; Value = "Surface Mount"; VariantName = "[No Variations]"
Add component (AddParameter): Name = "Pins"; Value = ""; VariantName = "[No Variations]"
Add component (AddParameter): Name = "Ripple Current"; Value = ""; VariantName = "[No Variations]"
Add component (AddParameter): Name = "Ripple Current (AC)"; Value = ""; VariantName = "[No Variations]"
Add component (AddParameter): Name = "RoHS Compliant"; Value = ""; VariantName = "[No Variations]"
Add component (AddParameter): Name = "Tolerance"; Value = "20%"; VariantName = "[No Variations]"
Add component (AddParameter): Name = "Value"; Value = "10µF"; VariantName = "[No Variations]"
Add component (AddParameter): Name = "Voltage Rating"; Value = "4V"; VariantName = "[No Variations]"
Added Component: Designator=C66(FP-CC0201-BA-IPC_A)
Add component (AddParameter): Name = "Capacitor Type"; Value = ""; VariantName = "[No Variations]"
Add component (AddParameter): Name = "Case/Package"; Value = "0201"; VariantName = "[No Variations]"
Add component (AddParameter): Name = "Max Operating Temperature"; Value = "85°C"; VariantName = "[No Variations]"
Add component (AddParameter): Name = "Min Operating Temperature"; Value = "-55°C"; VariantName = "[No Variations]"
Add component (AddParameter): Name = "Mounting Technology"; Value = "Surface Mount"; VariantName = "[No Variations]"
Add component (AddParameter): Name = "Pins"; Value = ""; VariantName = "[No Variations]"
Add component (AddParameter): Name = "Ripple Current"; Value = ""; VariantName = "[No Variations]"
Add component (AddParameter): Name = "Ripple Current (AC)"; Value = ""; VariantName = "[No Variations]"
Add component (AddParameter): Name = "RoHS Compliant"; Value = ""; VariantName = "[No Variations]"
Add component (AddParameter): Name = "Tolerance"; Value = "10%"; VariantName = "[No Variations]"
Add component (AddParameter): Name = "Value"; Value = "100nF"; VariantName = "[No Variations]"
Add component (AddParameter): Name = "Voltage Rating"; Value = "16V"; VariantName = "[No Variations]"
Added Component: Designator=C67(FP-CC0201-BA-IPC_A)
Add component (AddParameter): Name = "Capacitor Type"; Value = ""; VariantName = "[No Variations]"
Add component (AddParameter): Name = "Case/Package"; Value = "0201"; VariantName = "[No Variations]"
Add component (AddParameter): Name = "Max Operating Temperature"; Value = "85°C"; VariantName = "[No Variations]"
Add component (AddParameter): Name = "Min Operating Temperature"; Value = "-55°C"; VariantName = "[No Variations]"
Add component (AddParameter): Name = "Mounting Technology"; Value = "Surface Mount"; VariantName = "[No Variations]"
Add component (AddParameter): Name = "Pins"; Value = ""; VariantName = "[No Variations]"
Add component (AddParameter): Name = "Ripple Current"; Value = ""; VariantName = "[No Variations]"
Add component (AddParameter): Name = "Ripple Current (AC)"; Value = ""; VariantName = "[No Variations]"
Add component (AddParameter): Name = "RoHS Compliant"; Value = ""; VariantName = "[No Variations]"
Add component (AddParameter): Name = "Tolerance"; Value = "10%"; VariantName = "[No Variations]"
Add component (AddParameter): Name = "Value"; Value = "100nF"; VariantName = "[No Variations]"
Add component (AddParameter): Name = "Voltage Rating"; Value = "16V"; VariantName = "[No Variations]"
Added Component: Designator=C68(FP-CC0201-BA-IPC_A)
Add component (AddParameter): Name = "Capacitor Type"; Value = ""; VariantName = "[No Variations]"
Add component (AddParameter): Name = "Case/Package"; Value = "0201"; VariantName = "[No Variations]"
Add component (AddParameter): Name = "Max Operating Temperature"; Value = "85°C"; VariantName = "[No Variations]"
Add component (AddParameter): Name = "Min Operating Temperature"; Value = "-55°C"; VariantName = "[No Variations]"
Add component (AddParameter): Name = "Mounting Technology"; Value = "Surface Mount"; VariantName = "[No Variations]"
Add component (AddParameter): Name = "Pins"; Value = ""; VariantName = "[No Variations]"
Add component (AddParameter): Name = "Ripple Current"; Value = ""; VariantName = "[No Variations]"
Add component (AddParameter): Name = "Ripple Current (AC)"; Value = ""; VariantName = "[No Variations]"
Add component (AddParameter): Name = "RoHS Compliant"; Value = ""; VariantName = "[No Variations]"
Add component (AddParameter): Name = "Tolerance"; Value = "10%"; VariantName = "[No Variations]"
Add component (AddParameter): Name = "Value"; Value = "100nF"; VariantName = "[No Variations]"
Add component (AddParameter): Name = "Voltage Rating"; Value = "16V"; VariantName = "[No Variations]"
Added Component: Designator=C69(FP-CC0201-BA-IPC_A)
Add component (AddParameter): Name = "Capacitor Type"; Value = ""; VariantName = "[No Variations]"
Add component (AddParameter): Name = "Case/Package"; Value = "0201"; VariantName = "[No Variations]"
Add component (AddParameter): Name = "Max Operating Temperature"; Value = "85°C"; VariantName = "[No Variations]"
Add component (AddParameter): Name = "Min Operating Temperature"; Value = "-55°C"; VariantName = "[No Variations]"
Add component (AddParameter): Name = "Mounting Technology"; Value = "Surface Mount"; VariantName = "[No Variations]"
Add component (AddParameter): Name = "Pins"; Value = ""; VariantName = "[No Variations]"
Add component (AddParameter): Name = "Ripple Current"; Value = ""; VariantName = "[No Variations]"
Add component (AddParameter): Name = "Ripple Current (AC)"; Value = ""; VariantName = "[No Variations]"
Add component (AddParameter): Name = "RoHS Compliant"; Value = ""; VariantName = "[No Variations]"
Add component (AddParameter): Name = "Tolerance"; Value = "10%"; VariantName = "[No Variations]"
Add component (AddParameter): Name = "Value"; Value = "100nF"; VariantName = "[No Variations]"
Add component (AddParameter): Name = "Voltage Rating"; Value = "16V"; VariantName = "[No Variations]"
Added Component: Designator=C70(FP-CC0201-BA-IPC_A)
Add component (AddParameter): Name = "Capacitor Type"; Value = ""; VariantName = "[No Variations]"
Add component (AddParameter): Name = "Case/Package"; Value = "0201"; VariantName = "[No Variations]"
Add component (AddParameter): Name = "Max Operating Temperature"; Value = "85°C"; VariantName = "[No Variations]"
Add component (AddParameter): Name = "Min Operating Temperature"; Value = "-55°C"; VariantName = "[No Variations]"
Add component (AddParameter): Name = "Mounting Technology"; Value = "Surface Mount"; VariantName = "[No Variations]"
Add component (AddParameter): Name = "Pins"; Value = ""; VariantName = "[No Variations]"
Add component (AddParameter): Name = "Ripple Current"; Value = ""; VariantName = "[No Variations]"
Add component (AddParameter): Name = "Ripple Current (AC)"; Value = ""; VariantName = "[No Variations]"
Add component (AddParameter): Name = "RoHS Compliant"; Value = ""; VariantName = "[No Variations]"
Add component (AddParameter): Name = "Tolerance"; Value = "10%"; VariantName = "[No Variations]"
Add component (AddParameter): Name = "Value"; Value = "100nF"; VariantName = "[No Variations]"
Add component (AddParameter): Name = "Voltage Rating"; Value = "16V"; VariantName = "[No Variations]"
Added Component: Designator=C71(FP-GRM186-0_2-IPC_A)
Add component (AddParameter): Name = "Capacitor Type"; Value = ""; VariantName = "[No Variations]"
Add component (AddParameter): Name = "Case/Package"; Value = "0603"; VariantName = "[No Variations]"
Add component (AddParameter): Name = "Max Operating Temperature"; Value = "85°C"; VariantName = "[No Variations]"
Add component (AddParameter): Name = "Min Operating Temperature"; Value = "-55°C"; VariantName = "[No Variations]"
Add component (AddParameter): Name = "Mounting Technology"; Value = "Surface Mount"; VariantName = "[No Variations]"
Add component (AddParameter): Name = "Pins"; Value = ""; VariantName = "[No Variations]"
Add component (AddParameter): Name = "Ripple Current"; Value = ""; VariantName = "[No Variations]"
Add component (AddParameter): Name = "Ripple Current (AC)"; Value = ""; VariantName = "[No Variations]"
Add component (AddParameter): Name = "RoHS Compliant"; Value = ""; VariantName = "[No Variations]"
Add component (AddParameter): Name = "Tolerance"; Value = "20%"; VariantName = "[No Variations]"
Add component (AddParameter): Name = "Value"; Value = "22µF"; VariantName = "[No Variations]"
Add component (AddParameter): Name = "Voltage Rating"; Value = "6.3V"; VariantName = "[No Variations]"
Added Component: Designator=C72(FP-GRM186-0_2-IPC_A)
Add component (AddParameter): Name = "Capacitor Type"; Value = ""; VariantName = "[No Variations]"
Add component (AddParameter): Name = "Case/Package"; Value = "0603"; VariantName = "[No Variations]"
Add component (AddParameter): Name = "Max Operating Temperature"; Value = "85°C"; VariantName = "[No Variations]"
Add component (AddParameter): Name = "Min Operating Temperature"; Value = "-55°C"; VariantName = "[No Variations]"
Add component (AddParameter): Name = "Mounting Technology"; Value = "Surface Mount"; VariantName = "[No Variations]"
Add component (AddParameter): Name = "Pins"; Value = ""; VariantName = "[No Variations]"
Add component (AddParameter): Name = "Ripple Current"; Value = ""; VariantName = "[No Variations]"
Add component (AddParameter): Name = "Ripple Current (AC)"; Value = ""; VariantName = "[No Variations]"
Add component (AddParameter): Name = "RoHS Compliant"; Value = ""; VariantName = "[No Variations]"
Add component (AddParameter): Name = "Tolerance"; Value = "20%"; VariantName = "[No Variations]"
Add component (AddParameter): Name = "Value"; Value = "22µF"; VariantName = "[No Variations]"
Add component (AddParameter): Name = "Voltage Rating"; Value = "6.3V"; VariantName = "[No Variations]"
Added Component: Designator=C73(FP-GRM155-0_2-0_1-IPC_C)
Add component (AddParameter): Name = "Capacitor Type"; Value = ""; VariantName = "[No Variations]"
Add component (AddParameter): Name = "Case/Package"; Value = "0402"; VariantName = "[No Variations]"
Add component (AddParameter): Name = "Max Operating Temperature"; Value = "85°C"; VariantName = "[No Variations]"
Add component (AddParameter): Name = "Min Operating Temperature"; Value = "-55°C"; VariantName = "[No Variations]"
Add component (AddParameter): Name = "Mounting Technology"; Value = "Surface Mount"; VariantName = "[No Variations]"
Add component (AddParameter): Name = "Pins"; Value = ""; VariantName = "[No Variations]"
Add component (AddParameter): Name = "Ripple Current"; Value = ""; VariantName = "[No Variations]"
Add component (AddParameter): Name = "Ripple Current (AC)"; Value = ""; VariantName = "[No Variations]"
Add component (AddParameter): Name = "RoHS Compliant"; Value = ""; VariantName = "[No Variations]"
Add component (AddParameter): Name = "Tolerance"; Value = "20%"; VariantName = "[No Variations]"
Add component (AddParameter): Name = "Value"; Value = "10µF"; VariantName = "[No Variations]"
Add component (AddParameter): Name = "Voltage Rating"; Value = "4V"; VariantName = "[No Variations]"
Added Component: Designator=C74(FP-CC0201-BA-IPC_A)
Add component (AddParameter): Name = "Capacitor Type"; Value = ""; VariantName = "[No Variations]"
Add component (AddParameter): Name = "Case/Package"; Value = "0201"; VariantName = "[No Variations]"
Add component (AddParameter): Name = "Max Operating Temperature"; Value = "85°C"; VariantName = "[No Variations]"
Add component (AddParameter): Name = "Min Operating Temperature"; Value = "-55°C"; VariantName = "[No Variations]"
Add component (AddParameter): Name = "Mounting Technology"; Value = "Surface Mount"; VariantName = "[No Variations]"
Add component (AddParameter): Name = "Pins"; Value = ""; VariantName = "[No Variations]"
Add component (AddParameter): Name = "Ripple Current"; Value = ""; VariantName = "[No Variations]"
Add component (AddParameter): Name = "Ripple Current (AC)"; Value = ""; VariantName = "[No Variations]"
Add component (AddParameter): Name = "RoHS Compliant"; Value = ""; VariantName = "[No Variations]"
Add component (AddParameter): Name = "Tolerance"; Value = "10%"; VariantName = "[No Variations]"
Add component (AddParameter): Name = "Value"; Value = "100nF"; VariantName = "[No Variations]"
Add component (AddParameter): Name = "Voltage Rating"; Value = "16V"; VariantName = "[No Variations]"
Added Component: Designator=C75(FP-CC0201-BA-IPC_A)
Add component (AddParameter): Name = "Capacitor Type"; Value = ""; VariantName = "[No Variations]"
Add component (AddParameter): Name = "Case/Package"; Value = "0201"; VariantName = "[No Variations]"
Add component (AddParameter): Name = "Max Operating Temperature"; Value = "85°C"; VariantName = "[No Variations]"
Add component (AddParameter): Name = "Min Operating Temperature"; Value = "-55°C"; VariantName = "[No Variations]"
Add component (AddParameter): Name = "Mounting Technology"; Value = "Surface Mount"; VariantName = "[No Variations]"
Add component (AddParameter): Name = "Pins"; Value = ""; VariantName = "[No Variations]"
Add component (AddParameter): Name = "Ripple Current"; Value = ""; VariantName = "[No Variations]"
Add component (AddParameter): Name = "Ripple Current (AC)"; Value = ""; VariantName = "[No Variations]"
Add component (AddParameter): Name = "RoHS Compliant"; Value = ""; VariantName = "[No Variations]"
Add component (AddParameter): Name = "Tolerance"; Value = "10%"; VariantName = "[No Variations]"
Add component (AddParameter): Name = "Value"; Value = "100nF"; VariantName = "[No Variations]"
Add component (AddParameter): Name = "Voltage Rating"; Value = "16V"; VariantName = "[No Variations]"
Added Component: Designator=C76(FP-CC0201-BA-IPC_A)
Add component (AddParameter): Name = "Capacitor Type"; Value = ""; VariantName = "[No Variations]"
Add component (AddParameter): Name = "Case/Package"; Value = "0201"; VariantName = "[No Variations]"
Add component (AddParameter): Name = "Max Operating Temperature"; Value = "85°C"; VariantName = "[No Variations]"
Add component (AddParameter): Name = "Min Operating Temperature"; Value = "-55°C"; VariantName = "[No Variations]"
Add component (AddParameter): Name = "Mounting Technology"; Value = "Surface Mount"; VariantName = "[No Variations]"
Add component (AddParameter): Name = "Pins"; Value = ""; VariantName = "[No Variations]"
Add component (AddParameter): Name = "Ripple Current"; Value = ""; VariantName = "[No Variations]"
Add component (AddParameter): Name = "Ripple Current (AC)"; Value = ""; VariantName = "[No Variations]"
Add component (AddParameter): Name = "RoHS Compliant"; Value = ""; VariantName = "[No Variations]"
Add component (AddParameter): Name = "Tolerance"; Value = "10%"; VariantName = "[No Variations]"
Add component (AddParameter): Name = "Value"; Value = "100nF"; VariantName = "[No Variations]"
Add component (AddParameter): Name = "Voltage Rating"; Value = "16V"; VariantName = "[No Variations]"
Added Component: Designator=C77(FP-CC0201-BA-IPC_A)
Add component (AddParameter): Name = "Capacitor Type"; Value = ""; VariantName = "[No Variations]"
Add component (AddParameter): Name = "Case/Package"; Value = "0201"; VariantName = "[No Variations]"
Add component (AddParameter): Name = "Max Operating Temperature"; Value = "85°C"; VariantName = "[No Variations]"
Add component (AddParameter): Name = "Min Operating Temperature"; Value = "-55°C"; VariantName = "[No Variations]"
Add component (AddParameter): Name = "Mounting Technology"; Value = "Surface Mount"; VariantName = "[No Variations]"
Add component (AddParameter): Name = "Pins"; Value = ""; VariantName = "[No Variations]"
Add component (AddParameter): Name = "Ripple Current"; Value = ""; VariantName = "[No Variations]"
Add component (AddParameter): Name = "Ripple Current (AC)"; Value = ""; VariantName = "[No Variations]"
Add component (AddParameter): Name = "RoHS Compliant"; Value = ""; VariantName = "[No Variations]"
Add component (AddParameter): Name = "Tolerance"; Value = "10%"; VariantName = "[No Variations]"
Add component (AddParameter): Name = "Value"; Value = "100nF"; VariantName = "[No Variations]"
Add component (AddParameter): Name = "Voltage Rating"; Value = "16V"; VariantName = "[No Variations]"
Added Component: Designator=C78(FP-CC0201-BA-IPC_A)
Add component (AddParameter): Name = "Capacitor Type"; Value = ""; VariantName = "[No Variations]"
Add component (AddParameter): Name = "Case/Package"; Value = "0201"; VariantName = "[No Variations]"
Add component (AddParameter): Name = "Max Operating Temperature"; Value = "85°C"; VariantName = "[No Variations]"
Add component (AddParameter): Name = "Min Operating Temperature"; Value = "-55°C"; VariantName = "[No Variations]"
Add component (AddParameter): Name = "Mounting Technology"; Value = "Surface Mount"; VariantName = "[No Variations]"
Add component (AddParameter): Name = "Pins"; Value = ""; VariantName = "[No Variations]"
Add component (AddParameter): Name = "Ripple Current"; Value = ""; VariantName = "[No Variations]"
Add component (AddParameter): Name = "Ripple Current (AC)"; Value = ""; VariantName = "[No Variations]"
Add component (AddParameter): Name = "RoHS Compliant"; Value = ""; VariantName = "[No Variations]"
Add component (AddParameter): Name = "Tolerance"; Value = "10%"; VariantName = "[No Variations]"
Add component (AddParameter): Name = "Value"; Value = "100nF"; VariantName = "[No Variations]"
Add component (AddParameter): Name = "Voltage Rating"; Value = "16V"; VariantName = "[No Variations]"
Added Component: Designator=C79(FP-CC0201-BA-IPC_A)
Add component (AddParameter): Name = "Capacitor Type"; Value = ""; VariantName = "[No Variations]"
Add component (AddParameter): Name = "Case/Package"; Value = "0201"; VariantName = "[No Variations]"
Add component (AddParameter): Name = "Max Operating Temperature"; Value = "85°C"; VariantName = "[No Variations]"
Add component (AddParameter): Name = "Min Operating Temperature"; Value = "-55°C"; VariantName = "[No Variations]"
Add component (AddParameter): Name = "Mounting Technology"; Value = "Surface Mount"; VariantName = "[No Variations]"
Add component (AddParameter): Name = "Pins"; Value = ""; VariantName = "[No Variations]"
Add component (AddParameter): Name = "Ripple Current"; Value = ""; VariantName = "[No Variations]"
Add component (AddParameter): Name = "Ripple Current (AC)"; Value = ""; VariantName = "[No Variations]"
Add component (AddParameter): Name = "RoHS Compliant"; Value = ""; VariantName = "[No Variations]"
Add component (AddParameter): Name = "Tolerance"; Value = "10%"; VariantName = "[No Variations]"
Add component (AddParameter): Name = "Value"; Value = "100nF"; VariantName = "[No Variations]"
Add component (AddParameter): Name = "Voltage Rating"; Value = "16V"; VariantName = "[No Variations]"
Added Component: Designator=C80(CAPC0603X33X15LL03T05)
Add component (AddParameter): Name = "Capacitor Type"; Value = ""; VariantName = "[No Variations]"
Add component (AddParameter): Name = "Case/Package"; Value = "0201"; VariantName = "[No Variations]"
Add component (AddParameter): Name = "Max Operating Temperature"; Value = "85°C"; VariantName = "[No Variations]"
Add component (AddParameter): Name = "Min Operating Temperature"; Value = "-55°C"; VariantName = "[No Variations]"
Add component (AddParameter): Name = "Mounting Technology"; Value = "Surface Mount"; VariantName = "[No Variations]"
Add component (AddParameter): Name = "Pins"; Value = ""; VariantName = "[No Variations]"
Add component (AddParameter): Name = "Ripple Current"; Value = ""; VariantName = "[No Variations]"
Add component (AddParameter): Name = "Ripple Current (AC)"; Value = ""; VariantName = "[No Variations]"
Add component (AddParameter): Name = "RoHS Compliant"; Value = ""; VariantName = "[No Variations]"
Add component (AddParameter): Name = "Tolerance"; Value = "20%"; VariantName = "[No Variations]"
Add component (AddParameter): Name = "Value"; Value = "1µF"; VariantName = "[No Variations]"
Add component (AddParameter): Name = "Voltage Rating"; Value = ""; VariantName = "[No Variations]"
Added Component: Designator=C81(FP-GRM186-0_2-IPC_A)
Add component (AddParameter): Name = "Capacitor Type"; Value = ""; VariantName = "[No Variations]"
Add component (AddParameter): Name = "Case/Package"; Value = "0603"; VariantName = "[No Variations]"
Add component (AddParameter): Name = "Max Operating Temperature"; Value = "85°C"; VariantName = "[No Variations]"
Add component (AddParameter): Name = "Min Operating Temperature"; Value = "-55°C"; VariantName = "[No Variations]"
Add component (AddParameter): Name = "Mounting Technology"; Value = "Surface Mount"; VariantName = "[No Variations]"
Add component (AddParameter): Name = "Pins"; Value = ""; VariantName = "[No Variations]"
Add component (AddParameter): Name = "Ripple Current"; Value = ""; VariantName = "[No Variations]"
Add component (AddParameter): Name = "Ripple Current (AC)"; Value = ""; VariantName = "[No Variations]"
Add component (AddParameter): Name = "RoHS Compliant"; Value = ""; VariantName = "[No Variations]"
Add component (AddParameter): Name = "Tolerance"; Value = "20%"; VariantName = "[No Variations]"
Add component (AddParameter): Name = "Value"; Value = "22µF"; VariantName = "[No Variations]"
Add component (AddParameter): Name = "Voltage Rating"; Value = "6.3V"; VariantName = "[No Variations]"
Added Component: Designator=C82(FP-GRM186-0_2-IPC_A)
Add component (AddParameter): Name = "Capacitor Type"; Value = ""; VariantName = "[No Variations]"
Add component (AddParameter): Name = "Case/Package"; Value = "0603"; VariantName = "[No Variations]"
Add component (AddParameter): Name = "Max Operating Temperature"; Value = "85°C"; VariantName = "[No Variations]"
Add component (AddParameter): Name = "Min Operating Temperature"; Value = "-55°C"; VariantName = "[No Variations]"
Add component (AddParameter): Name = "Mounting Technology"; Value = "Surface Mount"; VariantName = "[No Variations]"
Add component (AddParameter): Name = "Pins"; Value = ""; VariantName = "[No Variations]"
Add component (AddParameter): Name = "Ripple Current"; Value = ""; VariantName = "[No Variations]"
Add component (AddParameter): Name = "Ripple Current (AC)"; Value = ""; VariantName = "[No Variations]"
Add component (AddParameter): Name = "RoHS Compliant"; Value = ""; VariantName = "[No Variations]"
Add component (AddParameter): Name = "Tolerance"; Value = "20%"; VariantName = "[No Variations]"
Add component (AddParameter): Name = "Value"; Value = "22µF"; VariantName = "[No Variations]"
Add component (AddParameter): Name = "Voltage Rating"; Value = "6.3V"; VariantName = "[No Variations]"
Added Component: Designator=C83(FP-GRM155-0_2-0_1-IPC_C)
Add component (AddParameter): Name = "Capacitor Type"; Value = ""; VariantName = "[No Variations]"
Add component (AddParameter): Name = "Case/Package"; Value = "0402"; VariantName = "[No Variations]"
Add component (AddParameter): Name = "Max Operating Temperature"; Value = "85°C"; VariantName = "[No Variations]"
Add component (AddParameter): Name = "Min Operating Temperature"; Value = "-55°C"; VariantName = "[No Variations]"
Add component (AddParameter): Name = "Mounting Technology"; Value = "Surface Mount"; VariantName = "[No Variations]"
Add component (AddParameter): Name = "Pins"; Value = ""; VariantName = "[No Variations]"
Add component (AddParameter): Name = "Ripple Current"; Value = ""; VariantName = "[No Variations]"
Add component (AddParameter): Name = "Ripple Current (AC)"; Value = ""; VariantName = "[No Variations]"
Add component (AddParameter): Name = "RoHS Compliant"; Value = ""; VariantName = "[No Variations]"
Add component (AddParameter): Name = "Tolerance"; Value = "20%"; VariantName = "[No Variations]"
Add component (AddParameter): Name = "Value"; Value = "10µF"; VariantName = "[No Variations]"
Add component (AddParameter): Name = "Voltage Rating"; Value = "4V"; VariantName = "[No Variations]"
Added Component: Designator=C84(FP-CC0201-BA-IPC_A)
Add component (AddParameter): Name = "Capacitor Type"; Value = ""; VariantName = "[No Variations]"
Add component (AddParameter): Name = "Case/Package"; Value = "0201"; VariantName = "[No Variations]"
Add component (AddParameter): Name = "Max Operating Temperature"; Value = "85°C"; VariantName = "[No Variations]"
Add component (AddParameter): Name = "Min Operating Temperature"; Value = "-55°C"; VariantName = "[No Variations]"
Add component (AddParameter): Name = "Mounting Technology"; Value = "Surface Mount"; VariantName = "[No Variations]"
Add component (AddParameter): Name = "Pins"; Value = ""; VariantName = "[No Variations]"
Add component (AddParameter): Name = "Ripple Current"; Value = ""; VariantName = "[No Variations]"
Add component (AddParameter): Name = "Ripple Current (AC)"; Value = ""; VariantName = "[No Variations]"
Add component (AddParameter): Name = "RoHS Compliant"; Value = ""; VariantName = "[No Variations]"
Add component (AddParameter): Name = "Tolerance"; Value = "10%"; VariantName = "[No Variations]"
Add component (AddParameter): Name = "Value"; Value = "100nF"; VariantName = "[No Variations]"
Add component (AddParameter): Name = "Voltage Rating"; Value = "16V"; VariantName = "[No Variations]"
Added Component: Designator=C85(FP-CC0201-BA-IPC_A)
Add component (AddParameter): Name = "Capacitor Type"; Value = ""; VariantName = "[No Variations]"
Add component (AddParameter): Name = "Case/Package"; Value = "0201"; VariantName = "[No Variations]"
Add component (AddParameter): Name = "Max Operating Temperature"; Value = "85°C"; VariantName = "[No Variations]"
Add component (AddParameter): Name = "Min Operating Temperature"; Value = "-55°C"; VariantName = "[No Variations]"
Add component (AddParameter): Name = "Mounting Technology"; Value = "Surface Mount"; VariantName = "[No Variations]"
Add component (AddParameter): Name = "Pins"; Value = ""; VariantName = "[No Variations]"
Add component (AddParameter): Name = "Ripple Current"; Value = ""; VariantName = "[No Variations]"
Add component (AddParameter): Name = "Ripple Current (AC)"; Value = ""; VariantName = "[No Variations]"
Add component (AddParameter): Name = "RoHS Compliant"; Value = ""; VariantName = "[No Variations]"
Add component (AddParameter): Name = "Tolerance"; Value = "10%"; VariantName = "[No Variations]"
Add component (AddParameter): Name = "Value"; Value = "100nF"; VariantName = "[No Variations]"
Add component (AddParameter): Name = "Voltage Rating"; Value = "16V"; VariantName = "[No Variations]"
Added Component: Designator=C86(FP-CC0201-BA-IPC_A)
Add component (AddParameter): Name = "Capacitor Type"; Value = ""; VariantName = "[No Variations]"
Add component (AddParameter): Name = "Case/Package"; Value = "0201"; VariantName = "[No Variations]"
Add component (AddParameter): Name = "Max Operating Temperature"; Value = "85°C"; VariantName = "[No Variations]"
Add component (AddParameter): Name = "Min Operating Temperature"; Value = "-55°C"; VariantName = "[No Variations]"
Add component (AddParameter): Name = "Mounting Technology"; Value = "Surface Mount"; VariantName = "[No Variations]"
Add component (AddParameter): Name = "Pins"; Value = ""; VariantName = "[No Variations]"
Add component (AddParameter): Name = "Ripple Current"; Value = ""; VariantName = "[No Variations]"
Add component (AddParameter): Name = "Ripple Current (AC)"; Value = ""; VariantName = "[No Variations]"
Add component (AddParameter): Name = "RoHS Compliant"; Value = ""; VariantName = "[No Variations]"
Add component (AddParameter): Name = "Tolerance"; Value = "10%"; VariantName = "[No Variations]"
Add component (AddParameter): Name = "Value"; Value = "100nF"; VariantName = "[No Variations]"
Add component (AddParameter): Name = "Voltage Rating"; Value = "16V"; VariantName = "[No Variations]"
Added Component: Designator=C87(FP-CC0201-BA-IPC_A)
Add component (AddParameter): Name = "Capacitor Type"; Value = ""; VariantName = "[No Variations]"
Add component (AddParameter): Name = "Case/Package"; Value = "0201"; VariantName = "[No Variations]"
Add component (AddParameter): Name = "Max Operating Temperature"; Value = "85°C"; VariantName = "[No Variations]"
Add component (AddParameter): Name = "Min Operating Temperature"; Value = "-55°C"; VariantName = "[No Variations]"
Add component (AddParameter): Name = "Mounting Technology"; Value = "Surface Mount"; VariantName = "[No Variations]"
Add component (AddParameter): Name = "Pins"; Value = ""; VariantName = "[No Variations]"
Add component (AddParameter): Name = "Ripple Current"; Value = ""; VariantName = "[No Variations]"
Add component (AddParameter): Name = "Ripple Current (AC)"; Value = ""; VariantName = "[No Variations]"
Add component (AddParameter): Name = "RoHS Compliant"; Value = ""; VariantName = "[No Variations]"
Add component (AddParameter): Name = "Tolerance"; Value = "10%"; VariantName = "[No Variations]"
Add component (AddParameter): Name = "Value"; Value = "100nF"; VariantName = "[No Variations]"
Add component (AddParameter): Name = "Voltage Rating"; Value = "16V"; VariantName = "[No Variations]"
Added Component: Designator=C88(FP-CC0201-BA-IPC_A)
Add component (AddParameter): Name = "Capacitor Type"; Value = ""; VariantName = "[No Variations]"
Add component (AddParameter): Name = "Case/Package"; Value = "0201"; VariantName = "[No Variations]"
Add component (AddParameter): Name = "Max Operating Temperature"; Value = "85°C"; VariantName = "[No Variations]"
Add component (AddParameter): Name = "Min Operating Temperature"; Value = "-55°C"; VariantName = "[No Variations]"
Add component (AddParameter): Name = "Mounting Technology"; Value = "Surface Mount"; VariantName = "[No Variations]"
Add component (AddParameter): Name = "Pins"; Value = ""; VariantName = "[No Variations]"
Add component (AddParameter): Name = "Ripple Current"; Value = ""; VariantName = "[No Variations]"
Add component (AddParameter): Name = "Ripple Current (AC)"; Value = ""; VariantName = "[No Variations]"
Add component (AddParameter): Name = "RoHS Compliant"; Value = ""; VariantName = "[No Variations]"
Add component (AddParameter): Name = "Tolerance"; Value = "10%"; VariantName = "[No Variations]"
Add component (AddParameter): Name = "Value"; Value = "100nF"; VariantName = "[No Variations]"
Add component (AddParameter): Name = "Voltage Rating"; Value = "16V"; VariantName = "[No Variations]"
Added Component: Designator=C89(FP-GRM186-0_2-IPC_A)
Add component (AddParameter): Name = "Capacitor Type"; Value = ""; VariantName = "[No Variations]"
Add component (AddParameter): Name = "Case/Package"; Value = "0603"; VariantName = "[No Variations]"
Add component (AddParameter): Name = "Max Operating Temperature"; Value = "85°C"; VariantName = "[No Variations]"
Add component (AddParameter): Name = "Min Operating Temperature"; Value = "-55°C"; VariantName = "[No Variations]"
Add component (AddParameter): Name = "Mounting Technology"; Value = "Surface Mount"; VariantName = "[No Variations]"
Add component (AddParameter): Name = "Pins"; Value = ""; VariantName = "[No Variations]"
Add component (AddParameter): Name = "Ripple Current"; Value = ""; VariantName = "[No Variations]"
Add component (AddParameter): Name = "Ripple Current (AC)"; Value = ""; VariantName = "[No Variations]"
Add component (AddParameter): Name = "RoHS Compliant"; Value = ""; VariantName = "[No Variations]"
Add component (AddParameter): Name = "Tolerance"; Value = "20%"; VariantName = "[No Variations]"
Add component (AddParameter): Name = "Value"; Value = "22µF"; VariantName = "[No Variations]"
Add component (AddParameter): Name = "Voltage Rating"; Value = "6.3V"; VariantName = "[No Variations]"
Added Component: Designator=C90(FP-GRM186-0_2-IPC_A)
Add component (AddParameter): Name = "Capacitor Type"; Value = ""; VariantName = "[No Variations]"
Add component (AddParameter): Name = "Case/Package"; Value = "0603"; VariantName = "[No Variations]"
Add component (AddParameter): Name = "Max Operating Temperature"; Value = "85°C"; VariantName = "[No Variations]"
Add component (AddParameter): Name = "Min Operating Temperature"; Value = "-55°C"; VariantName = "[No Variations]"
Add component (AddParameter): Name = "Mounting Technology"; Value = "Surface Mount"; VariantName = "[No Variations]"
Add component (AddParameter): Name = "Pins"; Value = ""; VariantName = "[No Variations]"
Add component (AddParameter): Name = "Ripple Current"; Value = ""; VariantName = "[No Variations]"
Add component (AddParameter): Name = "Ripple Current (AC)"; Value = ""; VariantName = "[No Variations]"
Add component (AddParameter): Name = "RoHS Compliant"; Value = ""; VariantName = "[No Variations]"
Add component (AddParameter): Name = "Tolerance"; Value = "20%"; VariantName = "[No Variations]"
Add component (AddParameter): Name = "Value"; Value = "22µF"; VariantName = "[No Variations]"
Add component (AddParameter): Name = "Voltage Rating"; Value = "6.3V"; VariantName = "[No Variations]"
Added Component: Designator=C91(FP-GRM155-0_2-0_1-IPC_C)
Add component (AddParameter): Name = "Capacitor Type"; Value = ""; VariantName = "[No Variations]"
Add component (AddParameter): Name = "Case/Package"; Value = "0402"; VariantName = "[No Variations]"
Add component (AddParameter): Name = "Max Operating Temperature"; Value = "85°C"; VariantName = "[No Variations]"
Add component (AddParameter): Name = "Min Operating Temperature"; Value = "-55°C"; VariantName = "[No Variations]"
Add component (AddParameter): Name = "Mounting Technology"; Value = "Surface Mount"; VariantName = "[No Variations]"
Add component (AddParameter): Name = "Pins"; Value = ""; VariantName = "[No Variations]"
Add component (AddParameter): Name = "Ripple Current"; Value = ""; VariantName = "[No Variations]"
Add component (AddParameter): Name = "Ripple Current (AC)"; Value = ""; VariantName = "[No Variations]"
Add component (AddParameter): Name = "RoHS Compliant"; Value = ""; VariantName = "[No Variations]"
Add component (AddParameter): Name = "Tolerance"; Value = "20%"; VariantName = "[No Variations]"
Add component (AddParameter): Name = "Value"; Value = "10µF"; VariantName = "[No Variations]"
Add component (AddParameter): Name = "Voltage Rating"; Value = "4V"; VariantName = "[No Variations]"
Added Component: Designator=C92(FP-CC0201-BA-IPC_A)
Add component (AddParameter): Name = "Capacitor Type"; Value = ""; VariantName = "[No Variations]"
Add component (AddParameter): Name = "Case/Package"; Value = "0201"; VariantName = "[No Variations]"
Add component (AddParameter): Name = "Max Operating Temperature"; Value = "85°C"; VariantName = "[No Variations]"
Add component (AddParameter): Name = "Min Operating Temperature"; Value = "-55°C"; VariantName = "[No Variations]"
Add component (AddParameter): Name = "Mounting Technology"; Value = "Surface Mount"; VariantName = "[No Variations]"
Add component (AddParameter): Name = "Pins"; Value = ""; VariantName = "[No Variations]"
Add component (AddParameter): Name = "Ripple Current"; Value = ""; VariantName = "[No Variations]"
Add component (AddParameter): Name = "Ripple Current (AC)"; Value = ""; VariantName = "[No Variations]"
Add component (AddParameter): Name = "RoHS Compliant"; Value = ""; VariantName = "[No Variations]"
Add component (AddParameter): Name = "Tolerance"; Value = "10%"; VariantName = "[No Variations]"
Add component (AddParameter): Name = "Value"; Value = "100nF"; VariantName = "[No Variations]"
Add component (AddParameter): Name = "Voltage Rating"; Value = "16V"; VariantName = "[No Variations]"
Added Component: Designator=C93(FP-CC0201-BA-IPC_A)
Add component (AddParameter): Name = "Capacitor Type"; Value = ""; VariantName = "[No Variations]"
Add component (AddParameter): Name = "Case/Package"; Value = "0201"; VariantName = "[No Variations]"
Add component (AddParameter): Name = "Max Operating Temperature"; Value = "85°C"; VariantName = "[No Variations]"
Add component (AddParameter): Name = "Min Operating Temperature"; Value = "-55°C"; VariantName = "[No Variations]"
Add component (AddParameter): Name = "Mounting Technology"; Value = "Surface Mount"; VariantName = "[No Variations]"
Add component (AddParameter): Name = "Pins"; Value = ""; VariantName = "[No Variations]"
Add component (AddParameter): Name = "Ripple Current"; Value = ""; VariantName = "[No Variations]"
Add component (AddParameter): Name = "Ripple Current (AC)"; Value = ""; VariantName = "[No Variations]"
Add component (AddParameter): Name = "RoHS Compliant"; Value = ""; VariantName = "[No Variations]"
Add component (AddParameter): Name = "Tolerance"; Value = "10%"; VariantName = "[No Variations]"
Add component (AddParameter): Name = "Value"; Value = "100nF"; VariantName = "[No Variations]"
Add component (AddParameter): Name = "Voltage Rating"; Value = "16V"; VariantName = "[No Variations]"
Added Component: Designator=C94(FP-CC0201-BA-IPC_A)
Add component (AddParameter): Name = "Capacitor Type"; Value = ""; VariantName = "[No Variations]"
Add component (AddParameter): Name = "Case/Package"; Value = "0201"; VariantName = "[No Variations]"
Add component (AddParameter): Name = "Max Operating Temperature"; Value = "85°C"; VariantName = "[No Variations]"
Add component (AddParameter): Name = "Min Operating Temperature"; Value = "-55°C"; VariantName = "[No Variations]"
Add component (AddParameter): Name = "Mounting Technology"; Value = "Surface Mount"; VariantName = "[No Variations]"
Add component (AddParameter): Name = "Pins"; Value = ""; VariantName = "[No Variations]"
Add component (AddParameter): Name = "Ripple Current"; Value = ""; VariantName = "[No Variations]"
Add component (AddParameter): Name = "Ripple Current (AC)"; Value = ""; VariantName = "[No Variations]"
Add component (AddParameter): Name = "RoHS Compliant"; Value = ""; VariantName = "[No Variations]"
Add component (AddParameter): Name = "Tolerance"; Value = "10%"; VariantName = "[No Variations]"
Add component (AddParameter): Name = "Value"; Value = "100nF"; VariantName = "[No Variations]"
Add component (AddParameter): Name = "Voltage Rating"; Value = "16V"; VariantName = "[No Variations]"
Added Component: Designator=C95(FP-CC0201-BA-IPC_A)
Add component (AddParameter): Name = "Capacitor Type"; Value = ""; VariantName = "[No Variations]"
Add component (AddParameter): Name = "Case/Package"; Value = "0201"; VariantName = "[No Variations]"
Add component (AddParameter): Name = "Max Operating Temperature"; Value = "85°C"; VariantName = "[No Variations]"
Add component (AddParameter): Name = "Min Operating Temperature"; Value = "-55°C"; VariantName = "[No Variations]"
Add component (AddParameter): Name = "Mounting Technology"; Value = "Surface Mount"; VariantName = "[No Variations]"
Add component (AddParameter): Name = "Pins"; Value = ""; VariantName = "[No Variations]"
Add component (AddParameter): Name = "Ripple Current"; Value = ""; VariantName = "[No Variations]"
Add component (AddParameter): Name = "Ripple Current (AC)"; Value = ""; VariantName = "[No Variations]"
Add component (AddParameter): Name = "RoHS Compliant"; Value = ""; VariantName = "[No Variations]"
Add component (AddParameter): Name = "Tolerance"; Value = "10%"; VariantName = "[No Variations]"
Add component (AddParameter): Name = "Value"; Value = "100nF"; VariantName = "[No Variations]"
Add component (AddParameter): Name = "Voltage Rating"; Value = "16V"; VariantName = "[No Variations]"
Added Component: Designator=C96(FP-CC0201-BA-IPC_A)
Add component (AddParameter): Name = "Capacitor Type"; Value = ""; VariantName = "[No Variations]"
Add component (AddParameter): Name = "Case/Package"; Value = "0201"; VariantName = "[No Variations]"
Add component (AddParameter): Name = "Max Operating Temperature"; Value = "85°C"; VariantName = "[No Variations]"
Add component (AddParameter): Name = "Min Operating Temperature"; Value = "-55°C"; VariantName = "[No Variations]"
Add component (AddParameter): Name = "Mounting Technology"; Value = "Surface Mount"; VariantName = "[No Variations]"
Add component (AddParameter): Name = "Pins"; Value = ""; VariantName = "[No Variations]"
Add component (AddParameter): Name = "Ripple Current"; Value = ""; VariantName = "[No Variations]"
Add component (AddParameter): Name = "Ripple Current (AC)"; Value = ""; VariantName = "[No Variations]"
Add component (AddParameter): Name = "RoHS Compliant"; Value = ""; VariantName = "[No Variations]"
Add component (AddParameter): Name = "Tolerance"; Value = "10%"; VariantName = "[No Variations]"
Add component (AddParameter): Name = "Value"; Value = "100nF"; VariantName = "[No Variations]"
Add component (AddParameter): Name = "Voltage Rating"; Value = "16V"; VariantName = "[No Variations]"
Added Component: Designator=C97(FP-GRM186-0_2-IPC_A)
Add component (AddParameter): Name = "Capacitor Type"; Value = ""; VariantName = "[No Variations]"
Add component (AddParameter): Name = "Case/Package"; Value = "0603"; VariantName = "[No Variations]"
Add component (AddParameter): Name = "Max Operating Temperature"; Value = "85°C"; VariantName = "[No Variations]"
Add component (AddParameter): Name = "Min Operating Temperature"; Value = "-55°C"; VariantName = "[No Variations]"
Add component (AddParameter): Name = "Mounting Technology"; Value = "Surface Mount"; VariantName = "[No Variations]"
Add component (AddParameter): Name = "Pins"; Value = ""; VariantName = "[No Variations]"
Add component (AddParameter): Name = "Ripple Current"; Value = ""; VariantName = "[No Variations]"
Add component (AddParameter): Name = "Ripple Current (AC)"; Value = ""; VariantName = "[No Variations]"
Add component (AddParameter): Name = "RoHS Compliant"; Value = ""; VariantName = "[No Variations]"
Add component (AddParameter): Name = "Tolerance"; Value = "20%"; VariantName = "[No Variations]"
Add component (AddParameter): Name = "Value"; Value = "22µF"; VariantName = "[No Variations]"
Add component (AddParameter): Name = "Voltage Rating"; Value = "6.3V"; VariantName = "[No Variations]"
Added Component: Designator=C98(FP-GRM186-0_2-IPC_A)
Add component (AddParameter): Name = "Capacitor Type"; Value = ""; VariantName = "[No Variations]"
Add component (AddParameter): Name = "Case/Package"; Value = "0603"; VariantName = "[No Variations]"
Add component (AddParameter): Name = "Max Operating Temperature"; Value = "85°C"; VariantName = "[No Variations]"
Add component (AddParameter): Name = "Min Operating Temperature"; Value = "-55°C"; VariantName = "[No Variations]"
Add component (AddParameter): Name = "Mounting Technology"; Value = "Surface Mount"; VariantName = "[No Variations]"
Add component (AddParameter): Name = "Pins"; Value = ""; VariantName = "[No Variations]"
Add component (AddParameter): Name = "Ripple Current"; Value = ""; VariantName = "[No Variations]"
Add component (AddParameter): Name = "Ripple Current (AC)"; Value = ""; VariantName = "[No Variations]"
Add component (AddParameter): Name = "RoHS Compliant"; Value = ""; VariantName = "[No Variations]"
Add component (AddParameter): Name = "Tolerance"; Value = "20%"; VariantName = "[No Variations]"
Add component (AddParameter): Name = "Value"; Value = "22µF"; VariantName = "[No Variations]"
Add component (AddParameter): Name = "Voltage Rating"; Value = "6.3V"; VariantName = "[No Variations]"
Added Component: Designator=C99(FP-GRM155-0_2-0_1-IPC_C)
Add component (AddParameter): Name = "Capacitor Type"; Value = ""; VariantName = "[No Variations]"
Add component (AddParameter): Name = "Case/Package"; Value = "0402"; VariantName = "[No Variations]"
Add component (AddParameter): Name = "Max Operating Temperature"; Value = "85°C"; VariantName = "[No Variations]"
Add component (AddParameter): Name = "Min Operating Temperature"; Value = "-55°C"; VariantName = "[No Variations]"
Add component (AddParameter): Name = "Mounting Technology"; Value = "Surface Mount"; VariantName = "[No Variations]"
Add component (AddParameter): Name = "Pins"; Value = ""; VariantName = "[No Variations]"
Add component (AddParameter): Name = "Ripple Current"; Value = ""; VariantName = "[No Variations]"
Add component (AddParameter): Name = "Ripple Current (AC)"; Value = ""; VariantName = "[No Variations]"
Add component (AddParameter): Name = "RoHS Compliant"; Value = ""; VariantName = "[No Variations]"
Add component (AddParameter): Name = "Tolerance"; Value = "20%"; VariantName = "[No Variations]"
Add component (AddParameter): Name = "Value"; Value = "10µF"; VariantName = "[No Variations]"
Add component (AddParameter): Name = "Voltage Rating"; Value = "4V"; VariantName = "[No Variations]"
Added Component: Designator=C100(FP-CC0201-BA-IPC_A)
Add component (AddParameter): Name = "Capacitor Type"; Value = ""; VariantName = "[No Variations]"
Add component (AddParameter): Name = "Case/Package"; Value = "0201"; VariantName = "[No Variations]"
Add component (AddParameter): Name = "Max Operating Temperature"; Value = "85°C"; VariantName = "[No Variations]"
Add component (AddParameter): Name = "Min Operating Temperature"; Value = "-55°C"; VariantName = "[No Variations]"
Add component (AddParameter): Name = "Mounting Technology"; Value = "Surface Mount"; VariantName = "[No Variations]"
Add component (AddParameter): Name = "Pins"; Value = ""; VariantName = "[No Variations]"
Add component (AddParameter): Name = "Ripple Current"; Value = ""; VariantName = "[No Variations]"
Add component (AddParameter): Name = "Ripple Current (AC)"; Value = ""; VariantName = "[No Variations]"
Add component (AddParameter): Name = "RoHS Compliant"; Value = ""; VariantName = "[No Variations]"
Add component (AddParameter): Name = "Tolerance"; Value = "10%"; VariantName = "[No Variations]"
Add component (AddParameter): Name = "Value"; Value = "100nF"; VariantName = "[No Variations]"
Add component (AddParameter): Name = "Voltage Rating"; Value = "16V"; VariantName = "[No Variations]"
Added Component: Designator=C101(FP-CC0201-BA-IPC_A)
Add component (AddParameter): Name = "Capacitor Type"; Value = ""; VariantName = "[No Variations]"
Add component (AddParameter): Name = "Case/Package"; Value = "0201"; VariantName = "[No Variations]"
Add component (AddParameter): Name = "Max Operating Temperature"; Value = "85°C"; VariantName = "[No Variations]"
Add component (AddParameter): Name = "Min Operating Temperature"; Value = "-55°C"; VariantName = "[No Variations]"
Add component (AddParameter): Name = "Mounting Technology"; Value = "Surface Mount"; VariantName = "[No Variations]"
Add component (AddParameter): Name = "Pins"; Value = ""; VariantName = "[No Variations]"
Add component (AddParameter): Name = "Ripple Current"; Value = ""; VariantName = "[No Variations]"
Add component (AddParameter): Name = "Ripple Current (AC)"; Value = ""; VariantName = "[No Variations]"
Add component (AddParameter): Name = "RoHS Compliant"; Value = ""; VariantName = "[No Variations]"
Add component (AddParameter): Name = "Tolerance"; Value = "10%"; VariantName = "[No Variations]"
Add component (AddParameter): Name = "Value"; Value = "100nF"; VariantName = "[No Variations]"
Add component (AddParameter): Name = "Voltage Rating"; Value = "16V"; VariantName = "[No Variations]"
Added Component: Designator=C102(FP-CC0201-BA-IPC_A)
Add component (AddParameter): Name = "Capacitor Type"; Value = ""; VariantName = "[No Variations]"
Add component (AddParameter): Name = "Case/Package"; Value = "0201"; VariantName = "[No Variations]"
Add component (AddParameter): Name = "Max Operating Temperature"; Value = "85°C"; VariantName = "[No Variations]"
Add component (AddParameter): Name = "Min Operating Temperature"; Value = "-55°C"; VariantName = "[No Variations]"
Add component (AddParameter): Name = "Mounting Technology"; Value = "Surface Mount"; VariantName = "[No Variations]"
Add component (AddParameter): Name = "Pins"; Value = ""; VariantName = "[No Variations]"
Add component (AddParameter): Name = "Ripple Current"; Value = ""; VariantName = "[No Variations]"
Add component (AddParameter): Name = "Ripple Current (AC)"; Value = ""; VariantName = "[No Variations]"
Add component (AddParameter): Name = "RoHS Compliant"; Value = ""; VariantName = "[No Variations]"
Add component (AddParameter): Name = "Tolerance"; Value = "10%"; VariantName = "[No Variations]"
Add component (AddParameter): Name = "Value"; Value = "100nF"; VariantName = "[No Variations]"
Add component (AddParameter): Name = "Voltage Rating"; Value = "16V"; VariantName = "[No Variations]"
Added Component: Designator=C103(FP-CC0201-BA-IPC_A)
Add component (AddParameter): Name = "Capacitor Type"; Value = ""; VariantName = "[No Variations]"
Add component (AddParameter): Name = "Case/Package"; Value = "0201"; VariantName = "[No Variations]"
Add component (AddParameter): Name = "Max Operating Temperature"; Value = "85°C"; VariantName = "[No Variations]"
Add component (AddParameter): Name = "Min Operating Temperature"; Value = "-55°C"; VariantName = "[No Variations]"
Add component (AddParameter): Name = "Mounting Technology"; Value = "Surface Mount"; VariantName = "[No Variations]"
Add component (AddParameter): Name = "Pins"; Value = ""; VariantName = "[No Variations]"
Add component (AddParameter): Name = "Ripple Current"; Value = ""; VariantName = "[No Variations]"
Add component (AddParameter): Name = "Ripple Current (AC)"; Value = ""; VariantName = "[No Variations]"
Add component (AddParameter): Name = "RoHS Compliant"; Value = ""; VariantName = "[No Variations]"
Add component (AddParameter): Name = "Tolerance"; Value = "10%"; VariantName = "[No Variations]"
Add component (AddParameter): Name = "Value"; Value = "100nF"; VariantName = "[No Variations]"
Add component (AddParameter): Name = "Voltage Rating"; Value = "16V"; VariantName = "[No Variations]"
Added Component: Designator=C104(FP-CC0201-BA-IPC_A)
Add component (AddParameter): Name = "Capacitor Type"; Value = ""; VariantName = "[No Variations]"
Add component (AddParameter): Name = "Case/Package"; Value = "0201"; VariantName = "[No Variations]"
Add component (AddParameter): Name = "Max Operating Temperature"; Value = "85°C"; VariantName = "[No Variations]"
Add component (AddParameter): Name = "Min Operating Temperature"; Value = "-55°C"; VariantName = "[No Variations]"
Add component (AddParameter): Name = "Mounting Technology"; Value = "Surface Mount"; VariantName = "[No Variations]"
Add component (AddParameter): Name = "Pins"; Value = ""; VariantName = "[No Variations]"
Add component (AddParameter): Name = "Ripple Current"; Value = ""; VariantName = "[No Variations]"
Add component (AddParameter): Name = "Ripple Current (AC)"; Value = ""; VariantName = "[No Variations]"
Add component (AddParameter): Name = "RoHS Compliant"; Value = ""; VariantName = "[No Variations]"
Add component (AddParameter): Name = "Tolerance"; Value = "10%"; VariantName = "[No Variations]"
Add component (AddParameter): Name = "Value"; Value = "100nF"; VariantName = "[No Variations]"
Add component (AddParameter): Name = "Voltage Rating"; Value = "16V"; VariantName = "[No Variations]"
Added Component: Designator=C105(FP-GRM186-0_2-IPC_A)
Add component (AddParameter): Name = "Capacitor Type"; Value = ""; VariantName = "[No Variations]"
Add component (AddParameter): Name = "Case/Package"; Value = "0603"; VariantName = "[No Variations]"
Add component (AddParameter): Name = "Max Operating Temperature"; Value = "85°C"; VariantName = "[No Variations]"
Add component (AddParameter): Name = "Min Operating Temperature"; Value = "-55°C"; VariantName = "[No Variations]"
Add component (AddParameter): Name = "Mounting Technology"; Value = "Surface Mount"; VariantName = "[No Variations]"
Add component (AddParameter): Name = "Pins"; Value = ""; VariantName = "[No Variations]"
Add component (AddParameter): Name = "Ripple Current"; Value = ""; VariantName = "[No Variations]"
Add component (AddParameter): Name = "Ripple Current (AC)"; Value = ""; VariantName = "[No Variations]"
Add component (AddParameter): Name = "RoHS Compliant"; Value = ""; VariantName = "[No Variations]"
Add component (AddParameter): Name = "Tolerance"; Value = "20%"; VariantName = "[No Variations]"
Add component (AddParameter): Name = "Value"; Value = "22µF"; VariantName = "[No Variations]"
Add component (AddParameter): Name = "Voltage Rating"; Value = "6.3V"; VariantName = "[No Variations]"
Added Component: Designator=C106(FP-GRM186-0_2-IPC_A)
Add component (AddParameter): Name = "Capacitor Type"; Value = ""; VariantName = "[No Variations]"
Add component (AddParameter): Name = "Case/Package"; Value = "0603"; VariantName = "[No Variations]"
Add component (AddParameter): Name = "Max Operating Temperature"; Value = "85°C"; VariantName = "[No Variations]"
Add component (AddParameter): Name = "Min Operating Temperature"; Value = "-55°C"; VariantName = "[No Variations]"
Add component (AddParameter): Name = "Mounting Technology"; Value = "Surface Mount"; VariantName = "[No Variations]"
Add component (AddParameter): Name = "Pins"; Value = ""; VariantName = "[No Variations]"
Add component (AddParameter): Name = "Ripple Current"; Value = ""; VariantName = "[No Variations]"
Add component (AddParameter): Name = "Ripple Current (AC)"; Value = ""; VariantName = "[No Variations]"
Add component (AddParameter): Name = "RoHS Compliant"; Value = ""; VariantName = "[No Variations]"
Add component (AddParameter): Name = "Tolerance"; Value = "20%"; VariantName = "[No Variations]"
Add component (AddParameter): Name = "Value"; Value = "22µF"; VariantName = "[No Variations]"
Add component (AddParameter): Name = "Voltage Rating"; Value = "6.3V"; VariantName = "[No Variations]"
Added Component: Designator=C107(FP-GRM155-0_2-0_1-IPC_C)
Add component (AddParameter): Name = "Capacitor Type"; Value = ""; VariantName = "[No Variations]"
Add component (AddParameter): Name = "Case/Package"; Value = "0402"; VariantName = "[No Variations]"
Add component (AddParameter): Name = "Max Operating Temperature"; Value = "85°C"; VariantName = "[No Variations]"
Add component (AddParameter): Name = "Min Operating Temperature"; Value = "-55°C"; VariantName = "[No Variations]"
Add component (AddParameter): Name = "Mounting Technology"; Value = "Surface Mount"; VariantName = "[No Variations]"
Add component (AddParameter): Name = "Pins"; Value = ""; VariantName = "[No Variations]"
Add component (AddParameter): Name = "Ripple Current"; Value = ""; VariantName = "[No Variations]"
Add component (AddParameter): Name = "Ripple Current (AC)"; Value = ""; VariantName = "[No Variations]"
Add component (AddParameter): Name = "RoHS Compliant"; Value = ""; VariantName = "[No Variations]"
Add component (AddParameter): Name = "Tolerance"; Value = "20%"; VariantName = "[No Variations]"
Add component (AddParameter): Name = "Value"; Value = "10µF"; VariantName = "[No Variations]"
Add component (AddParameter): Name = "Voltage Rating"; Value = "4V"; VariantName = "[No Variations]"
Added Component: Designator=C108(FP-CC0201-BA-IPC_A)
Add component (AddParameter): Name = "Capacitor Type"; Value = ""; VariantName = "[No Variations]"
Add component (AddParameter): Name = "Case/Package"; Value = "0201"; VariantName = "[No Variations]"
Add component (AddParameter): Name = "Max Operating Temperature"; Value = "85°C"; VariantName = "[No Variations]"
Add component (AddParameter): Name = "Min Operating Temperature"; Value = "-55°C"; VariantName = "[No Variations]"
Add component (AddParameter): Name = "Mounting Technology"; Value = "Surface Mount"; VariantName = "[No Variations]"
Add component (AddParameter): Name = "Pins"; Value = ""; VariantName = "[No Variations]"
Add component (AddParameter): Name = "Ripple Current"; Value = ""; VariantName = "[No Variations]"
Add component (AddParameter): Name = "Ripple Current (AC)"; Value = ""; VariantName = "[No Variations]"
Add component (AddParameter): Name = "RoHS Compliant"; Value = ""; VariantName = "[No Variations]"
Add component (AddParameter): Name = "Tolerance"; Value = "10%"; VariantName = "[No Variations]"
Add component (AddParameter): Name = "Value"; Value = "100nF"; VariantName = "[No Variations]"
Add component (AddParameter): Name = "Voltage Rating"; Value = "16V"; VariantName = "[No Variations]"
Added Component: Designator=C109(FP-CC0201-BA-IPC_A)
Add component (AddParameter): Name = "Capacitor Type"; Value = ""; VariantName = "[No Variations]"
Add component (AddParameter): Name = "Case/Package"; Value = "0201"; VariantName = "[No Variations]"
Add component (AddParameter): Name = "Max Operating Temperature"; Value = "85°C"; VariantName = "[No Variations]"
Add component (AddParameter): Name = "Min Operating Temperature"; Value = "-55°C"; VariantName = "[No Variations]"
Add component (AddParameter): Name = "Mounting Technology"; Value = "Surface Mount"; VariantName = "[No Variations]"
Add component (AddParameter): Name = "Pins"; Value = ""; VariantName = "[No Variations]"
Add component (AddParameter): Name = "Ripple Current"; Value = ""; VariantName = "[No Variations]"
Add component (AddParameter): Name = "Ripple Current (AC)"; Value = ""; VariantName = "[No Variations]"
Add component (AddParameter): Name = "RoHS Compliant"; Value = ""; VariantName = "[No Variations]"
Add component (AddParameter): Name = "Tolerance"; Value = "10%"; VariantName = "[No Variations]"
Add component (AddParameter): Name = "Value"; Value = "100nF"; VariantName = "[No Variations]"
Add component (AddParameter): Name = "Voltage Rating"; Value = "16V"; VariantName = "[No Variations]"
Added Component: Designator=C110(FP-CC0201-BA-IPC_A)
Add component (AddParameter): Name = "Capacitor Type"; Value = ""; VariantName = "[No Variations]"
Add component (AddParameter): Name = "Case/Package"; Value = "0201"; VariantName = "[No Variations]"
Add component (AddParameter): Name = "Max Operating Temperature"; Value = "85°C"; VariantName = "[No Variations]"
Add component (AddParameter): Name = "Min Operating Temperature"; Value = "-55°C"; VariantName = "[No Variations]"
Add component (AddParameter): Name = "Mounting Technology"; Value = "Surface Mount"; VariantName = "[No Variations]"
Add component (AddParameter): Name = "Pins"; Value = ""; VariantName = "[No Variations]"
Add component (AddParameter): Name = "Ripple Current"; Value = ""; VariantName = "[No Variations]"
Add component (AddParameter): Name = "Ripple Current (AC)"; Value = ""; VariantName = "[No Variations]"
Add component (AddParameter): Name = "RoHS Compliant"; Value = ""; VariantName = "[No Variations]"
Add component (AddParameter): Name = "Tolerance"; Value = "10%"; VariantName = "[No Variations]"
Add component (AddParameter): Name = "Value"; Value = "100nF"; VariantName = "[No Variations]"
Add component (AddParameter): Name = "Voltage Rating"; Value = "16V"; VariantName = "[No Variations]"
Added Component: Designator=C111(FP-CC0201-BA-IPC_A)
Add component (AddParameter): Name = "Capacitor Type"; Value = ""; VariantName = "[No Variations]"
Add component (AddParameter): Name = "Case/Package"; Value = "0201"; VariantName = "[No Variations]"
Add component (AddParameter): Name = "Max Operating Temperature"; Value = "85°C"; VariantName = "[No Variations]"
Add component (AddParameter): Name = "Min Operating Temperature"; Value = "-55°C"; VariantName = "[No Variations]"
Add component (AddParameter): Name = "Mounting Technology"; Value = "Surface Mount"; VariantName = "[No Variations]"
Add component (AddParameter): Name = "Pins"; Value = ""; VariantName = "[No Variations]"
Add component (AddParameter): Name = "Ripple Current"; Value = ""; VariantName = "[No Variations]"
Add component (AddParameter): Name = "Ripple Current (AC)"; Value = ""; VariantName = "[No Variations]"
Add component (AddParameter): Name = "RoHS Compliant"; Value = ""; VariantName = "[No Variations]"
Add component (AddParameter): Name = "Tolerance"; Value = "10%"; VariantName = "[No Variations]"
Add component (AddParameter): Name = "Value"; Value = "100nF"; VariantName = "[No Variations]"
Add component (AddParameter): Name = "Voltage Rating"; Value = "16V"; VariantName = "[No Variations]"
Added Component: Designator=C112(FP-CC0201-BA-IPC_A)
Add component (AddParameter): Name = "Capacitor Type"; Value = ""; VariantName = "[No Variations]"
Add component (AddParameter): Name = "Case/Package"; Value = "0201"; VariantName = "[No Variations]"
Add component (AddParameter): Name = "Max Operating Temperature"; Value = "85°C"; VariantName = "[No Variations]"
Add component (AddParameter): Name = "Min Operating Temperature"; Value = "-55°C"; VariantName = "[No Variations]"
Add component (AddParameter): Name = "Mounting Technology"; Value = "Surface Mount"; VariantName = "[No Variations]"
Add component (AddParameter): Name = "Pins"; Value = ""; VariantName = "[No Variations]"
Add component (AddParameter): Name = "Ripple Current"; Value = ""; VariantName = "[No Variations]"
Add component (AddParameter): Name = "Ripple Current (AC)"; Value = ""; VariantName = "[No Variations]"
Add component (AddParameter): Name = "RoHS Compliant"; Value = ""; VariantName = "[No Variations]"
Add component (AddParameter): Name = "Tolerance"; Value = "10%"; VariantName = "[No Variations]"
Add component (AddParameter): Name = "Value"; Value = "100nF"; VariantName = "[No Variations]"
Add component (AddParameter): Name = "Voltage Rating"; Value = "16V"; VariantName = "[No Variations]"
Added Component: Designator=C113(FP-GRM186-0_2-IPC_A)
Add component (AddParameter): Name = "Capacitor Type"; Value = ""; VariantName = "[No Variations]"
Add component (AddParameter): Name = "Case/Package"; Value = "0603"; VariantName = "[No Variations]"
Add component (AddParameter): Name = "Max Operating Temperature"; Value = "85°C"; VariantName = "[No Variations]"
Add component (AddParameter): Name = "Min Operating Temperature"; Value = "-55°C"; VariantName = "[No Variations]"
Add component (AddParameter): Name = "Mounting Technology"; Value = "Surface Mount"; VariantName = "[No Variations]"
Add component (AddParameter): Name = "Pins"; Value = ""; VariantName = "[No Variations]"
Add component (AddParameter): Name = "Ripple Current"; Value = ""; VariantName = "[No Variations]"
Add component (AddParameter): Name = "Ripple Current (AC)"; Value = ""; VariantName = "[No Variations]"
Add component (AddParameter): Name = "RoHS Compliant"; Value = ""; VariantName = "[No Variations]"
Add component (AddParameter): Name = "Tolerance"; Value = "20%"; VariantName = "[No Variations]"
Add component (AddParameter): Name = "Value"; Value = "22µF"; VariantName = "[No Variations]"
Add component (AddParameter): Name = "Voltage Rating"; Value = "6.3V"; VariantName = "[No Variations]"
Added Component: Designator=C114(FP-GRM186-0_2-IPC_A)
Add component (AddParameter): Name = "Capacitor Type"; Value = ""; VariantName = "[No Variations]"
Add component (AddParameter): Name = "Case/Package"; Value = "0603"; VariantName = "[No Variations]"
Add component (AddParameter): Name = "Max Operating Temperature"; Value = "85°C"; VariantName = "[No Variations]"
Add component (AddParameter): Name = "Min Operating Temperature"; Value = "-55°C"; VariantName = "[No Variations]"
Add component (AddParameter): Name = "Mounting Technology"; Value = "Surface Mount"; VariantName = "[No Variations]"
Add component (AddParameter): Name = "Pins"; Value = ""; VariantName = "[No Variations]"
Add component (AddParameter): Name = "Ripple Current"; Value = ""; VariantName = "[No Variations]"
Add component (AddParameter): Name = "Ripple Current (AC)"; Value = ""; VariantName = "[No Variations]"
Add component (AddParameter): Name = "RoHS Compliant"; Value = ""; VariantName = "[No Variations]"
Add component (AddParameter): Name = "Tolerance"; Value = "20%"; VariantName = "[No Variations]"
Add component (AddParameter): Name = "Value"; Value = "22µF"; VariantName = "[No Variations]"
Add component (AddParameter): Name = "Voltage Rating"; Value = "6.3V"; VariantName = "[No Variations]"
Added Component: Designator=C115(FP-GRM155-0_2-0_1-IPC_C)
Add component (AddParameter): Name = "Capacitor Type"; Value = ""; VariantName = "[No Variations]"
Add component (AddParameter): Name = "Case/Package"; Value = "0402"; VariantName = "[No Variations]"
Add component (AddParameter): Name = "Max Operating Temperature"; Value = "85°C"; VariantName = "[No Variations]"
Add component (AddParameter): Name = "Min Operating Temperature"; Value = "-55°C"; VariantName = "[No Variations]"
Add component (AddParameter): Name = "Mounting Technology"; Value = "Surface Mount"; VariantName = "[No Variations]"
Add component (AddParameter): Name = "Pins"; Value = ""; VariantName = "[No Variations]"
Add component (AddParameter): Name = "Ripple Current"; Value = ""; VariantName = "[No Variations]"
Add component (AddParameter): Name = "Ripple Current (AC)"; Value = ""; VariantName = "[No Variations]"
Add component (AddParameter): Name = "RoHS Compliant"; Value = ""; VariantName = "[No Variations]"
Add component (AddParameter): Name = "Tolerance"; Value = "20%"; VariantName = "[No Variations]"
Add component (AddParameter): Name = "Value"; Value = "10µF"; VariantName = "[No Variations]"
Add component (AddParameter): Name = "Voltage Rating"; Value = "4V"; VariantName = "[No Variations]"
Added Component: Designator=C116(FP-CC0201-BA-IPC_A)
Add component (AddParameter): Name = "Capacitor Type"; Value = ""; VariantName = "[No Variations]"
Add component (AddParameter): Name = "Case/Package"; Value = "0201"; VariantName = "[No Variations]"
Add component (AddParameter): Name = "Max Operating Temperature"; Value = "85°C"; VariantName = "[No Variations]"
Add component (AddParameter): Name = "Min Operating Temperature"; Value = "-55°C"; VariantName = "[No Variations]"
Add component (AddParameter): Name = "Mounting Technology"; Value = "Surface Mount"; VariantName = "[No Variations]"
Add component (AddParameter): Name = "Pins"; Value = ""; VariantName = "[No Variations]"
Add component (AddParameter): Name = "Ripple Current"; Value = ""; VariantName = "[No Variations]"
Add component (AddParameter): Name = "Ripple Current (AC)"; Value = ""; VariantName = "[No Variations]"
Add component (AddParameter): Name = "RoHS Compliant"; Value = ""; VariantName = "[No Variations]"
Add component (AddParameter): Name = "Tolerance"; Value = "10%"; VariantName = "[No Variations]"
Add component (AddParameter): Name = "Value"; Value = "100nF"; VariantName = "[No Variations]"
Add component (AddParameter): Name = "Voltage Rating"; Value = "16V"; VariantName = "[No Variations]"
Added Component: Designator=C117(FP-CC0201-BA-IPC_A)
Add component (AddParameter): Name = "Capacitor Type"; Value = ""; VariantName = "[No Variations]"
Add component (AddParameter): Name = "Case/Package"; Value = "0201"; VariantName = "[No Variations]"
Add component (AddParameter): Name = "Max Operating Temperature"; Value = "85°C"; VariantName = "[No Variations]"
Add component (AddParameter): Name = "Min Operating Temperature"; Value = "-55°C"; VariantName = "[No Variations]"
Add component (AddParameter): Name = "Mounting Technology"; Value = "Surface Mount"; VariantName = "[No Variations]"
Add component (AddParameter): Name = "Pins"; Value = ""; VariantName = "[No Variations]"
Add component (AddParameter): Name = "Ripple Current"; Value = ""; VariantName = "[No Variations]"
Add component (AddParameter): Name = "Ripple Current (AC)"; Value = ""; VariantName = "[No Variations]"
Add component (AddParameter): Name = "RoHS Compliant"; Value = ""; VariantName = "[No Variations]"
Add component (AddParameter): Name = "Tolerance"; Value = "10%"; VariantName = "[No Variations]"
Add component (AddParameter): Name = "Value"; Value = "100nF"; VariantName = "[No Variations]"
Add component (AddParameter): Name = "Voltage Rating"; Value = "16V"; VariantName = "[No Variations]"
Added Component: Designator=C118(FP-CC0201-BA-IPC_A)
Add component (AddParameter): Name = "Capacitor Type"; Value = ""; VariantName = "[No Variations]"
Add component (AddParameter): Name = "Case/Package"; Value = "0201"; VariantName = "[No Variations]"
Add component (AddParameter): Name = "Max Operating Temperature"; Value = "85°C"; VariantName = "[No Variations]"
Add component (AddParameter): Name = "Min Operating Temperature"; Value = "-55°C"; VariantName = "[No Variations]"
Add component (AddParameter): Name = "Mounting Technology"; Value = "Surface Mount"; VariantName = "[No Variations]"
Add component (AddParameter): Name = "Pins"; Value = ""; VariantName = "[No Variations]"
Add component (AddParameter): Name = "Ripple Current"; Value = ""; VariantName = "[No Variations]"
Add component (AddParameter): Name = "Ripple Current (AC)"; Value = ""; VariantName = "[No Variations]"
Add component (AddParameter): Name = "RoHS Compliant"; Value = ""; VariantName = "[No Variations]"
Add component (AddParameter): Name = "Tolerance"; Value = "10%"; VariantName = "[No Variations]"
Add component (AddParameter): Name = "Value"; Value = "100nF"; VariantName = "[No Variations]"
Add component (AddParameter): Name = "Voltage Rating"; Value = "16V"; VariantName = "[No Variations]"
Added Component: Designator=C119(FP-CC0201-BA-IPC_A)
Add component (AddParameter): Name = "Capacitor Type"; Value = ""; VariantName = "[No Variations]"
Add component (AddParameter): Name = "Case/Package"; Value = "0201"; VariantName = "[No Variations]"
Add component (AddParameter): Name = "Max Operating Temperature"; Value = "85°C"; VariantName = "[No Variations]"
Add component (AddParameter): Name = "Min Operating Temperature"; Value = "-55°C"; VariantName = "[No Variations]"
Add component (AddParameter): Name = "Mounting Technology"; Value = "Surface Mount"; VariantName = "[No Variations]"
Add component (AddParameter): Name = "Pins"; Value = ""; VariantName = "[No Variations]"
Add component (AddParameter): Name = "Ripple Current"; Value = ""; VariantName = "[No Variations]"
Add component (AddParameter): Name = "Ripple Current (AC)"; Value = ""; VariantName = "[No Variations]"
Add component (AddParameter): Name = "RoHS Compliant"; Value = ""; VariantName = "[No Variations]"
Add component (AddParameter): Name = "Tolerance"; Value = "10%"; VariantName = "[No Variations]"
Add component (AddParameter): Name = "Value"; Value = "100nF"; VariantName = "[No Variations]"
Add component (AddParameter): Name = "Voltage Rating"; Value = "16V"; VariantName = "[No Variations]"
Added Component: Designator=C120(FP-CC0201-BA-IPC_A)
Add component (AddParameter): Name = "Capacitor Type"; Value = ""; VariantName = "[No Variations]"
Add component (AddParameter): Name = "Case/Package"; Value = "0201"; VariantName = "[No Variations]"
Add component (AddParameter): Name = "Max Operating Temperature"; Value = "85°C"; VariantName = "[No Variations]"
Add component (AddParameter): Name = "Min Operating Temperature"; Value = "-55°C"; VariantName = "[No Variations]"
Add component (AddParameter): Name = "Mounting Technology"; Value = "Surface Mount"; VariantName = "[No Variations]"
Add component (AddParameter): Name = "Pins"; Value = ""; VariantName = "[No Variations]"
Add component (AddParameter): Name = "Ripple Current"; Value = ""; VariantName = "[No Variations]"
Add component (AddParameter): Name = "Ripple Current (AC)"; Value = ""; VariantName = "[No Variations]"
Add component (AddParameter): Name = "RoHS Compliant"; Value = ""; VariantName = "[No Variations]"
Add component (AddParameter): Name = "Tolerance"; Value = "10%"; VariantName = "[No Variations]"
Add component (AddParameter): Name = "Value"; Value = "100nF"; VariantName = "[No Variations]"
Add component (AddParameter): Name = "Voltage Rating"; Value = "16V"; VariantName = "[No Variations]"
Added Component: Designator=C121(FP-CC0201-BA-IPC_A)
Add component (AddParameter): Name = "Capacitor Type"; Value = ""; VariantName = "[No Variations]"
Add component (AddParameter): Name = "Case/Package"; Value = "0201"; VariantName = "[No Variations]"
Add component (AddParameter): Name = "Max Operating Temperature"; Value = "85°C"; VariantName = "[No Variations]"
Add component (AddParameter): Name = "Min Operating Temperature"; Value = "-55°C"; VariantName = "[No Variations]"
Add component (AddParameter): Name = "Mounting Technology"; Value = "Surface Mount"; VariantName = "[No Variations]"
Add component (AddParameter): Name = "Pins"; Value = ""; VariantName = "[No Variations]"
Add component (AddParameter): Name = "Ripple Current"; Value = ""; VariantName = "[No Variations]"
Add component (AddParameter): Name = "Ripple Current (AC)"; Value = ""; VariantName = "[No Variations]"
Add component (AddParameter): Name = "RoHS Compliant"; Value = ""; VariantName = "[No Variations]"
Add component (AddParameter): Name = "Tolerance"; Value = ""; VariantName = "[No Variations]"
Add component (AddParameter): Name = "Value"; Value = "2.2µF"; VariantName = "[No Variations]"
Add component (AddParameter): Name = "Voltage Rating"; Value = "10V"; VariantName = "[No Variations]"
Added Component: Designator=C122(FP-CC0201-BA-IPC_A)
Add component (AddParameter): Name = "Capacitor Type"; Value = ""; VariantName = "[No Variations]"
Add component (AddParameter): Name = "Case/Package"; Value = "0201"; VariantName = "[No Variations]"
Add component (AddParameter): Name = "Max Operating Temperature"; Value = "85°C"; VariantName = "[No Variations]"
Add component (AddParameter): Name = "Min Operating Temperature"; Value = "-55°C"; VariantName = "[No Variations]"
Add component (AddParameter): Name = "Mounting Technology"; Value = "Surface Mount"; VariantName = "[No Variations]"
Add component (AddParameter): Name = "Pins"; Value = ""; VariantName = "[No Variations]"
Add component (AddParameter): Name = "Ripple Current"; Value = ""; VariantName = "[No Variations]"
Add component (AddParameter): Name = "Ripple Current (AC)"; Value = ""; VariantName = "[No Variations]"
Add component (AddParameter): Name = "RoHS Compliant"; Value = ""; VariantName = "[No Variations]"
Add component (AddParameter): Name = "Tolerance"; Value = "10%"; VariantName = "[No Variations]"
Add component (AddParameter): Name = "Value"; Value = "100nF"; VariantName = "[No Variations]"
Add component (AddParameter): Name = "Voltage Rating"; Value = "16V"; VariantName = "[No Variations]"
Added Component: Designator=C123(FP-CC0201-BA-IPC_A)
Add component (AddParameter): Name = "Capacitor Type"; Value = ""; VariantName = "[No Variations]"
Add component (AddParameter): Name = "Case/Package"; Value = "0201"; VariantName = "[No Variations]"
Add component (AddParameter): Name = "Max Operating Temperature"; Value = "85°C"; VariantName = "[No Variations]"
Add component (AddParameter): Name = "Min Operating Temperature"; Value = "-55°C"; VariantName = "[No Variations]"
Add component (AddParameter): Name = "Mounting Technology"; Value = "Surface Mount"; VariantName = "[No Variations]"
Add component (AddParameter): Name = "Pins"; Value = ""; VariantName = "[No Variations]"
Add component (AddParameter): Name = "Ripple Current"; Value = ""; VariantName = "[No Variations]"
Add component (AddParameter): Name = "Ripple Current (AC)"; Value = ""; VariantName = "[No Variations]"
Add component (AddParameter): Name = "RoHS Compliant"; Value = ""; VariantName = "[No Variations]"
Add component (AddParameter): Name = "Tolerance"; Value = "10%"; VariantName = "[No Variations]"
Add component (AddParameter): Name = "Value"; Value = "100nF"; VariantName = "[No Variations]"
Add component (AddParameter): Name = "Voltage Rating"; Value = "16V"; VariantName = "[No Variations]"
Added Component: Designator=C124(FP-GRM155-0_2-0_1-IPC_C)
Add component (AddParameter): Name = "Capacitor Type"; Value = ""; VariantName = "[No Variations]"
Add component (AddParameter): Name = "Case/Package"; Value = "0402"; VariantName = "[No Variations]"
Add component (AddParameter): Name = "Max Operating Temperature"; Value = "85°C"; VariantName = "[No Variations]"
Add component (AddParameter): Name = "Min Operating Temperature"; Value = "-55°C"; VariantName = "[No Variations]"
Add component (AddParameter): Name = "Mounting Technology"; Value = "Surface Mount"; VariantName = "[No Variations]"
Add component (AddParameter): Name = "Pins"; Value = ""; VariantName = "[No Variations]"
Add component (AddParameter): Name = "Ripple Current"; Value = ""; VariantName = "[No Variations]"
Add component (AddParameter): Name = "Ripple Current (AC)"; Value = ""; VariantName = "[No Variations]"
Add component (AddParameter): Name = "RoHS Compliant"; Value = ""; VariantName = "[No Variations]"
Add component (AddParameter): Name = "Tolerance"; Value = "20%"; VariantName = "[No Variations]"
Add component (AddParameter): Name = "Value"; Value = "10µF"; VariantName = "[No Variations]"
Add component (AddParameter): Name = "Voltage Rating"; Value = "4V"; VariantName = "[No Variations]"
Added Component: Designator=C125(FP-CC0201-BA-IPC_A)
Add component (AddParameter): Name = "Capacitor Type"; Value = ""; VariantName = "[No Variations]"
Add component (AddParameter): Name = "Case/Package"; Value = "0201"; VariantName = "[No Variations]"
Add component (AddParameter): Name = "Max Operating Temperature"; Value = "85°C"; VariantName = "[No Variations]"
Add component (AddParameter): Name = "Min Operating Temperature"; Value = "-55°C"; VariantName = "[No Variations]"
Add component (AddParameter): Name = "Mounting Technology"; Value = "Surface Mount"; VariantName = "[No Variations]"
Add component (AddParameter): Name = "Pins"; Value = ""; VariantName = "[No Variations]"
Add component (AddParameter): Name = "Ripple Current"; Value = ""; VariantName = "[No Variations]"
Add component (AddParameter): Name = "Ripple Current (AC)"; Value = ""; VariantName = "[No Variations]"
Add component (AddParameter): Name = "RoHS Compliant"; Value = ""; VariantName = "[No Variations]"
Add component (AddParameter): Name = "Tolerance"; Value = "10%"; VariantName = "[No Variations]"
Add component (AddParameter): Name = "Value"; Value = "100nF"; VariantName = "[No Variations]"
Add component (AddParameter): Name = "Voltage Rating"; Value = "16V"; VariantName = "[No Variations]"
Added Component: Designator=C126(FP-GRM033-0_03-MFG)
Add component (AddParameter): Name = "Capacitor Type"; Value = ""; VariantName = "[No Variations]"
Add component (AddParameter): Name = "Case/Package"; Value = "0201"; VariantName = "[No Variations]"
Add component (AddParameter): Name = "Max Operating Temperature"; Value = "125°C"; VariantName = "[No Variations]"
Add component (AddParameter): Name = "Min Operating Temperature"; Value = "-55°C"; VariantName = "[No Variations]"
Add component (AddParameter): Name = "Mounting Technology"; Value = "Surface Mount"; VariantName = "[No Variations]"
Add component (AddParameter): Name = "Pins"; Value = ""; VariantName = "[No Variations]"
Add component (AddParameter): Name = "Ripple Current"; Value = ""; VariantName = "[No Variations]"
Add component (AddParameter): Name = "Ripple Current (AC)"; Value = ""; VariantName = "[No Variations]"
Add component (AddParameter): Name = "RoHS Compliant"; Value = ""; VariantName = "[No Variations]"
Add component (AddParameter): Name = "Tolerance"; Value = "1%"; VariantName = "[No Variations]"
Add component (AddParameter): Name = "Value"; Value = "22pF"; VariantName = "[No Variations]"
Add component (AddParameter): Name = "Voltage Rating"; Value = "25V"; VariantName = "[No Variations]"
Added Component: Designator=C127(FP-GRM033-0_03-MFG)
Add component (AddParameter): Name = "Capacitor Type"; Value = ""; VariantName = "[No Variations]"
Add component (AddParameter): Name = "Case/Package"; Value = "0201"; VariantName = "[No Variations]"
Add component (AddParameter): Name = "Max Operating Temperature"; Value = "125°C"; VariantName = "[No Variations]"
Add component (AddParameter): Name = "Min Operating Temperature"; Value = "-55°C"; VariantName = "[No Variations]"
Add component (AddParameter): Name = "Mounting Technology"; Value = "Surface Mount"; VariantName = "[No Variations]"
Add component (AddParameter): Name = "Pins"; Value = ""; VariantName = "[No Variations]"
Add component (AddParameter): Name = "Ripple Current"; Value = ""; VariantName = "[No Variations]"
Add component (AddParameter): Name = "Ripple Current (AC)"; Value = ""; VariantName = "[No Variations]"
Add component (AddParameter): Name = "RoHS Compliant"; Value = ""; VariantName = "[No Variations]"
Add component (AddParameter): Name = "Tolerance"; Value = "1%"; VariantName = "[No Variations]"
Add component (AddParameter): Name = "Value"; Value = "22pF"; VariantName = "[No Variations]"
Add component (AddParameter): Name = "Voltage Rating"; Value = "25V"; VariantName = "[No Variations]"
Added Component: Designator=C128(CAPC0402(1005)60_L)
Add component (AddParameter): Name = "Capacitor Type"; Value = ""; VariantName = "[No Variations]"
Add component (AddParameter): Name = "Case/Package"; Value = "0402"; VariantName = "[No Variations]"
Add component (AddParameter): Name = "Max Operating Temperature"; Value = "85°C"; VariantName = "[No Variations]"
Add component (AddParameter): Name = "Min Operating Temperature"; Value = "-55°C"; VariantName = "[No Variations]"
Add component (AddParameter): Name = "Mounting Technology"; Value = "SMT"; VariantName = "[No Variations]"
Add component (AddParameter): Name = "Pins"; Value = "2"; VariantName = "[No Variations]"
Add component (AddParameter): Name = "Ripple Current"; Value = ""; VariantName = "[No Variations]"
Add component (AddParameter): Name = "Ripple Current (AC)"; Value = ""; VariantName = "[No Variations]"
Add component (AddParameter): Name = "RoHS Compliant"; Value = ""; VariantName = "[No Variations]"
Add component (AddParameter): Name = "Tolerance"; Value = "10%"; VariantName = "[No Variations]"
Add component (AddParameter): Name = "Value"; Value = "100nF"; VariantName = "[No Variations]"
Add component (AddParameter): Name = "Voltage Rating"; Value = "50V"; VariantName = "[No Variations]"
Added Component: Designator=C129(CAPC0402(1005)60_L)
Add component (AddParameter): Name = "Capacitor Type"; Value = ""; VariantName = "[No Variations]"
Add component (AddParameter): Name = "Case/Package"; Value = "0402"; VariantName = "[No Variations]"
Add component (AddParameter): Name = "Max Operating Temperature"; Value = "85°C"; VariantName = "[No Variations]"
Add component (AddParameter): Name = "Min Operating Temperature"; Value = "-55°C"; VariantName = "[No Variations]"
Add component (AddParameter): Name = "Mounting Technology"; Value = "SMT"; VariantName = "[No Variations]"
Add component (AddParameter): Name = "Pins"; Value = "2"; VariantName = "[No Variations]"
Add component (AddParameter): Name = "Ripple Current"; Value = ""; VariantName = "[No Variations]"
Add component (AddParameter): Name = "Ripple Current (AC)"; Value = ""; VariantName = "[No Variations]"
Add component (AddParameter): Name = "RoHS Compliant"; Value = ""; VariantName = "[No Variations]"
Add component (AddParameter): Name = "Tolerance"; Value = "10%"; VariantName = "[No Variations]"
Add component (AddParameter): Name = "Value"; Value = "10µF"; VariantName = "[No Variations]"
Add component (AddParameter): Name = "Voltage Rating"; Value = "6.3V"; VariantName = "[No Variations]"
Added Component: Designator=C130(FP-GRM035-0_09-IPC_B)
Add component (AddParameter): Name = "Capacitor Type"; Value = ""; VariantName = "[No Variations]"
Add component (AddParameter): Name = "Case/Package"; Value = "0201"; VariantName = "[No Variations]"
Add component (AddParameter): Name = "Max Operating Temperature"; Value = "85°C"; VariantName = "[No Variations]"
Add component (AddParameter): Name = "Min Operating Temperature"; Value = "-55°C"; VariantName = "[No Variations]"
Add component (AddParameter): Name = "Mounting Technology"; Value = "Surface Mount"; VariantName = "[No Variations]"
Add component (AddParameter): Name = "Pins"; Value = ""; VariantName = "[No Variations]"
Add component (AddParameter): Name = "Ripple Current"; Value = ""; VariantName = "[No Variations]"
Add component (AddParameter): Name = "Ripple Current (AC)"; Value = ""; VariantName = "[No Variations]"
Add component (AddParameter): Name = "RoHS Compliant"; Value = ""; VariantName = "[No Variations]"
Add component (AddParameter): Name = "Tolerance"; Value = "20%"; VariantName = "[No Variations]"
Add component (AddParameter): Name = "Value"; Value = "4.7µF"; VariantName = "[No Variations]"
Add component (AddParameter): Name = "Voltage Rating"; Value = "6.3V"; VariantName = "[No Variations]"
Added Component: Designator=C131(CAPC0603X33X15LL03T05)
Add component (AddParameter): Name = "Capacitor Type"; Value = ""; VariantName = "[No Variations]"
Add component (AddParameter): Name = "Case/Package"; Value = "0201"; VariantName = "[No Variations]"
Add component (AddParameter): Name = "Max Operating Temperature"; Value = "85°C"; VariantName = "[No Variations]"
Add component (AddParameter): Name = "Min Operating Temperature"; Value = "-55°C"; VariantName = "[No Variations]"
Add component (AddParameter): Name = "Mounting Technology"; Value = "Surface Mount"; VariantName = "[No Variations]"
Add component (AddParameter): Name = "Pins"; Value = ""; VariantName = "[No Variations]"
Add component (AddParameter): Name = "Ripple Current"; Value = ""; VariantName = "[No Variations]"
Add component (AddParameter): Name = "Ripple Current (AC)"; Value = ""; VariantName = "[No Variations]"
Add component (AddParameter): Name = "RoHS Compliant"; Value = ""; VariantName = "[No Variations]"
Add component (AddParameter): Name = "Tolerance"; Value = "20%"; VariantName = "[No Variations]"
Add component (AddParameter): Name = "Value"; Value = "1µF"; VariantName = "[No Variations]"
Add component (AddParameter): Name = "Voltage Rating"; Value = ""; VariantName = "[No Variations]"
Added Component: Designator=C132(FP-CC0201-BA-IPC_A)
Add component (AddParameter): Name = "Capacitor Type"; Value = ""; VariantName = "[No Variations]"
Add component (AddParameter): Name = "Case/Package"; Value = "0201"; VariantName = "[No Variations]"
Add component (AddParameter): Name = "Max Operating Temperature"; Value = "85°C"; VariantName = "[No Variations]"
Add component (AddParameter): Name = "Min Operating Temperature"; Value = "-55°C"; VariantName = "[No Variations]"
Add component (AddParameter): Name = "Mounting Technology"; Value = "Surface Mount"; VariantName = "[No Variations]"
Add component (AddParameter): Name = "Pins"; Value = ""; VariantName = "[No Variations]"
Add component (AddParameter): Name = "Ripple Current"; Value = ""; VariantName = "[No Variations]"
Add component (AddParameter): Name = "Ripple Current (AC)"; Value = ""; VariantName = "[No Variations]"
Add component (AddParameter): Name = "RoHS Compliant"; Value = ""; VariantName = "[No Variations]"
Add component (AddParameter): Name = "Tolerance"; Value = "10%"; VariantName = "[No Variations]"
Add component (AddParameter): Name = "Value"; Value = "100nF"; VariantName = "[No Variations]"
Add component (AddParameter): Name = "Voltage Rating"; Value = "16V"; VariantName = "[No Variations]"
Added Component: Designator=C133(FP-CC0201-BA-IPC_A)
Add component (AddParameter): Name = "Capacitor Type"; Value = ""; VariantName = "[No Variations]"
Add component (AddParameter): Name = "Case/Package"; Value = "0201"; VariantName = "[No Variations]"
Add component (AddParameter): Name = "Max Operating Temperature"; Value = "85°C"; VariantName = "[No Variations]"
Add component (AddParameter): Name = "Min Operating Temperature"; Value = "-55°C"; VariantName = "[No Variations]"
Add component (AddParameter): Name = "Mounting Technology"; Value = "Surface Mount"; VariantName = "[No Variations]"
Add component (AddParameter): Name = "Pins"; Value = ""; VariantName = "[No Variations]"
Add component (AddParameter): Name = "Ripple Current"; Value = ""; VariantName = "[No Variations]"
Add component (AddParameter): Name = "Ripple Current (AC)"; Value = ""; VariantName = "[No Variations]"
Add component (AddParameter): Name = "RoHS Compliant"; Value = ""; VariantName = "[No Variations]"
Add component (AddParameter): Name = "Tolerance"; Value = "10%"; VariantName = "[No Variations]"
Add component (AddParameter): Name = "Value"; Value = "100nF"; VariantName = "[No Variations]"
Add component (AddParameter): Name = "Voltage Rating"; Value = "16V"; VariantName = "[No Variations]"
Added Component: Designator=C134(CAPC0603(1608)100_L)
Add component (AddParameter): Name = "Capacitor Type"; Value = ""; VariantName = "[No Variations]"
Add component (AddParameter): Name = "Case/Package"; Value = "0603"; VariantName = "[No Variations]"
Add component (AddParameter): Name = "Max Operating Temperature"; Value = "85°C"; VariantName = "[No Variations]"
Add component (AddParameter): Name = "Min Operating Temperature"; Value = "-55°C"; VariantName = "[No Variations]"
Add component (AddParameter): Name = "Mounting Technology"; Value = "SMT"; VariantName = "[No Variations]"
Add component (AddParameter): Name = "Pins"; Value = "2"; VariantName = "[No Variations]"
Add component (AddParameter): Name = "Ripple Current"; Value = ""; VariantName = "[No Variations]"
Add component (AddParameter): Name = "Ripple Current (AC)"; Value = ""; VariantName = "[No Variations]"
Add component (AddParameter): Name = "RoHS Compliant"; Value = ""; VariantName = "[No Variations]"
Add component (AddParameter): Name = "Tolerance"; Value = "10%"; VariantName = "[No Variations]"
Add component (AddParameter): Name = "Value"; Value = "10µF"; VariantName = "[No Variations]"
Add component (AddParameter): Name = "Voltage Rating"; Value = "10V"; VariantName = "[No Variations]"
Added Component: Designator=C135(CAPC0603(1608)100_L)
Add component (AddParameter): Name = "Capacitor Type"; Value = ""; VariantName = "[No Variations]"
Add component (AddParameter): Name = "Case/Package"; Value = "0603"; VariantName = "[No Variations]"
Add component (AddParameter): Name = "Max Operating Temperature"; Value = "85°C"; VariantName = "[No Variations]"
Add component (AddParameter): Name = "Min Operating Temperature"; Value = "-55°C"; VariantName = "[No Variations]"
Add component (AddParameter): Name = "Mounting Technology"; Value = "SMT"; VariantName = "[No Variations]"
Add component (AddParameter): Name = "Pins"; Value = "2"; VariantName = "[No Variations]"
Add component (AddParameter): Name = "Ripple Current"; Value = ""; VariantName = "[No Variations]"
Add component (AddParameter): Name = "Ripple Current (AC)"; Value = ""; VariantName = "[No Variations]"
Add component (AddParameter): Name = "RoHS Compliant"; Value = ""; VariantName = "[No Variations]"
Add component (AddParameter): Name = "Tolerance"; Value = "10%"; VariantName = "[No Variations]"
Add component (AddParameter): Name = "Value"; Value = "10µF"; VariantName = "[No Variations]"
Add component (AddParameter): Name = "Voltage Rating"; Value = "10V"; VariantName = "[No Variations]"
Added Component: Designator=C136(CAPC0603(1608)100_L)
Add component (AddParameter): Name = "Capacitor Type"; Value = ""; VariantName = "[No Variations]"
Add component (AddParameter): Name = "Case/Package"; Value = "0603"; VariantName = "[No Variations]"
Add component (AddParameter): Name = "Max Operating Temperature"; Value = "85°C"; VariantName = "[No Variations]"
Add component (AddParameter): Name = "Min Operating Temperature"; Value = "-55°C"; VariantName = "[No Variations]"
Add component (AddParameter): Name = "Mounting Technology"; Value = "SMT"; VariantName = "[No Variations]"
Add component (AddParameter): Name = "Pins"; Value = "2"; VariantName = "[No Variations]"
Add component (AddParameter): Name = "Ripple Current"; Value = ""; VariantName = "[No Variations]"
Add component (AddParameter): Name = "Ripple Current (AC)"; Value = ""; VariantName = "[No Variations]"
Add component (AddParameter): Name = "RoHS Compliant"; Value = ""; VariantName = "[No Variations]"
Add component (AddParameter): Name = "Tolerance"; Value = "10%"; VariantName = "[No Variations]"
Add component (AddParameter): Name = "Value"; Value = "10µF"; VariantName = "[No Variations]"
Add component (AddParameter): Name = "Voltage Rating"; Value = "10V"; VariantName = "[No Variations]"
Added Component: Designator=C137(CAPC0402(1005)60_L)
Add component (AddParameter): Name = "Capacitor Type"; Value = ""; VariantName = "[No Variations]"
Add component (AddParameter): Name = "Case/Package"; Value = "0402"; VariantName = "[No Variations]"
Add component (AddParameter): Name = "Max Operating Temperature"; Value = "85°C"; VariantName = "[No Variations]"
Add component (AddParameter): Name = "Min Operating Temperature"; Value = "-55°C"; VariantName = "[No Variations]"
Add component (AddParameter): Name = "Mounting Technology"; Value = "SMT"; VariantName = "[No Variations]"
Add component (AddParameter): Name = "Pins"; Value = "2"; VariantName = "[No Variations]"
Add component (AddParameter): Name = "Ripple Current"; Value = ""; VariantName = "[No Variations]"
Add component (AddParameter): Name = "Ripple Current (AC)"; Value = ""; VariantName = "[No Variations]"
Add component (AddParameter): Name = "RoHS Compliant"; Value = ""; VariantName = "[No Variations]"
Add component (AddParameter): Name = "Tolerance"; Value = "10%"; VariantName = "[No Variations]"
Add component (AddParameter): Name = "Value"; Value = "100nF"; VariantName = "[No Variations]"
Add component (AddParameter): Name = "Voltage Rating"; Value = "50V"; VariantName = "[No Variations]"
Added Component: Designator=C138(FP-GRM035-0_09-IPC_B)
Add component (AddParameter): Name = "Capacitor Type"; Value = ""; VariantName = "[No Variations]"
Add component (AddParameter): Name = "Case/Package"; Value = "0201"; VariantName = "[No Variations]"
Add component (AddParameter): Name = "Max Operating Temperature"; Value = "85°C"; VariantName = "[No Variations]"
Add component (AddParameter): Name = "Min Operating Temperature"; Value = "-55°C"; VariantName = "[No Variations]"
Add component (AddParameter): Name = "Mounting Technology"; Value = "Surface Mount"; VariantName = "[No Variations]"
Add component (AddParameter): Name = "Pins"; Value = ""; VariantName = "[No Variations]"
Add component (AddParameter): Name = "Ripple Current"; Value = ""; VariantName = "[No Variations]"
Add component (AddParameter): Name = "Ripple Current (AC)"; Value = ""; VariantName = "[No Variations]"
Add component (AddParameter): Name = "RoHS Compliant"; Value = ""; VariantName = "[No Variations]"
Add component (AddParameter): Name = "Tolerance"; Value = "20%"; VariantName = "[No Variations]"
Add component (AddParameter): Name = "Value"; Value = "4.7µF"; VariantName = "[No Variations]"
Add component (AddParameter): Name = "Voltage Rating"; Value = "6.3V"; VariantName = "[No Variations]"
Added Component: Designator=C139(CAPC0603X33X15LL03T05)
Add component (AddParameter): Name = "Capacitor Type"; Value = ""; VariantName = "[No Variations]"
Add component (AddParameter): Name = "Case/Package"; Value = "0201"; VariantName = "[No Variations]"
Add component (AddParameter): Name = "Max Operating Temperature"; Value = "125°C"; VariantName = "[No Variations]"
Add component (AddParameter): Name = "Min Operating Temperature"; Value = "-55°C"; VariantName = "[No Variations]"
Add component (AddParameter): Name = "Mounting Technology"; Value = "Surface Mount"; VariantName = "[No Variations]"
Add component (AddParameter): Name = "Pins"; Value = "2"; VariantName = "[No Variations]"
Add component (AddParameter): Name = "Ripple Current"; Value = ""; VariantName = "[No Variations]"
Add component (AddParameter): Name = "Ripple Current (AC)"; Value = ""; VariantName = "[No Variations]"
Add component (AddParameter): Name = "RoHS Compliant"; Value = ""; VariantName = "[No Variations]"
Add component (AddParameter): Name = "Tolerance"; Value = "10%"; VariantName = "[No Variations]"
Add component (AddParameter): Name = "Value"; Value = "220pF"; VariantName = "[No Variations]"
Add component (AddParameter): Name = "Voltage Rating"; Value = "16V"; VariantName = "[No Variations]"
Added Component: Designator=C140(CAPC0603X33X15LL03T05)
Add component (AddParameter): Name = "Capacitor Type"; Value = ""; VariantName = "[No Variations]"
Add component (AddParameter): Name = "Case/Package"; Value = "0201"; VariantName = "[No Variations]"
Add component (AddParameter): Name = "Max Operating Temperature"; Value = "125°C"; VariantName = "[No Variations]"
Add component (AddParameter): Name = "Min Operating Temperature"; Value = "-55°C"; VariantName = "[No Variations]"
Add component (AddParameter): Name = "Mounting Technology"; Value = "Surface Mount"; VariantName = "[No Variations]"
Add component (AddParameter): Name = "Pins"; Value = "2"; VariantName = "[No Variations]"
Add component (AddParameter): Name = "Ripple Current"; Value = ""; VariantName = "[No Variations]"
Add component (AddParameter): Name = "Ripple Current (AC)"; Value = ""; VariantName = "[No Variations]"
Add component (AddParameter): Name = "RoHS Compliant"; Value = ""; VariantName = "[No Variations]"
Add component (AddParameter): Name = "Tolerance"; Value = "10%"; VariantName = "[No Variations]"
Add component (AddParameter): Name = "Value"; Value = "220pF"; VariantName = "[No Variations]"
Add component (AddParameter): Name = "Voltage Rating"; Value = "16V"; VariantName = "[No Variations]"
Added Component: Designator=C141(CAPC0402(1005)60_L)
Add component (AddParameter): Name = "Capacitor Type"; Value = ""; VariantName = "[No Variations]"
Add component (AddParameter): Name = "Case/Package"; Value = "0402"; VariantName = "[No Variations]"
Add component (AddParameter): Name = "Max Operating Temperature"; Value = "85°C"; VariantName = "[No Variations]"
Add component (AddParameter): Name = "Min Operating Temperature"; Value = "-55°C"; VariantName = "[No Variations]"
Add component (AddParameter): Name = "Mounting Technology"; Value = "SMT"; VariantName = "[No Variations]"
Add component (AddParameter): Name = "Pins"; Value = "2"; VariantName = "[No Variations]"
Add component (AddParameter): Name = "Ripple Current"; Value = ""; VariantName = "[No Variations]"
Add component (AddParameter): Name = "Ripple Current (AC)"; Value = ""; VariantName = "[No Variations]"
Add component (AddParameter): Name = "RoHS Compliant"; Value = ""; VariantName = "[No Variations]"
Add component (AddParameter): Name = "Tolerance"; Value = "10%"; VariantName = "[No Variations]"
Add component (AddParameter): Name = "Value"; Value = "10µF"; VariantName = "[No Variations]"
Add component (AddParameter): Name = "Voltage Rating"; Value = "6.3V"; VariantName = "[No Variations]"
Added Component: Designator=C142(FP-CC0201-BA-IPC_A)
Add component (AddParameter): Name = "Capacitor Type"; Value = ""; VariantName = "[No Variations]"
Add component (AddParameter): Name = "Case/Package"; Value = "0201"; VariantName = "[No Variations]"
Add component (AddParameter): Name = "Max Operating Temperature"; Value = "85°C"; VariantName = "[No Variations]"
Add component (AddParameter): Name = "Min Operating Temperature"; Value = "-55°C"; VariantName = "[No Variations]"
Add component (AddParameter): Name = "Mounting Technology"; Value = "Surface Mount"; VariantName = "[No Variations]"
Add component (AddParameter): Name = "Pins"; Value = ""; VariantName = "[No Variations]"
Add component (AddParameter): Name = "Ripple Current"; Value = ""; VariantName = "[No Variations]"
Add component (AddParameter): Name = "Ripple Current (AC)"; Value = ""; VariantName = "[No Variations]"
Add component (AddParameter): Name = "RoHS Compliant"; Value = ""; VariantName = "[No Variations]"
Add component (AddParameter): Name = "Tolerance"; Value = "10%"; VariantName = "[No Variations]"
Add component (AddParameter): Name = "Value"; Value = "100nF"; VariantName = "[No Variations]"
Add component (AddParameter): Name = "Voltage Rating"; Value = "16V"; VariantName = "[No Variations]"
Added Component: Designator=C143(CAPC0402(1005)60_L)
Add component (AddParameter): Name = "Capacitor Type"; Value = ""; VariantName = "[No Variations]"
Add component (AddParameter): Name = "Case/Package"; Value = "0402"; VariantName = "[No Variations]"
Add component (AddParameter): Name = "Max Operating Temperature"; Value = "85°C"; VariantName = "[No Variations]"
Add component (AddParameter): Name = "Min Operating Temperature"; Value = "-55°C"; VariantName = "[No Variations]"
Add component (AddParameter): Name = "Mounting Technology"; Value = "SMT"; VariantName = "[No Variations]"
Add component (AddParameter): Name = "Pins"; Value = "2"; VariantName = "[No Variations]"
Add component (AddParameter): Name = "Ripple Current"; Value = ""; VariantName = "[No Variations]"
Add component (AddParameter): Name = "Ripple Current (AC)"; Value = ""; VariantName = "[No Variations]"
Add component (AddParameter): Name = "RoHS Compliant"; Value = ""; VariantName = "[No Variations]"
Add component (AddParameter): Name = "Tolerance"; Value = "10%"; VariantName = "[No Variations]"
Add component (AddParameter): Name = "Value"; Value = "10µF"; VariantName = "[No Variations]"
Add component (AddParameter): Name = "Voltage Rating"; Value = "6.3V"; VariantName = "[No Variations]"
Added Component: Designator=C144(FP-CC0201-BA-IPC_A)
Add component (AddParameter): Name = "Capacitor Type"; Value = ""; VariantName = "[No Variations]"
Add component (AddParameter): Name = "Case/Package"; Value = "0201"; VariantName = "[No Variations]"
Add component (AddParameter): Name = "Max Operating Temperature"; Value = "85°C"; VariantName = "[No Variations]"
Add component (AddParameter): Name = "Min Operating Temperature"; Value = "-55°C"; VariantName = "[No Variations]"
Add component (AddParameter): Name = "Mounting Technology"; Value = "Surface Mount"; VariantName = "[No Variations]"
Add component (AddParameter): Name = "Pins"; Value = ""; VariantName = "[No Variations]"
Add component (AddParameter): Name = "Ripple Current"; Value = ""; VariantName = "[No Variations]"
Add component (AddParameter): Name = "Ripple Current (AC)"; Value = ""; VariantName = "[No Variations]"
Add component (AddParameter): Name = "RoHS Compliant"; Value = ""; VariantName = "[No Variations]"
Add component (AddParameter): Name = "Tolerance"; Value = "10%"; VariantName = "[No Variations]"
Add component (AddParameter): Name = "Value"; Value = "100nF"; VariantName = "[No Variations]"
Add component (AddParameter): Name = "Voltage Rating"; Value = "16V"; VariantName = "[No Variations]"
Added Component: Designator=C145(CAPC0603(1608)100_L)
Add component (AddParameter): Name = "Capacitor Type"; Value = ""; VariantName = "[No Variations]"
Add component (AddParameter): Name = "Case/Package"; Value = "0603"; VariantName = "[No Variations]"
Add component (AddParameter): Name = "Max Operating Temperature"; Value = "85°C"; VariantName = "[No Variations]"
Add component (AddParameter): Name = "Min Operating Temperature"; Value = "-55°C"; VariantName = "[No Variations]"
Add component (AddParameter): Name = "Mounting Technology"; Value = "SMT"; VariantName = "[No Variations]"
Add component (AddParameter): Name = "Pins"; Value = "2"; VariantName = "[No Variations]"
Add component (AddParameter): Name = "Ripple Current"; Value = ""; VariantName = "[No Variations]"
Add component (AddParameter): Name = "Ripple Current (AC)"; Value = ""; VariantName = "[No Variations]"
Add component (AddParameter): Name = "RoHS Compliant"; Value = ""; VariantName = "[No Variations]"
Add component (AddParameter): Name = "Tolerance"; Value = "10%"; VariantName = "[No Variations]"
Add component (AddParameter): Name = "Value"; Value = "10µF"; VariantName = "[No Variations]"
Add component (AddParameter): Name = "Voltage Rating"; Value = "10V"; VariantName = "[No Variations]"
Added Component: Designator=C146(CAPC0603(1608)100_L)
Add component (AddParameter): Name = "Capacitor Type"; Value = ""; VariantName = "[No Variations]"
Add component (AddParameter): Name = "Case/Package"; Value = "0603"; VariantName = "[No Variations]"
Add component (AddParameter): Name = "Max Operating Temperature"; Value = "85°C"; VariantName = "[No Variations]"
Add component (AddParameter): Name = "Min Operating Temperature"; Value = "-55°C"; VariantName = "[No Variations]"
Add component (AddParameter): Name = "Mounting Technology"; Value = "SMT"; VariantName = "[No Variations]"
Add component (AddParameter): Name = "Pins"; Value = "2"; VariantName = "[No Variations]"
Add component (AddParameter): Name = "Ripple Current"; Value = ""; VariantName = "[No Variations]"
Add component (AddParameter): Name = "Ripple Current (AC)"; Value = ""; VariantName = "[No Variations]"
Add component (AddParameter): Name = "RoHS Compliant"; Value = ""; VariantName = "[No Variations]"
Add component (AddParameter): Name = "Tolerance"; Value = "10%"; VariantName = "[No Variations]"
Add component (AddParameter): Name = "Value"; Value = "10µF"; VariantName = "[No Variations]"
Add component (AddParameter): Name = "Voltage Rating"; Value = "10V"; VariantName = "[No Variations]"
Added Component: Designator=C147(CAPC1005X56X25LL10T15)
Add component (AddParameter): Name = "Capacitor Type"; Value = "Ceramic"; VariantName = "[No Variations]"
Add component (AddParameter): Name = "Case/Package"; Value = "0402"; VariantName = "[No Variations]"
Add component (AddParameter): Name = "Max Operating Temperature"; Value = "125°C"; VariantName = "[No Variations]"
Add component (AddParameter): Name = "Min Operating Temperature"; Value = "-55°C"; VariantName = "[No Variations]"
Add component (AddParameter): Name = "Mounting Technology"; Value = "SM"; VariantName = "[No Variations]"
Add component (AddParameter): Name = "Pins"; Value = "2"; VariantName = "[No Variations]"
Add component (AddParameter): Name = "Ripple Current"; Value = ""; VariantName = "[No Variations]"
Add component (AddParameter): Name = "Ripple Current (AC)"; Value = ""; VariantName = "[No Variations]"
Add component (AddParameter): Name = "RoHS Compliant"; Value = "True"; VariantName = "[No Variations]"
Add component (AddParameter): Name = "Tolerance"; Value = "5%"; VariantName = "[No Variations]"
Add component (AddParameter): Name = "Value"; Value = "100nF"; VariantName = "[No Variations]"
Add component (AddParameter): Name = "Voltage Rating"; Value = "16V"; VariantName = "[No Variations]"
Added Component: Designator=C148(CAPC0603(1608)100_L)
Add component (AddParameter): Name = "Capacitor Type"; Value = ""; VariantName = "[No Variations]"
Add component (AddParameter): Name = "Case/Package"; Value = "0603"; VariantName = "[No Variations]"
Add component (AddParameter): Name = "Max Operating Temperature"; Value = "85°C"; VariantName = "[No Variations]"
Add component (AddParameter): Name = "Min Operating Temperature"; Value = "-55°C"; VariantName = "[No Variations]"
Add component (AddParameter): Name = "Mounting Technology"; Value = "SMT"; VariantName = "[No Variations]"
Add component (AddParameter): Name = "Pins"; Value = "2"; VariantName = "[No Variations]"
Add component (AddParameter): Name = "Ripple Current"; Value = ""; VariantName = "[No Variations]"
Add component (AddParameter): Name = "Ripple Current (AC)"; Value = ""; VariantName = "[No Variations]"
Add component (AddParameter): Name = "RoHS Compliant"; Value = ""; VariantName = "[No Variations]"
Add component (AddParameter): Name = "Tolerance"; Value = "10%"; VariantName = "[No Variations]"
Add component (AddParameter): Name = "Value"; Value = "10µF"; VariantName = "[No Variations]"
Add component (AddParameter): Name = "Voltage Rating"; Value = "10V"; VariantName = "[No Variations]"
Added Component: Designator=C149(FP-CC0201-BA-IPC_A)
Add component (AddParameter): Name = "Capacitor Type"; Value = ""; VariantName = "[No Variations]"
Add component (AddParameter): Name = "Case/Package"; Value = "0201"; VariantName = "[No Variations]"
Add component (AddParameter): Name = "Max Operating Temperature"; Value = "85°C"; VariantName = "[No Variations]"
Add component (AddParameter): Name = "Min Operating Temperature"; Value = "-55°C"; VariantName = "[No Variations]"
Add component (AddParameter): Name = "Mounting Technology"; Value = "Surface Mount"; VariantName = "[No Variations]"
Add component (AddParameter): Name = "Pins"; Value = ""; VariantName = "[No Variations]"
Add component (AddParameter): Name = "Ripple Current"; Value = ""; VariantName = "[No Variations]"
Add component (AddParameter): Name = "Ripple Current (AC)"; Value = ""; VariantName = "[No Variations]"
Add component (AddParameter): Name = "RoHS Compliant"; Value = ""; VariantName = "[No Variations]"
Add component (AddParameter): Name = "Tolerance"; Value = "10%"; VariantName = "[No Variations]"
Add component (AddParameter): Name = "Value"; Value = "100nF"; VariantName = "[No Variations]"
Add component (AddParameter): Name = "Voltage Rating"; Value = "16V"; VariantName = "[No Variations]"
Added Component: Designator=C150(FP-CC0201-BA-IPC_A)
Add component (AddParameter): Name = "Capacitor Type"; Value = ""; VariantName = "[No Variations]"
Add component (AddParameter): Name = "Case/Package"; Value = "0201"; VariantName = "[No Variations]"
Add component (AddParameter): Name = "Max Operating Temperature"; Value = "85°C"; VariantName = "[No Variations]"
Add component (AddParameter): Name = "Min Operating Temperature"; Value = "-55°C"; VariantName = "[No Variations]"
Add component (AddParameter): Name = "Mounting Technology"; Value = "Surface Mount"; VariantName = "[No Variations]"
Add component (AddParameter): Name = "Pins"; Value = ""; VariantName = "[No Variations]"
Add component (AddParameter): Name = "Ripple Current"; Value = ""; VariantName = "[No Variations]"
Add component (AddParameter): Name = "Ripple Current (AC)"; Value = ""; VariantName = "[No Variations]"
Add component (AddParameter): Name = "RoHS Compliant"; Value = ""; VariantName = "[No Variations]"
Add component (AddParameter): Name = "Tolerance"; Value = "10%"; VariantName = "[No Variations]"
Add component (AddParameter): Name = "Value"; Value = "100nF"; VariantName = "[No Variations]"
Add component (AddParameter): Name = "Voltage Rating"; Value = "16V"; VariantName = "[No Variations]"
Added Component: Designator=C151(FP-CC0201-BA-IPC_A)
Add component (AddParameter): Name = "Capacitor Type"; Value = ""; VariantName = "[No Variations]"
Add component (AddParameter): Name = "Case/Package"; Value = "0201"; VariantName = "[No Variations]"
Add component (AddParameter): Name = "Max Operating Temperature"; Value = "85°C"; VariantName = "[No Variations]"
Add component (AddParameter): Name = "Min Operating Temperature"; Value = "-55°C"; VariantName = "[No Variations]"
Add component (AddParameter): Name = "Mounting Technology"; Value = "Surface Mount"; VariantName = "[No Variations]"
Add component (AddParameter): Name = "Pins"; Value = ""; VariantName = "[No Variations]"
Add component (AddParameter): Name = "Ripple Current"; Value = ""; VariantName = "[No Variations]"
Add component (AddParameter): Name = "Ripple Current (AC)"; Value = ""; VariantName = "[No Variations]"
Add component (AddParameter): Name = "RoHS Compliant"; Value = ""; VariantName = "[No Variations]"
Add component (AddParameter): Name = "Tolerance"; Value = "10%"; VariantName = "[No Variations]"
Add component (AddParameter): Name = "Value"; Value = "100nF"; VariantName = "[No Variations]"
Add component (AddParameter): Name = "Voltage Rating"; Value = "16V"; VariantName = "[No Variations]"
Added Component: Designator=D1(FP-SMA-MFG)
Add component (AddParameter): Name = "Average Rectified Current"; Value = "3A"; VariantName = "[No Variations]"
Add component (AddParameter): Name = "Case/Package"; Value = "SMA"; VariantName = "[No Variations]"
Add component (AddParameter): Name = "Element Configuration"; Value = "Single"; VariantName = "[No Variations]"
Add component (AddParameter): Name = "Forward Voltage"; Value = "420mV"; VariantName = "[No Variations]"
Add component (AddParameter): Name = "Lead Free"; Value = "Lead Free"; VariantName = "[No Variations]"
Add component (AddParameter): Name = "Max Forward Surge Current (Ifsm)"; Value = "50A"; VariantName = "[No Variations]"
Add component (AddParameter): Name = "Max Operating Temperature"; Value = "150°C"; VariantName = "[No Variations]"
Add component (AddParameter): Name = "Max Repetitive Reverse Voltage (Vrrm)"; Value = "45V"; VariantName = "[No Variations]"
Add component (AddParameter): Name = "Max Reverse Voltage (DC)"; Value = "45V"; VariantName = "[No Variations]"
Add component (AddParameter): Name = "Min Operating Temperature"; Value = "-55°C"; VariantName = "[No Variations]"
Add component (AddParameter): Name = "Mount"; Value = "Surface Mount"; VariantName = "[No Variations]"
Add component (AddParameter): Name = "Package Quantity"; Value = "5000"; VariantName = "[No Variations]"
Add component (AddParameter): Name = "Packaging"; Value = "Tape and Reel"; VariantName = "[No Variations]"
Add component (AddParameter): Name = "Peak Reverse Current"; Value = "40mA"; VariantName = "[No Variations]"
Add component (AddParameter): Name = "Weight"; Value = "0.002258oz"; VariantName = "[No Variations]"
Added Component: Designator=D2(FP-SMA-MFG)
Add component (AddParameter): Name = "Average Rectified Current"; Value = "3A"; VariantName = "[No Variations]"
Add component (AddParameter): Name = "Case/Package"; Value = "SMA"; VariantName = "[No Variations]"
Add component (AddParameter): Name = "Element Configuration"; Value = "Single"; VariantName = "[No Variations]"
Add component (AddParameter): Name = "Forward Voltage"; Value = "420mV"; VariantName = "[No Variations]"
Add component (AddParameter): Name = "Lead Free"; Value = "Lead Free"; VariantName = "[No Variations]"
Add component (AddParameter): Name = "Max Forward Surge Current (Ifsm)"; Value = "50A"; VariantName = "[No Variations]"
Add component (AddParameter): Name = "Max Operating Temperature"; Value = "150°C"; VariantName = "[No Variations]"
Add component (AddParameter): Name = "Max Repetitive Reverse Voltage (Vrrm)"; Value = "45V"; VariantName = "[No Variations]"
Add component (AddParameter): Name = "Max Reverse Voltage (DC)"; Value = "45V"; VariantName = "[No Variations]"
Add component (AddParameter): Name = "Min Operating Temperature"; Value = "-55°C"; VariantName = "[No Variations]"
Add component (AddParameter): Name = "Mount"; Value = "Surface Mount"; VariantName = "[No Variations]"
Add component (AddParameter): Name = "Package Quantity"; Value = "5000"; VariantName = "[No Variations]"
Add component (AddParameter): Name = "Packaging"; Value = "Tape and Reel"; VariantName = "[No Variations]"
Add component (AddParameter): Name = "Peak Reverse Current"; Value = "40mA"; VariantName = "[No Variations]"
Add component (AddParameter): Name = "Weight"; Value = "0.002258oz"; VariantName = "[No Variations]"
Added Component: Designator=D3(FP-SMA-MFG)
Add component (AddParameter): Name = "Average Rectified Current"; Value = "3A"; VariantName = "[No Variations]"
Add component (AddParameter): Name = "Case/Package"; Value = "SMA"; VariantName = "[No Variations]"
Add component (AddParameter): Name = "Element Configuration"; Value = "Single"; VariantName = "[No Variations]"
Add component (AddParameter): Name = "Forward Voltage"; Value = "420mV"; VariantName = "[No Variations]"
Add component (AddParameter): Name = "Lead Free"; Value = "Lead Free"; VariantName = "[No Variations]"
Add component (AddParameter): Name = "Max Forward Surge Current (Ifsm)"; Value = "50A"; VariantName = "[No Variations]"
Add component (AddParameter): Name = "Max Operating Temperature"; Value = "150°C"; VariantName = "[No Variations]"
Add component (AddParameter): Name = "Max Repetitive Reverse Voltage (Vrrm)"; Value = "45V"; VariantName = "[No Variations]"
Add component (AddParameter): Name = "Max Reverse Voltage (DC)"; Value = "45V"; VariantName = "[No Variations]"
Add component (AddParameter): Name = "Min Operating Temperature"; Value = "-55°C"; VariantName = "[No Variations]"
Add component (AddParameter): Name = "Mount"; Value = "Surface Mount"; VariantName = "[No Variations]"
Add component (AddParameter): Name = "Package Quantity"; Value = "5000"; VariantName = "[No Variations]"
Add component (AddParameter): Name = "Packaging"; Value = "Tape and Reel"; VariantName = "[No Variations]"
Add component (AddParameter): Name = "Peak Reverse Current"; Value = "40mA"; VariantName = "[No Variations]"
Add component (AddParameter): Name = "Weight"; Value = "0.002258oz"; VariantName = "[No Variations]"
Added Component: Designator=D4(FP-SMA-MFG)
Add component (AddParameter): Name = "Average Rectified Current"; Value = "3A"; VariantName = "[No Variations]"
Add component (AddParameter): Name = "Case/Package"; Value = "SMA"; VariantName = "[No Variations]"
Add component (AddParameter): Name = "Element Configuration"; Value = "Single"; VariantName = "[No Variations]"
Add component (AddParameter): Name = "Forward Voltage"; Value = "420mV"; VariantName = "[No Variations]"
Add component (AddParameter): Name = "Lead Free"; Value = "Lead Free"; VariantName = "[No Variations]"
Add component (AddParameter): Name = "Max Forward Surge Current (Ifsm)"; Value = "50A"; VariantName = "[No Variations]"
Add component (AddParameter): Name = "Max Operating Temperature"; Value = "150°C"; VariantName = "[No Variations]"
Add component (AddParameter): Name = "Max Repetitive Reverse Voltage (Vrrm)"; Value = "45V"; VariantName = "[No Variations]"
Add component (AddParameter): Name = "Max Reverse Voltage (DC)"; Value = "45V"; VariantName = "[No Variations]"
Add component (AddParameter): Name = "Min Operating Temperature"; Value = "-55°C"; VariantName = "[No Variations]"
Add component (AddParameter): Name = "Mount"; Value = "Surface Mount"; VariantName = "[No Variations]"
Add component (AddParameter): Name = "Package Quantity"; Value = "5000"; VariantName = "[No Variations]"
Add component (AddParameter): Name = "Packaging"; Value = "Tape and Reel"; VariantName = "[No Variations]"
Add component (AddParameter): Name = "Peak Reverse Current"; Value = "40mA"; VariantName = "[No Variations]"
Add component (AddParameter): Name = "Weight"; Value = "0.002258oz"; VariantName = "[No Variations]"
Added Component: Designator=D5(FP-SMA-MFG)
Add component (AddParameter): Name = "Average Rectified Current"; Value = "3A"; VariantName = "[No Variations]"
Add component (AddParameter): Name = "Case/Package"; Value = "SMA"; VariantName = "[No Variations]"
Add component (AddParameter): Name = "Element Configuration"; Value = "Single"; VariantName = "[No Variations]"
Add component (AddParameter): Name = "Forward Voltage"; Value = "420mV"; VariantName = "[No Variations]"
Add component (AddParameter): Name = "Lead Free"; Value = "Lead Free"; VariantName = "[No Variations]"
Add component (AddParameter): Name = "Max Forward Surge Current (Ifsm)"; Value = "50A"; VariantName = "[No Variations]"
Add component (AddParameter): Name = "Max Operating Temperature"; Value = "150°C"; VariantName = "[No Variations]"
Add component (AddParameter): Name = "Max Repetitive Reverse Voltage (Vrrm)"; Value = "45V"; VariantName = "[No Variations]"
Add component (AddParameter): Name = "Max Reverse Voltage (DC)"; Value = "45V"; VariantName = "[No Variations]"
Add component (AddParameter): Name = "Min Operating Temperature"; Value = "-55°C"; VariantName = "[No Variations]"
Add component (AddParameter): Name = "Mount"; Value = "Surface Mount"; VariantName = "[No Variations]"
Add component (AddParameter): Name = "Package Quantity"; Value = "5000"; VariantName = "[No Variations]"
Add component (AddParameter): Name = "Packaging"; Value = "Tape and Reel"; VariantName = "[No Variations]"
Add component (AddParameter): Name = "Peak Reverse Current"; Value = "40mA"; VariantName = "[No Variations]"
Add component (AddParameter): Name = "Weight"; Value = "0.002258oz"; VariantName = "[No Variations]"
Added Component: Designator=D6(FP-SMA-MFG)
Add component (AddParameter): Name = "Average Rectified Current"; Value = "3A"; VariantName = "[No Variations]"
Add component (AddParameter): Name = "Case/Package"; Value = "SMA"; VariantName = "[No Variations]"
Add component (AddParameter): Name = "Element Configuration"; Value = "Single"; VariantName = "[No Variations]"
Add component (AddParameter): Name = "Forward Voltage"; Value = "420mV"; VariantName = "[No Variations]"
Add component (AddParameter): Name = "Lead Free"; Value = "Lead Free"; VariantName = "[No Variations]"
Add component (AddParameter): Name = "Max Forward Surge Current (Ifsm)"; Value = "50A"; VariantName = "[No Variations]"
Add component (AddParameter): Name = "Max Operating Temperature"; Value = "150°C"; VariantName = "[No Variations]"
Add component (AddParameter): Name = "Max Repetitive Reverse Voltage (Vrrm)"; Value = "45V"; VariantName = "[No Variations]"
Add component (AddParameter): Name = "Max Reverse Voltage (DC)"; Value = "45V"; VariantName = "[No Variations]"
Add component (AddParameter): Name = "Min Operating Temperature"; Value = "-55°C"; VariantName = "[No Variations]"
Add component (AddParameter): Name = "Mount"; Value = "Surface Mount"; VariantName = "[No Variations]"
Add component (AddParameter): Name = "Package Quantity"; Value = "5000"; VariantName = "[No Variations]"
Add component (AddParameter): Name = "Packaging"; Value = "Tape and Reel"; VariantName = "[No Variations]"
Add component (AddParameter): Name = "Peak Reverse Current"; Value = "40mA"; VariantName = "[No Variations]"
Add component (AddParameter): Name = "Weight"; Value = "0.002258oz"; VariantName = "[No Variations]"
Added Component: Designator=D7(FP-SMA-MFG)
Add component (AddParameter): Name = "Average Rectified Current"; Value = "3A"; VariantName = "[No Variations]"
Add component (AddParameter): Name = "Case/Package"; Value = "SMA"; VariantName = "[No Variations]"
Add component (AddParameter): Name = "Element Configuration"; Value = "Single"; VariantName = "[No Variations]"
Add component (AddParameter): Name = "Forward Voltage"; Value = "420mV"; VariantName = "[No Variations]"
Add component (AddParameter): Name = "Lead Free"; Value = "Lead Free"; VariantName = "[No Variations]"
Add component (AddParameter): Name = "Max Forward Surge Current (Ifsm)"; Value = "50A"; VariantName = "[No Variations]"
Add component (AddParameter): Name = "Max Operating Temperature"; Value = "150°C"; VariantName = "[No Variations]"
Add component (AddParameter): Name = "Max Repetitive Reverse Voltage (Vrrm)"; Value = "45V"; VariantName = "[No Variations]"
Add component (AddParameter): Name = "Max Reverse Voltage (DC)"; Value = "45V"; VariantName = "[No Variations]"
Add component (AddParameter): Name = "Min Operating Temperature"; Value = "-55°C"; VariantName = "[No Variations]"
Add component (AddParameter): Name = "Mount"; Value = "Surface Mount"; VariantName = "[No Variations]"
Add component (AddParameter): Name = "Package Quantity"; Value = "5000"; VariantName = "[No Variations]"
Add component (AddParameter): Name = "Packaging"; Value = "Tape and Reel"; VariantName = "[No Variations]"
Add component (AddParameter): Name = "Peak Reverse Current"; Value = "40mA"; VariantName = "[No Variations]"
Add component (AddParameter): Name = "Weight"; Value = "0.002258oz"; VariantName = "[No Variations]"
Added Component: Designator=D8(FP-SMA-MFG)
Add component (AddParameter): Name = "Average Rectified Current"; Value = "3A"; VariantName = "[No Variations]"
Add component (AddParameter): Name = "Case/Package"; Value = "SMA"; VariantName = "[No Variations]"
Add component (AddParameter): Name = "Element Configuration"; Value = "Single"; VariantName = "[No Variations]"
Add component (AddParameter): Name = "Forward Voltage"; Value = "420mV"; VariantName = "[No Variations]"
Add component (AddParameter): Name = "Lead Free"; Value = "Lead Free"; VariantName = "[No Variations]"
Add component (AddParameter): Name = "Max Forward Surge Current (Ifsm)"; Value = "50A"; VariantName = "[No Variations]"
Add component (AddParameter): Name = "Max Operating Temperature"; Value = "150°C"; VariantName = "[No Variations]"
Add component (AddParameter): Name = "Max Repetitive Reverse Voltage (Vrrm)"; Value = "45V"; VariantName = "[No Variations]"
Add component (AddParameter): Name = "Max Reverse Voltage (DC)"; Value = "45V"; VariantName = "[No Variations]"
Add component (AddParameter): Name = "Min Operating Temperature"; Value = "-55°C"; VariantName = "[No Variations]"
Add component (AddParameter): Name = "Mount"; Value = "Surface Mount"; VariantName = "[No Variations]"
Add component (AddParameter): Name = "Package Quantity"; Value = "5000"; VariantName = "[No Variations]"
Add component (AddParameter): Name = "Packaging"; Value = "Tape and Reel"; VariantName = "[No Variations]"
Add component (AddParameter): Name = "Peak Reverse Current"; Value = "40mA"; VariantName = "[No Variations]"
Add component (AddParameter): Name = "Weight"; Value = "0.002258oz"; VariantName = "[No Variations]"
Added Component: Designator=D9(FP-SMA-MFG)
Add component (AddParameter): Name = "Average Rectified Current"; Value = "3A"; VariantName = "[No Variations]"
Add component (AddParameter): Name = "Case/Package"; Value = "SMA"; VariantName = "[No Variations]"
Add component (AddParameter): Name = "Element Configuration"; Value = "Single"; VariantName = "[No Variations]"
Add component (AddParameter): Name = "Forward Voltage"; Value = "420mV"; VariantName = "[No Variations]"
Add component (AddParameter): Name = "Lead Free"; Value = "Lead Free"; VariantName = "[No Variations]"
Add component (AddParameter): Name = "Max Forward Surge Current (Ifsm)"; Value = "50A"; VariantName = "[No Variations]"
Add component (AddParameter): Name = "Max Operating Temperature"; Value = "150°C"; VariantName = "[No Variations]"
Add component (AddParameter): Name = "Max Repetitive Reverse Voltage (Vrrm)"; Value = "45V"; VariantName = "[No Variations]"
Add component (AddParameter): Name = "Max Reverse Voltage (DC)"; Value = "45V"; VariantName = "[No Variations]"
Add component (AddParameter): Name = "Min Operating Temperature"; Value = "-55°C"; VariantName = "[No Variations]"
Add component (AddParameter): Name = "Mount"; Value = "Surface Mount"; VariantName = "[No Variations]"
Add component (AddParameter): Name = "Package Quantity"; Value = "5000"; VariantName = "[No Variations]"
Add component (AddParameter): Name = "Packaging"; Value = "Tape and Reel"; VariantName = "[No Variations]"
Add component (AddParameter): Name = "Peak Reverse Current"; Value = "40mA"; VariantName = "[No Variations]"
Add component (AddParameter): Name = "Weight"; Value = "0.002258oz"; VariantName = "[No Variations]"
Added Component: Designator=D10(FP-SMA-MFG)
Add component (AddParameter): Name = "Average Rectified Current"; Value = "3A"; VariantName = "[No Variations]"
Add component (AddParameter): Name = "Case/Package"; Value = "SMA"; VariantName = "[No Variations]"
Add component (AddParameter): Name = "Element Configuration"; Value = "Single"; VariantName = "[No Variations]"
Add component (AddParameter): Name = "Forward Voltage"; Value = "420mV"; VariantName = "[No Variations]"
Add component (AddParameter): Name = "Lead Free"; Value = "Lead Free"; VariantName = "[No Variations]"
Add component (AddParameter): Name = "Max Forward Surge Current (Ifsm)"; Value = "50A"; VariantName = "[No Variations]"
Add component (AddParameter): Name = "Max Operating Temperature"; Value = "150°C"; VariantName = "[No Variations]"
Add component (AddParameter): Name = "Max Repetitive Reverse Voltage (Vrrm)"; Value = "45V"; VariantName = "[No Variations]"
Add component (AddParameter): Name = "Max Reverse Voltage (DC)"; Value = "45V"; VariantName = "[No Variations]"
Add component (AddParameter): Name = "Min Operating Temperature"; Value = "-55°C"; VariantName = "[No Variations]"
Add component (AddParameter): Name = "Mount"; Value = "Surface Mount"; VariantName = "[No Variations]"
Add component (AddParameter): Name = "Package Quantity"; Value = "5000"; VariantName = "[No Variations]"
Add component (AddParameter): Name = "Packaging"; Value = "Tape and Reel"; VariantName = "[No Variations]"
Add component (AddParameter): Name = "Peak Reverse Current"; Value = "40mA"; VariantName = "[No Variations]"
Add component (AddParameter): Name = "Weight"; Value = "0.002258oz"; VariantName = "[No Variations]"
Added Component: Designator=D11(FP-SOD128FL-1-CA_MFG)
Added Component: Designator=D12(FP-SMA-MFG)
Add component (AddParameter): Name = "Average Rectified Current"; Value = "3A"; VariantName = "[No Variations]"
Add component (AddParameter): Name = "Case/Package"; Value = "SMA"; VariantName = "[No Variations]"
Add component (AddParameter): Name = "Element Configuration"; Value = "Single"; VariantName = "[No Variations]"
Add component (AddParameter): Name = "Forward Voltage"; Value = "420mV"; VariantName = "[No Variations]"
Add component (AddParameter): Name = "Lead Free"; Value = "Lead Free"; VariantName = "[No Variations]"
Add component (AddParameter): Name = "Max Forward Surge Current (Ifsm)"; Value = "50A"; VariantName = "[No Variations]"
Add component (AddParameter): Name = "Max Operating Temperature"; Value = "150°C"; VariantName = "[No Variations]"
Add component (AddParameter): Name = "Max Repetitive Reverse Voltage (Vrrm)"; Value = "45V"; VariantName = "[No Variations]"
Add component (AddParameter): Name = "Max Reverse Voltage (DC)"; Value = "45V"; VariantName = "[No Variations]"
Add component (AddParameter): Name = "Min Operating Temperature"; Value = "-55°C"; VariantName = "[No Variations]"
Add component (AddParameter): Name = "Mount"; Value = "Surface Mount"; VariantName = "[No Variations]"
Add component (AddParameter): Name = "Package Quantity"; Value = "5000"; VariantName = "[No Variations]"
Add component (AddParameter): Name = "Packaging"; Value = "Tape and Reel"; VariantName = "[No Variations]"
Add component (AddParameter): Name = "Peak Reverse Current"; Value = "40mA"; VariantName = "[No Variations]"
Add component (AddParameter): Name = "Weight"; Value = "0.002258oz"; VariantName = "[No Variations]"
Added Component: Designator=D13(FP-SOD128FL-1-CA_MFG)
Added Component: Designator=D14(FP-SOD128FL-1-CA_MFG)
Added Component: Designator=D15(FP-SOD128FL-1-CA_MFG)
Added Component: Designator=D16(FP-SOD128FL-1-CA_MFG)
Added Component: Designator=D17(FP-SOD128FL-1-CA_MFG)
Added Component: Designator=D18(FP-SOD128FL-1-CA_MFG)
Added Component: Designator=J1(FP-BM02B-SURS-TF_LF_SN-MFG)
Add component (AddParameter): Name = "Color"; Value = "Natural"; VariantName = "[No Variations]"
Add component (AddParameter): Name = "Connector Type"; Value = "Header"; VariantName = "[No Variations]"
Add component (AddParameter): Name = "Contact Finish - Mating"; Value = "TIN"; VariantName = "[No Variations]"
Add component (AddParameter): Name = "Contact Material"; Value = "Copper Alloy"; VariantName = "[No Variations]"
Add component (AddParameter): Name = "Contact Plating"; Value = "Tin"; VariantName = "[No Variations]"
Add component (AddParameter): Name = "Contact Shape"; Value = "Rectangular"; VariantName = "[No Variations]"
Add component (AddParameter): Name = "Contact Type"; Value = "Outer Shroud Contact"; VariantName = "[No Variations]"
Add component (AddParameter): Name = "Fastening Type"; Value = "Pull"; VariantName = "[No Variations]"
Add component (AddParameter): Name = "Flammability Rating"; Value = "UL94 V-0"; VariantName = "[No Variations]"
Add component (AddParameter): Name = "Insulation Color"; Value = "Natural"; VariantName = "[No Variations]"
Add component (AddParameter): Name = "Insulation Material"; Value = "Nylon"; VariantName = "[No Variations]"
Add component (AddParameter): Name = "Lead Free"; Value = "Lead Free"; VariantName = "[No Variations]"
Add component (AddParameter): Name = "Mated Stacking Heights"; Value = "3.95mm"; VariantName = "[No Variations]"
Add component (AddParameter): Name = "Mount"; Value = "Surface Mount"; VariantName = "[No Variations]"
Add component (AddParameter): Name = "Number of Positions"; Value = "2"; VariantName = "[No Variations]"
Add component (AddParameter): Name = "Number of Rows"; Value = "1"; VariantName = "[No Variations]"
Add component (AddParameter): Name = "Package Quantity"; Value = "2500"; VariantName = "[No Variations]"
Add component (AddParameter): Name = "Packaging"; Value = "Cut Tape"; VariantName = "[No Variations]"
Add component (AddParameter): Name = "Pitch"; Value = "0.031inch"; VariantName = "[No Variations]"
Add component (AddParameter): Name = "Series"; Value = "SUR"; VariantName = "[No Variations]"
Add component (AddParameter): Name = "Termination"; Value = "Solder"; VariantName = "[No Variations]"
Add component (AddParameter): Name = "Voltage Rating"; Value = "30V"; VariantName = "[No Variations]"
Added Component: Designator=J2(FH34SRJ30S05SH99)
Add component (AddParameter): Name = "Arrow Part Number"; Value = ""; VariantName = "[No Variations]"
Add component (AddParameter): Name = "Arrow Price/Stock"; Value = ""; VariantName = "[No Variations]"
Add component (AddParameter): Name = "Case/Package"; Value = ""; VariantName = "[No Variations]"
Add component (AddParameter): Name = "Connector Type"; Value = "Receptacle"; VariantName = "[No Variations]"
Add component (AddParameter): Name = "Datasheet Link"; Value = "https://www.hirose.com/product/download/?distributor=digikey&type=2d&lang=en&num=FH34SRJ-30S-0.5SH(99)"; VariantName = "[No Variations]"
Add component (AddParameter): Name = "Design Item ID"; Value = "FH34SRJ-30S-0.5SH_99_"; VariantName = "[No Variations]"
Add component (AddParameter): Name = "Gender"; Value = "Female"; VariantName = "[No Variations]"
Add component (AddParameter): Name = "Geometry.Height"; Value = "1.1mm"; VariantName = "[No Variations]"
Add component (AddParameter): Name = "Manufacturer_Name"; Value = "Hirose"; VariantName = "[No Variations]"
Add component (AddParameter): Name = "Manufacturer_Part_Number"; Value = "FH34SRJ-30S-0.5SH(99)"; VariantName = "[No Variations]"
Add component (AddParameter): Name = "Max Current Rating"; Value = ""; VariantName = "[No Variations]"
Add component (AddParameter): Name = "Max Operating Temperature"; Value = "105°C"; VariantName = "[No Variations]"
Add component (AddParameter): Name = "Min Operating Temperature"; Value = "-55°C"; VariantName = "[No Variations]"
Add component (AddParameter): Name = "Mounting Technology"; Value = "Surface Mount"; VariantName = "[No Variations]"
Add component (AddParameter): Name = "Mouser Part Number"; Value = "798-FH34SRJ30S05SH99"; VariantName = "[No Variations]"
Add component (AddParameter): Name = "Mouser Price/Stock"; Value = "https://www.mouser.co.uk/ProductDetail/Hirose-Connector/FH34SRJ-30S-0.5SH99?qs=%252BAZVS4b%2FkgI%2FlSMlYGcT5g%3D%3D"; VariantName = "[No Variations]"
Add component (AddParameter): Name = "Pins"; Value = "30"; VariantName = "[No Variations]"
Add component (AddParameter): Name = "RoHS Compliant"; Value = ""; VariantName = "[No Variations]"
Add component (AddParameter): Name = "Source"; Value = "FH34SRJ-30S-0.5SH_99_.SchLib"; VariantName = "[No Variations]"
Add component (AddParameter): Name = "Voltage Rating"; Value = "50V"; VariantName = "[No Variations]"
Added Component: Designator=J3(FH34SRJ40S05SH50)
Add component (AddParameter): Name = "Arrow Part Number"; Value = ""; VariantName = "[No Variations]"
Add component (AddParameter): Name = "Arrow Price/Stock"; Value = ""; VariantName = "[No Variations]"
Add component (AddParameter): Name = "Case/Package"; Value = ""; VariantName = "[No Variations]"
Add component (AddParameter): Name = "Connector Type"; Value = ""; VariantName = "[No Variations]"
Add component (AddParameter): Name = "Datasheet Link"; Value = "https://www.hirose.com/en/product/document?clcode=CL0580-1260-6-50&productname=FH34SRJ-40S-0.5SH(50)&series=FH34SRJ&documenttype=2DDrawing&lang=en&documentid=0001483059"; VariantName = "[No Variations]"
Add component (AddParameter): Name = "Design Item ID"; Value = "FH34SRJ-40S-0.5SH_50_"; VariantName = "[No Variations]"
Add component (AddParameter): Name = "Gender"; Value = ""; VariantName = "[No Variations]"
Add component (AddParameter): Name = "Geometry.Height"; Value = "1.1mm"; VariantName = "[No Variations]"
Add component (AddParameter): Name = "Manufacturer_Name"; Value = "Hirose"; VariantName = "[No Variations]"
Add component (AddParameter): Name = "Manufacturer_Part_Number"; Value = "FH34SRJ-40S-0.5SH(50)"; VariantName = "[No Variations]"
Add component (AddParameter): Name = "Max Current Rating"; Value = ""; VariantName = "[No Variations]"
Add component (AddParameter): Name = "Max Operating Temperature"; Value = ""; VariantName = "[No Variations]"
Add component (AddParameter): Name = "Min Operating Temperature"; Value = ""; VariantName = "[No Variations]"
Add component (AddParameter): Name = "Mounting Technology"; Value = ""; VariantName = "[No Variations]"
Add component (AddParameter): Name = "Mouser Part Number"; Value = "798-FH34SRJ40S05SH50"; VariantName = "[No Variations]"
Add component (AddParameter): Name = "Mouser Price/Stock"; Value = "https://www.mouser.co.uk/ProductDetail/Hirose-Connector/FH34SRJ-40S-0.5SH50?qs=iyLo5FA4poDa6AcLdJDWMw%3D%3D"; VariantName = "[No Variations]"
Add component (AddParameter): Name = "Pins"; Value = ""; VariantName = "[No Variations]"
Add component (AddParameter): Name = "RoHS Compliant"; Value = ""; VariantName = "[No Variations]"
Add component (AddParameter): Name = "Source"; Value = "FH34SRJ-40S-0.5SH_50_.SchLib"; VariantName = "[No Variations]"
Add component (AddParameter): Name = "Voltage Rating"; Value = ""; VariantName = "[No Variations]"
Added Component: Designator=J4(FH34SRJ30S05SH99)
Add component (AddParameter): Name = "Arrow Part Number"; Value = ""; VariantName = "[No Variations]"
Add component (AddParameter): Name = "Arrow Price/Stock"; Value = ""; VariantName = "[No Variations]"
Add component (AddParameter): Name = "Case/Package"; Value = ""; VariantName = "[No Variations]"
Add component (AddParameter): Name = "Connector Type"; Value = "Receptacle"; VariantName = "[No Variations]"
Add component (AddParameter): Name = "Datasheet Link"; Value = "https://www.hirose.com/product/download/?distributor=digikey&type=2d&lang=en&num=FH34SRJ-30S-0.5SH(99)"; VariantName = "[No Variations]"
Add component (AddParameter): Name = "Design Item ID"; Value = "FH34SRJ-30S-0.5SH_99_"; VariantName = "[No Variations]"
Add component (AddParameter): Name = "Gender"; Value = "Female"; VariantName = "[No Variations]"
Add component (AddParameter): Name = "Geometry.Height"; Value = "1.1mm"; VariantName = "[No Variations]"
Add component (AddParameter): Name = "Manufacturer_Name"; Value = "Hirose"; VariantName = "[No Variations]"
Add component (AddParameter): Name = "Manufacturer_Part_Number"; Value = "FH34SRJ-30S-0.5SH(99)"; VariantName = "[No Variations]"
Add component (AddParameter): Name = "Max Current Rating"; Value = ""; VariantName = "[No Variations]"
Add component (AddParameter): Name = "Max Operating Temperature"; Value = "105°C"; VariantName = "[No Variations]"
Add component (AddParameter): Name = "Min Operating Temperature"; Value = "-55°C"; VariantName = "[No Variations]"
Add component (AddParameter): Name = "Mounting Technology"; Value = "Surface Mount"; VariantName = "[No Variations]"
Add component (AddParameter): Name = "Mouser Part Number"; Value = "798-FH34SRJ30S05SH99"; VariantName = "[No Variations]"
Add component (AddParameter): Name = "Mouser Price/Stock"; Value = "https://www.mouser.co.uk/ProductDetail/Hirose-Connector/FH34SRJ-30S-0.5SH99?qs=%252BAZVS4b%2FkgI%2FlSMlYGcT5g%3D%3D"; VariantName = "[No Variations]"
Add component (AddParameter): Name = "Pins"; Value = "30"; VariantName = "[No Variations]"
Add component (AddParameter): Name = "RoHS Compliant"; Value = ""; VariantName = "[No Variations]"
Add component (AddParameter): Name = "Source"; Value = "FH34SRJ-30S-0.5SH_99_.SchLib"; VariantName = "[No Variations]"
Add component (AddParameter): Name = "Voltage Rating"; Value = "50V"; VariantName = "[No Variations]"
Added Component: Designator=J5(781710004)
Add component (AddParameter): Name = "Arrow Part Number"; Value = ""; VariantName = "[No Variations]"
Add component (AddParameter): Name = "Arrow Price/Stock"; Value = ""; VariantName = "[No Variations]"
Add component (AddParameter): Name = "Case/Package"; Value = ""; VariantName = "[No Variations]"
Add component (AddParameter): Name = "Connector Type"; Value = ""; VariantName = "[No Variations]"
Add component (AddParameter): Name = "Datasheet Link"; Value = "https://www.molex.com/pdm_docs/sd/781710004_sd.pdf"; VariantName = "[No Variations]"
Add component (AddParameter): Name = "Design Item ID"; Value = "78171-0004"; VariantName = "[No Variations]"
Add component (AddParameter): Name = "Gender"; Value = "Male"; VariantName = "[No Variations]"
Add component (AddParameter): Name = "Geometry.Height"; Value = "1.6mm"; VariantName = "[No Variations]"
Add component (AddParameter): Name = "Manufacturer_Name"; Value = "Molex"; VariantName = "[No Variations]"
Add component (AddParameter): Name = "Manufacturer_Part_Number"; Value = "78171-0004"; VariantName = "[No Variations]"
Add component (AddParameter): Name = "Max Current Rating"; Value = ""; VariantName = "[No Variations]"
Add component (AddParameter): Name = "Max Operating Temperature"; Value = "85°C"; VariantName = "[No Variations]"
Add component (AddParameter): Name = "Min Operating Temperature"; Value = "-25°C"; VariantName = "[No Variations]"
Add component (AddParameter): Name = "Mounting Technology"; Value = ""; VariantName = "[No Variations]"
Add component (AddParameter): Name = "Mouser Part Number"; Value = "538-78171-0004"; VariantName = "[No Variations]"
Add component (AddParameter): Name = "Mouser Price/Stock"; Value = "https://www.mouser.co.uk/ProductDetail/Molex/78171-0004?qs=rg3U%2F5nEhHfTM3gyKulQEQ%3D%3D"; VariantName = "[No Variations]"
Add component (AddParameter): Name = "Pins"; Value = "4"; VariantName = "[No Variations]"
Add component (AddParameter): Name = "RoHS Compliant"; Value = ""; VariantName = "[No Variations]"
Add component (AddParameter): Name = "Source"; Value = "78171-0004.SchLib"; VariantName = "[No Variations]"
Add component (AddParameter): Name = "Voltage Rating"; Value = "50V"; VariantName = "[No Variations]"
Added Component: Designator=J6(JST_BM04B-SURS-TF(LF)(SN))
Add component (AddParameter): Name = "Case/Package"; Value = "None"; VariantName = "[No Variations]"
Add component (AddParameter): Name = "Check_prices"; Value = "https://www.snapeda.com/parts/BM04B-SURS-TF(LF)(SN)/JST/view-part/?ref=eda"; VariantName = "[No Variations]"
Add component (AddParameter): Name = "Component Type"; Value = "Standard"; VariantName = "[No Variations]"
Add component (AddParameter): Name = "Design Item ID"; Value = "BM04B-SURS-TF(LF)(SN)"; VariantName = "[No Variations]"
Add component (AddParameter): Name = "MF"; Value = "JST Sales America Inc."; VariantName = "[No Variations]"
Add component (AddParameter): Name = "MP"; Value = "BM04B-SURS-TF(LF)(SN)"; VariantName = "[No Variations]"
Add component (AddParameter): Name = "Pins"; Value = "6"; VariantName = "[No Variations]"
Add component (AddParameter): Name = "SnapEDA_Link"; Value = "https://www.snapeda.com/parts/BM04B-SURS-TF(LF)(SN)/JST/view-part/?ref=snap"; VariantName = "[No Variations]"
Add component (AddParameter): Name = "Source"; Value = "BM04B-SURS-TF(LF)(SN).SchLib"; VariantName = "[No Variations]"
Add component (AddParameter): Name = "Value"; Value = ""; VariantName = "[No Variations]"
Added Component: Designator=J7(HCTYPEC16PCB10)
Add component (AddParameter): Name = "Arrow Part Number"; Value = ""; VariantName = "[No Variations]"
Add component (AddParameter): Name = "Arrow Price/Stock"; Value = ""; VariantName = "[No Variations]"
Add component (AddParameter): Name = "Case/Package"; Value = ""; VariantName = "[No Variations]"
Add component (AddParameter): Name = "Connector Type"; Value = ""; VariantName = "[No Variations]"
Add component (AddParameter): Name = "Datasheet Link"; Value = "https://www.lcsc.com/datasheet/lcsc_datasheet_2211161000_HCTL-HC-TYPE-C-16P-CB1-0_C2894901.pdf"; VariantName = "[No Variations]"
Add component (AddParameter): Name = "Design Item ID"; Value = "HC-TYPE-C-16P-CB1.0"; VariantName = "[No Variations]"
Add component (AddParameter): Name = "Gender"; Value = ""; VariantName = "[No Variations]"
Add component (AddParameter): Name = "Geometry.Height"; Value = "3.36mm"; VariantName = "[No Variations]"
Add component (AddParameter): Name = "Manufacturer_Name"; Value = "hanxia"; VariantName = "[No Variations]"
Add component (AddParameter): Name = "Manufacturer_Part_Number"; Value = "HC-TYPE-C-16P-CB1.0"; VariantName = "[No Variations]"
Add component (AddParameter): Name = "Max Current Rating"; Value = ""; VariantName = "[No Variations]"
Add component (AddParameter): Name = "Max Operating Temperature"; Value = ""; VariantName = "[No Variations]"
Add component (AddParameter): Name = "Min Operating Temperature"; Value = ""; VariantName = "[No Variations]"
Add component (AddParameter): Name = "Mounting Technology"; Value = ""; VariantName = "[No Variations]"
Add component (AddParameter): Name = "Mouser Part Number"; Value = ""; VariantName = "[No Variations]"
Add component (AddParameter): Name = "Mouser Price/Stock"; Value = ""; VariantName = "[No Variations]"
Add component (AddParameter): Name = "Pins"; Value = ""; VariantName = "[No Variations]"
Add component (AddParameter): Name = "RoHS Compliant"; Value = ""; VariantName = "[No Variations]"
Add component (AddParameter): Name = "Source"; Value = "HC-TYPE-C-16P-CB1.0.SchLib"; VariantName = "[No Variations]"
Add component (AddParameter): Name = "Voltage Rating"; Value = ""; VariantName = "[No Variations]"
Added Component: Designator=J8(FP-B2B-PH-SM4-TB_LF_SN-MFG)
Add component (AddParameter): Name = "Color"; Value = "White"; VariantName = "[No Variations]"
Add component (AddParameter): Name = "Connector Type"; Value = "Header"; VariantName = "[No Variations]"
Add component (AddParameter): Name = "Contact Finish - Mating"; Value = "TIN"; VariantName = "[No Variations]"
Add component (AddParameter): Name = "Contact Material"; Value = "Copper Alloy"; VariantName = "[No Variations]"
Add component (AddParameter): Name = "Contact Mating Length"; Value = "0.13inch"; VariantName = "[No Variations]"
Add component (AddParameter): Name = "Contact Plating"; Value = "Tin"; VariantName = "[No Variations]"
Add component (AddParameter): Name = "Contact Resistance"; Value = "20mR"; VariantName = "[No Variations]"
Add component (AddParameter): Name = "Contact Shape"; Value = "Square"; VariantName = "[No Variations]"
Add component (AddParameter): Name = "Contact Type"; Value = "Male Pin"; VariantName = "[No Variations]"
Add component (AddParameter): Name = "Current Rating"; Value = "2A"; VariantName = "[No Variations]"
Add component (AddParameter): Name = "Depth"; Value = "5mm"; VariantName = "[No Variations]"
Add component (AddParameter): Name = "Fastening Type"; Value = "Detent"; VariantName = "[No Variations]"
Add component (AddParameter): Name = "Flammability Rating"; Value = "UL94 V-0"; VariantName = "[No Variations]"
Add component (AddParameter): Name = "Gender"; Value = "Male"; VariantName = "[No Variations]"
Add component (AddParameter): Name = "Height"; Value = "9.4mm"; VariantName = "[No Variations]"
Add component (AddParameter): Name = "Housing Color"; Value = "Beige"; VariantName = "[No Variations]"
Add component (AddParameter): Name = "Housing Material"; Value = "Polyamide"; VariantName = "[No Variations]"
Add component (AddParameter): Name = "Insulation Color"; Value = "Natural"; VariantName = "[No Variations]"
Add component (AddParameter): Name = "Insulation Material"; Value = "Nylon"; VariantName = "[No Variations]"
Add component (AddParameter): Name = "Insulation Resistance"; Value = "1GR"; VariantName = "[No Variations]"
Add component (AddParameter): Name = "Lead Free"; Value = "Lead Free"; VariantName = "[No Variations]"
Add component (AddParameter): Name = "Lead Pitch"; Value = "2mm"; VariantName = "[No Variations]"
Add component (AddParameter): Name = "Length"; Value = "7.95mm"; VariantName = "[No Variations]"
Add component (AddParameter): Name = "Mated Stacking Heights"; Value = "8.6mm"; VariantName = "[No Variations]"
Add component (AddParameter): Name = "Max Current Rating"; Value = "2A"; VariantName = "[No Variations]"
Add component (AddParameter): Name = "Max Operating Temperature"; Value = "85°C"; VariantName = "[No Variations]"
Add component (AddParameter): Name = "Max Voltage Rating (AC)"; Value = "100V"; VariantName = "[No Variations]"
Add component (AddParameter): Name = "Min Operating Temperature"; Value = "-25°C"; VariantName = "[No Variations]"
Add component (AddParameter): Name = "Mount"; Value = "Surface Mount"; VariantName = "[No Variations]"
Add component (AddParameter): Name = "Number of Contacts"; Value = "2"; VariantName = "[No Variations]"
Add component (AddParameter): Name = "Number of Poles"; Value = "2"; VariantName = "[No Variations]"
Add component (AddParameter): Name = "Number of Positions"; Value = "2"; VariantName = "[No Variations]"
Add component (AddParameter): Name = "Number of Rows"; Value = "1"; VariantName = "[No Variations]"
Add component (AddParameter): Name = "Orientation"; Value = "Straight"; VariantName = "[No Variations]"
Add component (AddParameter): Name = "Packaging"; Value = "Tape and Reel"; VariantName = "[No Variations]"
Add component (AddParameter): Name = "Pitch"; Value = "2mm"; VariantName = "[No Variations]"
Add component (AddParameter): Name = "REACH SVHC"; Value = "No SVHC"; VariantName = "[No Variations]"
Add component (AddParameter): Name = "Series"; Value = "PH"; VariantName = "[No Variations]"
Add component (AddParameter): Name = "Termination"; Value = "Solder"; VariantName = "[No Variations]"
Add component (AddParameter): Name = "Voltage Rating"; Value = "100V"; VariantName = "[No Variations]"
Add component (AddParameter): Name = "Voltage Rating (AC)"; Value = "100V"; VariantName = "[No Variations]"
Add component (AddParameter): Name = "Width"; Value = "5.5mm"; VariantName = "[No Variations]"
Add component (AddParameter): Name = "Working Voltage"; Value = "100V"; VariantName = "[No Variations]"
Added Component: Designator=L1(FP-LQP03PN_02-MFG)
Add component (AddParameter): Name = "Case Code (Imperial)"; Value = "0201"; VariantName = "[No Variations]"
Add component (AddParameter): Name = "Case Code (Metric)"; Value = "0603"; VariantName = "[No Variations]"
Add component (AddParameter): Name = "Case/Package"; Value = "0201"; VariantName = "[No Variations]"
Add component (AddParameter): Name = "Core Material"; Value = "Non-Magnetic"; VariantName = "[No Variations]"
Add component (AddParameter): Name = "Current Rating"; Value = "80mA"; VariantName = "[No Variations]"
Add component (AddParameter): Name = "DC Resistance (DCR)"; Value = "12R"; VariantName = "[No Variations]"
Add component (AddParameter): Name = "Height"; Value = "0.3mm"; VariantName = "[No Variations]"
Add component (AddParameter): Name = "Height - Seated (Max)"; Value = "0.013inch"; VariantName = "[No Variations]"
Add component (AddParameter): Name = "Inductance"; Value = "110nH"; VariantName = "[No Variations]"
Add component (AddParameter): Name = "Length"; Value = "0.024inch"; VariantName = "[No Variations]"
Add component (AddParameter): Name = "Max DC Current"; Value = "80mA"; VariantName = "[No Variations]"
Add component (AddParameter): Name = "Max Operating Temperature"; Value = "125°C"; VariantName = "[No Variations]"
Add component (AddParameter): Name = "Min Operating Temperature"; Value = "-55°C"; VariantName = "[No Variations]"
Add component (AddParameter): Name = "Mount"; Value = "Surface Mount"; VariantName = "[No Variations]"
Add component (AddParameter): Name = "Package Quantity"; Value = "15000"; VariantName = "[No Variations]"
Add component (AddParameter): Name = "Packaging"; Value = "Tape and Reel"; VariantName = "[No Variations]"
Add component (AddParameter): Name = "Q Factor"; Value = "8"; VariantName = "[No Variations]"
Add component (AddParameter): Name = "Resistor Type"; Value = "Thin Film"; VariantName = "[No Variations]"
Add component (AddParameter): Name = "Self Resonant Frequency"; Value = "800MHz"; VariantName = "[No Variations]"
Add component (AddParameter): Name = "Shielding"; Value = "Unshielded"; VariantName = "[No Variations]"
Add component (AddParameter): Name = "Termination"; Value = "SMD/SMT"; VariantName = "[No Variations]"
Add component (AddParameter): Name = "Test Frequency"; Value = "300MHz"; VariantName = "[No Variations]"
Add component (AddParameter): Name = "Tolerance"; Value = "3%"; VariantName = "[No Variations]"
Add component (AddParameter): Name = "Weight"; Value = "6E-06oz"; VariantName = "[No Variations]"
Add component (AddParameter): Name = "Width"; Value = "0.012inch"; VariantName = "[No Variations]"
Added Component: Designator=L2(FP-LQM2HPN_J0-IPC_A)
Add component (AddParameter): Name = "Case/Package"; Value = "1008"; VariantName = "[No Variations]"
Add component (AddParameter): Name = "Current Rating"; Value = "1A"; VariantName = "[No Variations]"
Add component (AddParameter): Name = "Max Current Rating"; Value = "1A"; VariantName = "[No Variations]"
Add component (AddParameter): Name = "Max Operating Temperature"; Value = "125°C"; VariantName = "[No Variations]"
Add component (AddParameter): Name = "Min Operating Temperature"; Value = "-55°C"; VariantName = "[No Variations]"
Add component (AddParameter): Name = "Mounting Technology"; Value = "Surface Mount"; VariantName = "[No Variations]"
Add component (AddParameter): Name = "Pins"; Value = ""; VariantName = "[No Variations]"
Add component (AddParameter): Name = "RoHS Compliant"; Value = ""; VariantName = "[No Variations]"
Add component (AddParameter): Name = "Self Resonant Frequency"; Value = "40MHz"; VariantName = "[No Variations]"
Add component (AddParameter): Name = "Tolerance"; Value = "20%"; VariantName = "[No Variations]"
Add component (AddParameter): Name = "Value"; Value = "2.2µH"; VariantName = "[No Variations]"
Added Component: Designator=L3(FP-LQM2HPN_J0-IPC_A)
Add component (AddParameter): Name = "Case/Package"; Value = "1008"; VariantName = "[No Variations]"
Add component (AddParameter): Name = "Current Rating"; Value = "1A"; VariantName = "[No Variations]"
Add component (AddParameter): Name = "Max Current Rating"; Value = "1A"; VariantName = "[No Variations]"
Add component (AddParameter): Name = "Max Operating Temperature"; Value = "125°C"; VariantName = "[No Variations]"
Add component (AddParameter): Name = "Min Operating Temperature"; Value = "-55°C"; VariantName = "[No Variations]"
Add component (AddParameter): Name = "Mounting Technology"; Value = "Surface Mount"; VariantName = "[No Variations]"
Add component (AddParameter): Name = "Pins"; Value = ""; VariantName = "[No Variations]"
Add component (AddParameter): Name = "RoHS Compliant"; Value = ""; VariantName = "[No Variations]"
Add component (AddParameter): Name = "Self Resonant Frequency"; Value = "40MHz"; VariantName = "[No Variations]"
Add component (AddParameter): Name = "Tolerance"; Value = "20%"; VariantName = "[No Variations]"
Add component (AddParameter): Name = "Value"; Value = "2.2µH"; VariantName = "[No Variations]"
Added Component: Designator=L4(FP-LQM2HPN_J0-IPC_A)
Add component (AddParameter): Name = "Case Code (Imperial)"; Value = "1008"; VariantName = "[No Variations]"
Add component (AddParameter): Name = "Case Code (Metric)"; Value = "2520"; VariantName = "[No Variations]"
Add component (AddParameter): Name = "Case/Package"; Value = "1008"; VariantName = "[No Variations]"
Add component (AddParameter): Name = "Core Material"; Value = "Ferrite"; VariantName = "[No Variations]"
Add component (AddParameter): Name = "Current"; Value = "140mA"; VariantName = "[No Variations]"
Add component (AddParameter): Name = "Current Rating"; Value = "1A"; VariantName = "[No Variations]"
Add component (AddParameter): Name = "DC Current"; Value = "1A"; VariantName = "[No Variations]"
Add component (AddParameter): Name = "DC Resistance (DCR)"; Value = "120mR"; VariantName = "[No Variations]"
Add component (AddParameter): Name = "Depth"; Value = "2.2mm"; VariantName = "[No Variations]"
Add component (AddParameter): Name = "Height"; Value = "1.1mm"; VariantName = "[No Variations]"
Add component (AddParameter): Name = "Inductance"; Value = "2.2uH"; VariantName = "[No Variations]"
Add component (AddParameter): Name = "Inductance Tolerance"; Value = "20%"; VariantName = "[No Variations]"
Add component (AddParameter): Name = "Lead Free"; Value = "Lead Free"; VariantName = "[No Variations]"
Add component (AddParameter): Name = "Length"; Value = "2.5mm"; VariantName = "[No Variations]"
Add component (AddParameter): Name = "Max DC Current"; Value = "1A"; VariantName = "[No Variations]"
Add component (AddParameter): Name = "Max Operating Temperature"; Value = "125°C"; VariantName = "[No Variations]"
Add component (AddParameter): Name = "Military Standard"; Value = "Not"; VariantName = "[No Variations]"
Add component (AddParameter): Name = "Min Operating Temperature"; Value = "-55°C"; VariantName = "[No Variations]"
Add component (AddParameter): Name = "Mount"; Value = "Surface Mount"; VariantName = "[No Variations]"
Add component (AddParameter): Name = "Package Quantity"; Value = "1"; VariantName = "[No Variations]"
Add component (AddParameter): Name = "Packaging"; Value = "Tape and Reel"; VariantName = "[No Variations]"
Add component (AddParameter): Name = "Radiation Hardening"; Value = "No"; VariantName = "[No Variations]"
Add component (AddParameter): Name = "Rated Current-Max"; Value = "1A"; VariantName = "[No Variations]"
Add component (AddParameter): Name = "REACH SVHC"; Value = "No SVHC"; VariantName = "[No Variations]"
Add component (AddParameter): Name = "Self Resonant Frequency"; Value = "40MHz"; VariantName = "[No Variations]"
Add component (AddParameter): Name = "Series"; Value = "LQM2HP_J0"; VariantName = "[No Variations]"
Add component (AddParameter): Name = "Shielding"; Value = "Shielded"; VariantName = "[No Variations]"
Add component (AddParameter): Name = "Termination"; Value = "SMD/SMT"; VariantName = "[No Variations]"
Add component (AddParameter): Name = "Test Frequency"; Value = "1MHz"; VariantName = "[No Variations]"
Add component (AddParameter): Name = "Tolerance"; Value = "20%"; VariantName = "[No Variations]"
Add component (AddParameter): Name = "Width"; Value = "2mm"; VariantName = "[No Variations]"
Added Component: Designator=L5(FP-LQM2HPN_J0-IPC_A)
Add component (AddParameter): Name = "Case Code (Imperial)"; Value = "1008"; VariantName = "[No Variations]"
Add component (AddParameter): Name = "Case Code (Metric)"; Value = "2520"; VariantName = "[No Variations]"
Add component (AddParameter): Name = "Case/Package"; Value = "1008"; VariantName = "[No Variations]"
Add component (AddParameter): Name = "Core Material"; Value = "Ferrite"; VariantName = "[No Variations]"
Add component (AddParameter): Name = "Current"; Value = "140mA"; VariantName = "[No Variations]"
Add component (AddParameter): Name = "Current Rating"; Value = "1A"; VariantName = "[No Variations]"
Add component (AddParameter): Name = "DC Current"; Value = "1A"; VariantName = "[No Variations]"
Add component (AddParameter): Name = "DC Resistance (DCR)"; Value = "120mR"; VariantName = "[No Variations]"
Add component (AddParameter): Name = "Depth"; Value = "2.2mm"; VariantName = "[No Variations]"
Add component (AddParameter): Name = "Height"; Value = "1.1mm"; VariantName = "[No Variations]"
Add component (AddParameter): Name = "Inductance"; Value = "2.2uH"; VariantName = "[No Variations]"
Add component (AddParameter): Name = "Inductance Tolerance"; Value = "20%"; VariantName = "[No Variations]"
Add component (AddParameter): Name = "Lead Free"; Value = "Lead Free"; VariantName = "[No Variations]"
Add component (AddParameter): Name = "Length"; Value = "2.5mm"; VariantName = "[No Variations]"
Add component (AddParameter): Name = "Max DC Current"; Value = "1A"; VariantName = "[No Variations]"
Add component (AddParameter): Name = "Max Operating Temperature"; Value = "125°C"; VariantName = "[No Variations]"
Add component (AddParameter): Name = "Military Standard"; Value = "Not"; VariantName = "[No Variations]"
Add component (AddParameter): Name = "Min Operating Temperature"; Value = "-55°C"; VariantName = "[No Variations]"
Add component (AddParameter): Name = "Mount"; Value = "Surface Mount"; VariantName = "[No Variations]"
Add component (AddParameter): Name = "Package Quantity"; Value = "1"; VariantName = "[No Variations]"
Add component (AddParameter): Name = "Packaging"; Value = "Tape and Reel"; VariantName = "[No Variations]"
Add component (AddParameter): Name = "Radiation Hardening"; Value = "No"; VariantName = "[No Variations]"
Add component (AddParameter): Name = "Rated Current-Max"; Value = "1A"; VariantName = "[No Variations]"
Add component (AddParameter): Name = "REACH SVHC"; Value = "No SVHC"; VariantName = "[No Variations]"
Add component (AddParameter): Name = "Self Resonant Frequency"; Value = "40MHz"; VariantName = "[No Variations]"
Add component (AddParameter): Name = "Series"; Value = "LQM2HP_J0"; VariantName = "[No Variations]"
Add component (AddParameter): Name = "Shielding"; Value = "Shielded"; VariantName = "[No Variations]"
Add component (AddParameter): Name = "Termination"; Value = "SMD/SMT"; VariantName = "[No Variations]"
Add component (AddParameter): Name = "Test Frequency"; Value = "1MHz"; VariantName = "[No Variations]"
Add component (AddParameter): Name = "Tolerance"; Value = "20%"; VariantName = "[No Variations]"
Add component (AddParameter): Name = "Width"; Value = "2mm"; VariantName = "[No Variations]"
Added Component: Designator=L6(FP-LQM18DN_70-MFG)
Add component (AddParameter): Name = "Case/Package"; Value = "0603"; VariantName = "[No Variations]"
Add component (AddParameter): Name = "Current Rating"; Value = "100mA"; VariantName = "[No Variations]"
Add component (AddParameter): Name = "Max Current Rating"; Value = "300mA"; VariantName = "[No Variations]"
Add component (AddParameter): Name = "Max Operating Temperature"; Value = "125°C"; VariantName = "[No Variations]"
Add component (AddParameter): Name = "Min Operating Temperature"; Value = "-55°C"; VariantName = "[No Variations]"
Add component (AddParameter): Name = "Mounting Technology"; Value = ""; VariantName = "[No Variations]"
Add component (AddParameter): Name = "Pins"; Value = ""; VariantName = "[No Variations]"
Add component (AddParameter): Name = "RoHS Compliant"; Value = ""; VariantName = "[No Variations]"
Add component (AddParameter): Name = "Self Resonant Frequency"; Value = "32MHz"; VariantName = "[No Variations]"
Add component (AddParameter): Name = "Tolerance"; Value = "20%"; VariantName = "[No Variations]"
Add component (AddParameter): Name = "Value"; Value = "1.365H"; VariantName = "[No Variations]"
Added Component: Designator=L7(FP-LQM18DN_70-IPC_B)
Added Component: Designator=Q1(FP-SOT23-MFG)
Add component (AddParameter): Name = "Automotive"; Value = "No"; VariantName = "[No Variations]"
Add component (AddParameter): Name = "Category"; Value = "Trans"; VariantName = "[No Variations]"
Add component (AddParameter): Name = "ComponentLink2Description"; Value = "Datasheet"; VariantName = "[No Variations]"
Add component (AddParameter): Name = "ComponentLink2URL"; Value = "https://www.diodes.com/assets/Datasheets/DMN3042L.pdf"; VariantName = "[No Variations]"
Add component (AddParameter): Name = "Continuous Drain Current"; Value = "5.8A"; VariantName = "[No Variations]"
Add component (AddParameter): Name = "Depletion Mode"; Value = "False"; VariantName = "[No Variations]"
Add component (AddParameter): Name = "Device Class L1"; Value = "Discrete Semiconductors"; VariantName = "[No Variations]"
Add component (AddParameter): Name = "Device Class L2"; Value = "Transistors"; VariantName = "[No Variations]"
Add component (AddParameter): Name = "Device Class L3"; Value = "MOSFETs"; VariantName = "[No Variations]"
Add component (AddParameter): Name = "Digikey Description"; Value = "MOSFET N-CH 30V 5.8A SOT23"; VariantName = "[No Variations]"
Add component (AddParameter): Name = "Drain To Source Breakdown Voltage"; Value = "30V"; VariantName = "[No Variations]"
Add component (AddParameter): Name = "Drain To Source Resistance"; Value = "21mO"; VariantName = "[No Variations]"
Add component (AddParameter): Name = "Drain To Source Voltage"; Value = "30V"; VariantName = "[No Variations]"
Add component (AddParameter): Name = "Footprint Url"; Value = "https://www.diodes.com/assets/Package-Files/SOT23.pdf"; VariantName = "[No Variations]"
Add component (AddParameter): Name = "Gate Charge At Vgs"; Value = "13.3nC @ 10V"; VariantName = "[No Variations]"
Add component (AddParameter): Name = "Gate To Source Voltage"; Value = "12V"; VariantName = "[No Variations]"
Add component (AddParameter): Name = "Height"; Value = "1.1mm"; VariantName = "[No Variations]"
Add component (AddParameter): Name = "Input Capacitace At Vds"; Value = "570pF @ 15V"; VariantName = "[No Variations]"
Add component (AddParameter): Name = "Lead Free"; Value = "Yes"; VariantName = "[No Variations]"
Add component (AddParameter): Name = "Manufacturer"; Value = "Diodes"; VariantName = "[No Variations]"
Add component (AddParameter): Name = "Manufacturer Part Number"; Value = "DMN3042L-13"; VariantName = "[No Variations]"
Add component (AddParameter): Name = "Max Forward Diode Voltage"; Value = "1.2V"; VariantName = "[No Variations]"
Add component (AddParameter): Name = "Max Junction Temp"; Value = "+150°C"; VariantName = "[No Variations]"
Add component (AddParameter): Name = "Mouser Description"; Value = "MOSFET 30V N-Ch Enh Mode 26.5mOhm 12Vgs 570pF"; VariantName = "[No Variations]"
Add component (AddParameter): Name = "Number Of Channels"; Value = "1"; VariantName = "[No Variations]"
Add component (AddParameter): Name = "Number Of N Channels"; Value = "1"; VariantName = "[No Variations]"
Add component (AddParameter): Name = "Octopart"; Value = "https://octopart.com/dmn3042l-13-diodes+inc.-57605025"; VariantName = "[No Variations]"
Add component (AddParameter): Name = "Package"; Value = "SOT23"; VariantName = "[No Variations]"
Add component (AddParameter): Name = "Power Dissipation"; Value = "0.72W"; VariantName = "[No Variations]"
Add component (AddParameter): Name = "Pulse Drain Current"; Value = "30A"; VariantName = "[No Variations]"
Add component (AddParameter): Name = "Reverse Recovery Charge"; Value = "1.9nC"; VariantName = "[No Variations]"
Add component (AddParameter): Name = "Reverse Recovery Time"; Value = "7.8ns"; VariantName = "[No Variations]"
Add component (AddParameter): Name = "RoHS"; Value = "TRUE"; VariantName = "[No Variations]"
Add component (AddParameter): Name = "Rthja Max"; Value = "171°C/W"; VariantName = "[No Variations]"
Add component (AddParameter): Name = "Standoff Height"; Value = "0.013mm"; VariantName = "[No Variations]"
Add component (AddParameter): Name = "Temperature"; Value = "-55°C to +150°C"; VariantName = "[No Variations]"
Add component (AddParameter): Name = "Temperature Range High"; Value = "+150°C"; VariantName = "[No Variations]"
Add component (AddParameter): Name = "Temperature Range Low"; Value = "-55°C"; VariantName = "[No Variations]"
Add component (AddParameter): Name = "Threshold Vgs Max"; Value = "1.4V"; VariantName = "[No Variations]"
Add component (AddParameter): Name = "Threshold Vgs Min"; Value = "0.6V"; VariantName = "[No Variations]"
Add component (AddParameter): Name = "Turn Off Delay Time"; Value = "13.9ns"; VariantName = "[No Variations]"
Add component (AddParameter): Name = "Turn On Delay Time"; Value = "1.5ns"; VariantName = "[No Variations]"
Add component (AddParameter): Name = "Typ Forward Diode Voltage"; Value = "0.7V"; VariantName = "[No Variations]"
Added Component: Designator=Q2(FP-SOT23-MFG)
Add component (AddParameter): Name = "Automotive"; Value = "No"; VariantName = "[No Variations]"
Add component (AddParameter): Name = "Category"; Value = "Trans"; VariantName = "[No Variations]"
Add component (AddParameter): Name = "ComponentLink2Description"; Value = "Datasheet"; VariantName = "[No Variations]"
Add component (AddParameter): Name = "ComponentLink2URL"; Value = "https://www.diodes.com/assets/Datasheets/DMN3042L.pdf"; VariantName = "[No Variations]"
Add component (AddParameter): Name = "Continuous Drain Current"; Value = "5.8A"; VariantName = "[No Variations]"
Add component (AddParameter): Name = "Depletion Mode"; Value = "False"; VariantName = "[No Variations]"
Add component (AddParameter): Name = "Device Class L1"; Value = "Discrete Semiconductors"; VariantName = "[No Variations]"
Add component (AddParameter): Name = "Device Class L2"; Value = "Transistors"; VariantName = "[No Variations]"
Add component (AddParameter): Name = "Device Class L3"; Value = "MOSFETs"; VariantName = "[No Variations]"
Add component (AddParameter): Name = "Digikey Description"; Value = "MOSFET N-CH 30V 5.8A SOT23"; VariantName = "[No Variations]"
Add component (AddParameter): Name = "Drain To Source Breakdown Voltage"; Value = "30V"; VariantName = "[No Variations]"
Add component (AddParameter): Name = "Drain To Source Resistance"; Value = "21mO"; VariantName = "[No Variations]"
Add component (AddParameter): Name = "Drain To Source Voltage"; Value = "30V"; VariantName = "[No Variations]"
Add component (AddParameter): Name = "Footprint Url"; Value = "https://www.diodes.com/assets/Package-Files/SOT23.pdf"; VariantName = "[No Variations]"
Add component (AddParameter): Name = "Gate Charge At Vgs"; Value = "13.3nC @ 10V"; VariantName = "[No Variations]"
Add component (AddParameter): Name = "Gate To Source Voltage"; Value = "12V"; VariantName = "[No Variations]"
Add component (AddParameter): Name = "Height"; Value = "1.1mm"; VariantName = "[No Variations]"
Add component (AddParameter): Name = "Input Capacitace At Vds"; Value = "570pF @ 15V"; VariantName = "[No Variations]"
Add component (AddParameter): Name = "Lead Free"; Value = "Yes"; VariantName = "[No Variations]"
Add component (AddParameter): Name = "Manufacturer"; Value = "Diodes"; VariantName = "[No Variations]"
Add component (AddParameter): Name = "Manufacturer Part Number"; Value = "DMN3042L-13"; VariantName = "[No Variations]"
Add component (AddParameter): Name = "Max Forward Diode Voltage"; Value = "1.2V"; VariantName = "[No Variations]"
Add component (AddParameter): Name = "Max Junction Temp"; Value = "+150°C"; VariantName = "[No Variations]"
Add component (AddParameter): Name = "Mouser Description"; Value = "MOSFET 30V N-Ch Enh Mode 26.5mOhm 12Vgs 570pF"; VariantName = "[No Variations]"
Add component (AddParameter): Name = "Number Of Channels"; Value = "1"; VariantName = "[No Variations]"
Add component (AddParameter): Name = "Number Of N Channels"; Value = "1"; VariantName = "[No Variations]"
Add component (AddParameter): Name = "Octopart"; Value = "https://octopart.com/dmn3042l-13-diodes+inc.-57605025"; VariantName = "[No Variations]"
Add component (AddParameter): Name = "Package"; Value = "SOT23"; VariantName = "[No Variations]"
Add component (AddParameter): Name = "Power Dissipation"; Value = "0.72W"; VariantName = "[No Variations]"
Add component (AddParameter): Name = "Pulse Drain Current"; Value = "30A"; VariantName = "[No Variations]"
Add component (AddParameter): Name = "Reverse Recovery Charge"; Value = "1.9nC"; VariantName = "[No Variations]"
Add component (AddParameter): Name = "Reverse Recovery Time"; Value = "7.8ns"; VariantName = "[No Variations]"
Add component (AddParameter): Name = "RoHS"; Value = "TRUE"; VariantName = "[No Variations]"
Add component (AddParameter): Name = "Rthja Max"; Value = "171°C/W"; VariantName = "[No Variations]"
Add component (AddParameter): Name = "Standoff Height"; Value = "0.013mm"; VariantName = "[No Variations]"
Add component (AddParameter): Name = "Temperature"; Value = "-55°C to +150°C"; VariantName = "[No Variations]"
Add component (AddParameter): Name = "Temperature Range High"; Value = "+150°C"; VariantName = "[No Variations]"
Add component (AddParameter): Name = "Temperature Range Low"; Value = "-55°C"; VariantName = "[No Variations]"
Add component (AddParameter): Name = "Threshold Vgs Max"; Value = "1.4V"; VariantName = "[No Variations]"
Add component (AddParameter): Name = "Threshold Vgs Min"; Value = "0.6V"; VariantName = "[No Variations]"
Add component (AddParameter): Name = "Turn Off Delay Time"; Value = "13.9ns"; VariantName = "[No Variations]"
Add component (AddParameter): Name = "Turn On Delay Time"; Value = "1.5ns"; VariantName = "[No Variations]"
Add component (AddParameter): Name = "Typ Forward Diode Voltage"; Value = "0.7V"; VariantName = "[No Variations]"
Added Component: Designator=Q3(FP-SOT23-MFG)
Add component (AddParameter): Name = "Case/Package"; Value = "TO-236-3"; VariantName = "[No Variations]"
Add component (AddParameter): Name = "Frequency"; Value = ""; VariantName = "[No Variations]"
Add component (AddParameter): Name = "Max Operating Temperature"; Value = "150°C"; VariantName = "[No Variations]"
Add component (AddParameter): Name = "Min Operating Temperature"; Value = "-55°C"; VariantName = "[No Variations]"
Add component (AddParameter): Name = "Mounting Technology"; Value = "Surface Mount"; VariantName = "[No Variations]"
Add component (AddParameter): Name = "Nominal Dual Supply"; Value = ""; VariantName = "[No Variations]"
Add component (AddParameter): Name = "Nominal Vgs"; Value = ""; VariantName = "[No Variations]"
Add component (AddParameter): Name = "Pins"; Value = ""; VariantName = "[No Variations]"
Add component (AddParameter): Name = "Power"; Value = ""; VariantName = "[No Variations]"
Add component (AddParameter): Name = "RoHS Compliant"; Value = ""; VariantName = "[No Variations]"
Add component (AddParameter): Name = "Transistor Type"; Value = ""; VariantName = "[No Variations]"
Add component (AddParameter): Name = "Vgs (Max)"; Value = ""; VariantName = "[No Variations]"
Add component (AddParameter): Name = "Vgs(th) (Max) @ Id"; Value = ""; VariantName = "[No Variations]"
Added Component: Designator=Q4(FP-SOT23-MFG)
Add component (AddParameter): Name = "Case/Package"; Value = "TO-236-3"; VariantName = "[No Variations]"
Add component (AddParameter): Name = "Frequency"; Value = ""; VariantName = "[No Variations]"
Add component (AddParameter): Name = "Max Operating Temperature"; Value = "150°C"; VariantName = "[No Variations]"
Add component (AddParameter): Name = "Min Operating Temperature"; Value = "-55°C"; VariantName = "[No Variations]"
Add component (AddParameter): Name = "Mounting Technology"; Value = "Surface Mount"; VariantName = "[No Variations]"
Add component (AddParameter): Name = "Nominal Dual Supply"; Value = ""; VariantName = "[No Variations]"
Add component (AddParameter): Name = "Nominal Vgs"; Value = ""; VariantName = "[No Variations]"
Add component (AddParameter): Name = "Pins"; Value = ""; VariantName = "[No Variations]"
Add component (AddParameter): Name = "Power"; Value = ""; VariantName = "[No Variations]"
Add component (AddParameter): Name = "RoHS Compliant"; Value = ""; VariantName = "[No Variations]"
Add component (AddParameter): Name = "Transistor Type"; Value = ""; VariantName = "[No Variations]"
Add component (AddParameter): Name = "Vgs (Max)"; Value = ""; VariantName = "[No Variations]"
Add component (AddParameter): Name = "Vgs(th) (Max) @ Id"; Value = ""; VariantName = "[No Variations]"
Added Component: Designator=Q5(FP-SOT23-MFG)
Add component (AddParameter): Name = "Case/Package"; Value = "TO-236-3"; VariantName = "[No Variations]"
Add component (AddParameter): Name = "Frequency"; Value = ""; VariantName = "[No Variations]"
Add component (AddParameter): Name = "Max Operating Temperature"; Value = "150°C"; VariantName = "[No Variations]"
Add component (AddParameter): Name = "Min Operating Temperature"; Value = "-55°C"; VariantName = "[No Variations]"
Add component (AddParameter): Name = "Mounting Technology"; Value = "Surface Mount"; VariantName = "[No Variations]"
Add component (AddParameter): Name = "Nominal Dual Supply"; Value = ""; VariantName = "[No Variations]"
Add component (AddParameter): Name = "Nominal Vgs"; Value = ""; VariantName = "[No Variations]"
Add component (AddParameter): Name = "Pins"; Value = ""; VariantName = "[No Variations]"
Add component (AddParameter): Name = "Power"; Value = ""; VariantName = "[No Variations]"
Add component (AddParameter): Name = "RoHS Compliant"; Value = ""; VariantName = "[No Variations]"
Add component (AddParameter): Name = "Transistor Type"; Value = ""; VariantName = "[No Variations]"
Add component (AddParameter): Name = "Vgs (Max)"; Value = ""; VariantName = "[No Variations]"
Add component (AddParameter): Name = "Vgs(th) (Max) @ Id"; Value = ""; VariantName = "[No Variations]"
Added Component: Designator=Q6(FP-SOT23-MFG)
Add component (AddParameter): Name = "Case/Package"; Value = "TO-236-3"; VariantName = "[No Variations]"
Add component (AddParameter): Name = "Frequency"; Value = ""; VariantName = "[No Variations]"
Add component (AddParameter): Name = "Max Operating Temperature"; Value = "150°C"; VariantName = "[No Variations]"
Add component (AddParameter): Name = "Min Operating Temperature"; Value = "-55°C"; VariantName = "[No Variations]"
Add component (AddParameter): Name = "Mounting Technology"; Value = "Surface Mount"; VariantName = "[No Variations]"
Add component (AddParameter): Name = "Nominal Dual Supply"; Value = ""; VariantName = "[No Variations]"
Add component (AddParameter): Name = "Nominal Vgs"; Value = ""; VariantName = "[No Variations]"
Add component (AddParameter): Name = "Pins"; Value = ""; VariantName = "[No Variations]"
Add component (AddParameter): Name = "Power"; Value = ""; VariantName = "[No Variations]"
Add component (AddParameter): Name = "RoHS Compliant"; Value = ""; VariantName = "[No Variations]"
Add component (AddParameter): Name = "Transistor Type"; Value = ""; VariantName = "[No Variations]"
Add component (AddParameter): Name = "Vgs (Max)"; Value = ""; VariantName = "[No Variations]"
Add component (AddParameter): Name = "Vgs(th) (Max) @ Id"; Value = ""; VariantName = "[No Variations]"
Added Component: Designator=R1(FP-RMCF0201-IPC_A)
Add component (AddParameter): Name = "Case/Package"; Value = "0201"; VariantName = "[No Variations]"
Add component (AddParameter): Name = "Max Operating Temperature"; Value = "155°C"; VariantName = "[No Variations]"
Add component (AddParameter): Name = "Min Operating Temperature"; Value = "-55°C"; VariantName = "[No Variations]"
Add component (AddParameter): Name = "Mounting Technology"; Value = "Surface Mount"; VariantName = "[No Variations]"
Add component (AddParameter): Name = "Pins"; Value = ""; VariantName = "[No Variations]"
Add component (AddParameter): Name = "Power"; Value = ""; VariantName = "[No Variations]"
Add component (AddParameter): Name = "RoHS Compliant"; Value = ""; VariantName = "[No Variations]"
Add component (AddParameter): Name = "Tolerance"; Value = "5%"; VariantName = "[No Variations]"
Add component (AddParameter): Name = "Value"; Value = "100"; VariantName = "[No Variations]"
Add component (AddParameter): Name = "Voltage Rating"; Value = "25V"; VariantName = "[No Variations]"
Added Component: Designator=R2(FP-RMCF0201-IPC_A)
Add component (AddParameter): Name = "Case/Package"; Value = "0201"; VariantName = "[No Variations]"
Add component (AddParameter): Name = "Max Operating Temperature"; Value = "155°C"; VariantName = "[No Variations]"
Add component (AddParameter): Name = "Min Operating Temperature"; Value = "-55°C"; VariantName = "[No Variations]"
Add component (AddParameter): Name = "Mounting Technology"; Value = "Surface Mount"; VariantName = "[No Variations]"
Add component (AddParameter): Name = "Pins"; Value = ""; VariantName = "[No Variations]"
Add component (AddParameter): Name = "Power"; Value = ""; VariantName = "[No Variations]"
Add component (AddParameter): Name = "RoHS Compliant"; Value = ""; VariantName = "[No Variations]"
Add component (AddParameter): Name = "Tolerance"; Value = "5%"; VariantName = "[No Variations]"
Add component (AddParameter): Name = "Value"; Value = "3.3"; VariantName = "[No Variations]"
Add component (AddParameter): Name = "Voltage Rating"; Value = "25V"; VariantName = "[No Variations]"
Added Component: Designator=R3(RESC0603X26X15NL03T05)
Add component (AddParameter): Name = "Case/Package"; Value = "0201"; VariantName = "[No Variations]"
Add component (AddParameter): Name = "Max Operating Temperature"; Value = "125°C"; VariantName = "[No Variations]"
Add component (AddParameter): Name = "Min Operating Temperature"; Value = "-55°C"; VariantName = "[No Variations]"
Add component (AddParameter): Name = "Mounting Technology"; Value = ""; VariantName = "[No Variations]"
Add component (AddParameter): Name = "Pins"; Value = ""; VariantName = "[No Variations]"
Add component (AddParameter): Name = "Power"; Value = ""; VariantName = "[No Variations]"
Add component (AddParameter): Name = "RoHS Compliant"; Value = ""; VariantName = "[No Variations]"
Add component (AddParameter): Name = "Tolerance"; Value = "1%"; VariantName = "[No Variations]"
Add component (AddParameter): Name = "Value"; Value = "1k"; VariantName = "[No Variations]"
Add component (AddParameter): Name = "Voltage Rating"; Value = "25V"; VariantName = "[No Variations]"
Added Component: Designator=R4(FP-RMCF0201-IPC_A)
Add component (AddParameter): Name = "Case/Package"; Value = "0201"; VariantName = "[No Variations]"
Add component (AddParameter): Name = "Max Operating Temperature"; Value = "155°C"; VariantName = "[No Variations]"
Add component (AddParameter): Name = "Min Operating Temperature"; Value = "-55°C"; VariantName = "[No Variations]"
Add component (AddParameter): Name = "Mounting Technology"; Value = "Surface Mount"; VariantName = "[No Variations]"
Add component (AddParameter): Name = "Pins"; Value = ""; VariantName = "[No Variations]"
Add component (AddParameter): Name = "Power"; Value = ""; VariantName = "[No Variations]"
Add component (AddParameter): Name = "RoHS Compliant"; Value = ""; VariantName = "[No Variations]"
Add component (AddParameter): Name = "Tolerance"; Value = "5%"; VariantName = "[No Variations]"
Add component (AddParameter): Name = "Value"; Value = "100"; VariantName = "[No Variations]"
Add component (AddParameter): Name = "Voltage Rating"; Value = "25V"; VariantName = "[No Variations]"
Added Component: Designator=R5(FP-HCJ0201-IPC_C)
Add component (AddParameter): Name = "Case/Package"; Value = "0201"; VariantName = "[No Variations]"
Add component (AddParameter): Name = "Max Operating Temperature"; Value = "155°C"; VariantName = "[No Variations]"
Add component (AddParameter): Name = "Min Operating Temperature"; Value = "-55°C"; VariantName = "[No Variations]"
Add component (AddParameter): Name = "Mounting Technology"; Value = "Surface Mount"; VariantName = "[No Variations]"
Add component (AddParameter): Name = "Pins"; Value = ""; VariantName = "[No Variations]"
Add component (AddParameter): Name = "Power"; Value = ""; VariantName = "[No Variations]"
Add component (AddParameter): Name = "RoHS Compliant"; Value = ""; VariantName = "[No Variations]"
Add component (AddParameter): Name = "Tolerance"; Value = ""; VariantName = "[No Variations]"
Add component (AddParameter): Name = "Value"; Value = "0"; VariantName = "[No Variations]"
Add component (AddParameter): Name = "Voltage Rating"; Value = ""; VariantName = "[No Variations]"
Added Component: Designator=R6(RESC0603X28X15ML05T05)
Add component (AddParameter): Name = "Case/Package"; Value = "0201"; VariantName = "[No Variations]"
Add component (AddParameter): Name = "Max Operating Temperature"; Value = "155°C"; VariantName = "[No Variations]"
Add component (AddParameter): Name = "Min Operating Temperature"; Value = "-55°C"; VariantName = "[No Variations]"
Add component (AddParameter): Name = "Mounting Technology"; Value = "Surface Mount"; VariantName = "[No Variations]"
Add component (AddParameter): Name = "Pins"; Value = "2"; VariantName = "[No Variations]"
Add component (AddParameter): Name = "Power"; Value = ""; VariantName = "[No Variations]"
Add component (AddParameter): Name = "RoHS Compliant"; Value = ""; VariantName = "[No Variations]"
Add component (AddParameter): Name = "Tolerance"; Value = "5%"; VariantName = "[No Variations]"
Add component (AddParameter): Name = "Value"; Value = "22"; VariantName = "[No Variations]"
Add component (AddParameter): Name = "Voltage Rating"; Value = "30V"; VariantName = "[No Variations]"
Added Component: Designator=R11(FP-ERJ1GN-IPC_B)
Add component (AddParameter): Name = "Case/Package"; Value = "0201"; VariantName = "[No Variations]"
Add component (AddParameter): Name = "Max Operating Temperature"; Value = "125°C"; VariantName = "[No Variations]"
Add component (AddParameter): Name = "Min Operating Temperature"; Value = "-55°C"; VariantName = "[No Variations]"
Add component (AddParameter): Name = "Mounting Technology"; Value = "Surface Mount"; VariantName = "[No Variations]"
Add component (AddParameter): Name = "Pins"; Value = ""; VariantName = "[No Variations]"
Add component (AddParameter): Name = "Power"; Value = ""; VariantName = "[No Variations]"
Add component (AddParameter): Name = "RoHS Compliant"; Value = ""; VariantName = "[No Variations]"
Add component (AddParameter): Name = "Tolerance"; Value = "1%"; VariantName = "[No Variations]"
Add component (AddParameter): Name = "Value"; Value = "2.26k"; VariantName = "[No Variations]"
Add component (AddParameter): Name = "Voltage Rating"; Value = "25V"; VariantName = "[No Variations]"
Added Component: Designator=R14(FP-RT0201-IPC_C)
Add component (AddParameter): Name = "Case/Package"; Value = "0201"; VariantName = "[No Variations]"
Add component (AddParameter): Name = "Max Operating Temperature"; Value = "125°C"; VariantName = "[No Variations]"
Add component (AddParameter): Name = "Min Operating Temperature"; Value = "-55°C"; VariantName = "[No Variations]"
Add component (AddParameter): Name = "Mounting Technology"; Value = "Surface Mount"; VariantName = "[No Variations]"
Add component (AddParameter): Name = "Pins"; Value = ""; VariantName = "[No Variations]"
Add component (AddParameter): Name = "Power"; Value = ""; VariantName = "[No Variations]"
Add component (AddParameter): Name = "RoHS Compliant"; Value = ""; VariantName = "[No Variations]"
Add component (AddParameter): Name = "Tolerance"; Value = "0.1%"; VariantName = "[No Variations]"
Add component (AddParameter): Name = "Value"; Value = "10k"; VariantName = "[No Variations]"
Add component (AddParameter): Name = "Voltage Rating"; Value = "25V"; VariantName = "[No Variations]"
Added Component: Designator=R15(FP-RT0201-IPC_C)
Add component (AddParameter): Name = "Case/Package"; Value = "0201"; VariantName = "[No Variations]"
Add component (AddParameter): Name = "Max Operating Temperature"; Value = "125°C"; VariantName = "[No Variations]"
Add component (AddParameter): Name = "Min Operating Temperature"; Value = "-55°C"; VariantName = "[No Variations]"
Add component (AddParameter): Name = "Mounting Technology"; Value = "Surface Mount"; VariantName = "[No Variations]"
Add component (AddParameter): Name = "Pins"; Value = ""; VariantName = "[No Variations]"
Add component (AddParameter): Name = "Power"; Value = ""; VariantName = "[No Variations]"
Add component (AddParameter): Name = "RoHS Compliant"; Value = ""; VariantName = "[No Variations]"
Add component (AddParameter): Name = "Tolerance"; Value = "0.1%"; VariantName = "[No Variations]"
Add component (AddParameter): Name = "Value"; Value = "10k"; VariantName = "[No Variations]"
Add component (AddParameter): Name = "Voltage Rating"; Value = "25V"; VariantName = "[No Variations]"
Added Component: Designator=R16(FP-RMCF0201-IPC_A)
Add component (AddParameter): Name = "Case/Package"; Value = "0201"; VariantName = "[No Variations]"
Add component (AddParameter): Name = "Max Operating Temperature"; Value = "155°C"; VariantName = "[No Variations]"
Add component (AddParameter): Name = "Min Operating Temperature"; Value = "-55°C"; VariantName = "[No Variations]"
Add component (AddParameter): Name = "Mounting Technology"; Value = "Surface Mount"; VariantName = "[No Variations]"
Add component (AddParameter): Name = "Pins"; Value = ""; VariantName = "[No Variations]"
Add component (AddParameter): Name = "Power"; Value = ""; VariantName = "[No Variations]"
Add component (AddParameter): Name = "RoHS Compliant"; Value = ""; VariantName = "[No Variations]"
Add component (AddParameter): Name = "Tolerance"; Value = "5%"; VariantName = "[No Variations]"
Add component (AddParameter): Name = "Value"; Value = "4.7k"; VariantName = "[No Variations]"
Add component (AddParameter): Name = "Voltage Rating"; Value = "25V"; VariantName = "[No Variations]"
Added Component: Designator=R17(FP-RT0201-IPC_C)
Add component (AddParameter): Name = "Case/Package"; Value = "0201"; VariantName = "[No Variations]"
Add component (AddParameter): Name = "Max Operating Temperature"; Value = "125°C"; VariantName = "[No Variations]"
Add component (AddParameter): Name = "Min Operating Temperature"; Value = "-55°C"; VariantName = "[No Variations]"
Add component (AddParameter): Name = "Mounting Technology"; Value = "Surface Mount"; VariantName = "[No Variations]"
Add component (AddParameter): Name = "Pins"; Value = ""; VariantName = "[No Variations]"
Add component (AddParameter): Name = "Power"; Value = ""; VariantName = "[No Variations]"
Add component (AddParameter): Name = "RoHS Compliant"; Value = ""; VariantName = "[No Variations]"
Add component (AddParameter): Name = "Tolerance"; Value = "0.1%"; VariantName = "[No Variations]"
Add component (AddParameter): Name = "Value"; Value = "10k"; VariantName = "[No Variations]"
Add component (AddParameter): Name = "Voltage Rating"; Value = "25V"; VariantName = "[No Variations]"
Added Component: Designator=R18(FP-RMCF0201-IPC_A)
Add component (AddParameter): Name = "Case/Package"; Value = "0201"; VariantName = "[No Variations]"
Add component (AddParameter): Name = "Max Operating Temperature"; Value = "155°C"; VariantName = "[No Variations]"
Add component (AddParameter): Name = "Min Operating Temperature"; Value = "-55°C"; VariantName = "[No Variations]"
Add component (AddParameter): Name = "Mounting Technology"; Value = "Surface Mount"; VariantName = "[No Variations]"
Add component (AddParameter): Name = "Pins"; Value = ""; VariantName = "[No Variations]"
Add component (AddParameter): Name = "Power"; Value = ""; VariantName = "[No Variations]"
Add component (AddParameter): Name = "RoHS Compliant"; Value = ""; VariantName = "[No Variations]"
Add component (AddParameter): Name = "Tolerance"; Value = "5%"; VariantName = "[No Variations]"
Add component (AddParameter): Name = "Value"; Value = "4.7k"; VariantName = "[No Variations]"
Add component (AddParameter): Name = "Voltage Rating"; Value = "25V"; VariantName = "[No Variations]"
Added Component: Designator=R19(RESC0603X28X15ML05T05)
Add component (AddParameter): Name = "Case/Package"; Value = "0201"; VariantName = "[No Variations]"
Add component (AddParameter): Name = "Max Operating Temperature"; Value = "155°C"; VariantName = "[No Variations]"
Add component (AddParameter): Name = "Min Operating Temperature"; Value = "-55°C"; VariantName = "[No Variations]"
Add component (AddParameter): Name = "Mounting Technology"; Value = "Surface Mount"; VariantName = "[No Variations]"
Add component (AddParameter): Name = "Pins"; Value = ""; VariantName = "[No Variations]"
Add component (AddParameter): Name = "Power"; Value = ""; VariantName = "[No Variations]"
Add component (AddParameter): Name = "RoHS Compliant"; Value = ""; VariantName = "[No Variations]"
Add component (AddParameter): Name = "Tolerance"; Value = "5%"; VariantName = "[No Variations]"
Add component (AddParameter): Name = "Value"; Value = "56k"; VariantName = "[No Variations]"
Add component (AddParameter): Name = "Voltage Rating"; Value = "30V"; VariantName = "[No Variations]"
Added Component: Designator=R20(FP-RMCF0201-IPC_A)
Add component (AddParameter): Name = "Case/Package"; Value = "0201"; VariantName = "[No Variations]"
Add component (AddParameter): Name = "Max Operating Temperature"; Value = "155°C"; VariantName = "[No Variations]"
Add component (AddParameter): Name = "Min Operating Temperature"; Value = "-55°C"; VariantName = "[No Variations]"
Add component (AddParameter): Name = "Mounting Technology"; Value = "Surface Mount"; VariantName = "[No Variations]"
Add component (AddParameter): Name = "Pins"; Value = ""; VariantName = "[No Variations]"
Add component (AddParameter): Name = "Power"; Value = ""; VariantName = "[No Variations]"
Add component (AddParameter): Name = "RoHS Compliant"; Value = ""; VariantName = "[No Variations]"
Add component (AddParameter): Name = "Tolerance"; Value = "5%"; VariantName = "[No Variations]"
Add component (AddParameter): Name = "Value"; Value = "2k"; VariantName = "[No Variations]"
Add component (AddParameter): Name = "Voltage Rating"; Value = "25V"; VariantName = "[No Variations]"
Added Component: Designator=R21(FP-HCJ0201-IPC_C)
Add component (AddParameter): Name = "Case/Package"; Value = "0201"; VariantName = "[No Variations]"
Add component (AddParameter): Name = "Max Operating Temperature"; Value = "155°C"; VariantName = "[No Variations]"
Add component (AddParameter): Name = "Min Operating Temperature"; Value = "-55°C"; VariantName = "[No Variations]"
Add component (AddParameter): Name = "Mounting Technology"; Value = "Surface Mount"; VariantName = "[No Variations]"
Add component (AddParameter): Name = "Pins"; Value = ""; VariantName = "[No Variations]"
Add component (AddParameter): Name = "Power"; Value = ""; VariantName = "[No Variations]"
Add component (AddParameter): Name = "RoHS Compliant"; Value = ""; VariantName = "[No Variations]"
Add component (AddParameter): Name = "Tolerance"; Value = ""; VariantName = "[No Variations]"
Add component (AddParameter): Name = "Value"; Value = "0"; VariantName = "[No Variations]"
Add component (AddParameter): Name = "Voltage Rating"; Value = ""; VariantName = "[No Variations]"
Added Component: Designator=R22(FP-RMCF0201-IPC_A)
Add component (AddParameter): Name = "Case/Package"; Value = "0201"; VariantName = "[No Variations]"
Add component (AddParameter): Name = "Max Operating Temperature"; Value = "155°C"; VariantName = "[No Variations]"
Add component (AddParameter): Name = "Min Operating Temperature"; Value = "-55°C"; VariantName = "[No Variations]"
Add component (AddParameter): Name = "Mounting Technology"; Value = "Surface Mount"; VariantName = "[No Variations]"
Add component (AddParameter): Name = "Pins"; Value = ""; VariantName = "[No Variations]"
Add component (AddParameter): Name = "Power"; Value = ""; VariantName = "[No Variations]"
Add component (AddParameter): Name = "RoHS Compliant"; Value = ""; VariantName = "[No Variations]"
Add component (AddParameter): Name = "Tolerance"; Value = "5%"; VariantName = "[No Variations]"
Add component (AddParameter): Name = "Value"; Value = "100"; VariantName = "[No Variations]"
Add component (AddParameter): Name = "Voltage Rating"; Value = "25V"; VariantName = "[No Variations]"
Added Component: Designator=R23(FP-RMCF0201-IPC_A)
Add component (AddParameter): Name = "Case/Package"; Value = "0201"; VariantName = "[No Variations]"
Add component (AddParameter): Name = "Max Operating Temperature"; Value = "155°C"; VariantName = "[No Variations]"
Add component (AddParameter): Name = "Min Operating Temperature"; Value = "-55°C"; VariantName = "[No Variations]"
Add component (AddParameter): Name = "Mounting Technology"; Value = "Surface Mount"; VariantName = "[No Variations]"
Add component (AddParameter): Name = "Pins"; Value = ""; VariantName = "[No Variations]"
Add component (AddParameter): Name = "Power"; Value = ""; VariantName = "[No Variations]"
Add component (AddParameter): Name = "RoHS Compliant"; Value = ""; VariantName = "[No Variations]"
Add component (AddParameter): Name = "Tolerance"; Value = "5%"; VariantName = "[No Variations]"
Add component (AddParameter): Name = "Value"; Value = "2k"; VariantName = "[No Variations]"
Add component (AddParameter): Name = "Voltage Rating"; Value = "25V"; VariantName = "[No Variations]"
Added Component: Designator=R24(FP-HCJ0201-IPC_C)
Add component (AddParameter): Name = "Case/Package"; Value = "0201"; VariantName = "[No Variations]"
Add component (AddParameter): Name = "Max Operating Temperature"; Value = "155°C"; VariantName = "[No Variations]"
Add component (AddParameter): Name = "Min Operating Temperature"; Value = "-55°C"; VariantName = "[No Variations]"
Add component (AddParameter): Name = "Mounting Technology"; Value = "Surface Mount"; VariantName = "[No Variations]"
Add component (AddParameter): Name = "Pins"; Value = ""; VariantName = "[No Variations]"
Add component (AddParameter): Name = "Power"; Value = ""; VariantName = "[No Variations]"
Add component (AddParameter): Name = "RoHS Compliant"; Value = ""; VariantName = "[No Variations]"
Add component (AddParameter): Name = "Tolerance"; Value = ""; VariantName = "[No Variations]"
Add component (AddParameter): Name = "Value"; Value = "0"; VariantName = "[No Variations]"
Add component (AddParameter): Name = "Voltage Rating"; Value = ""; VariantName = "[No Variations]"
Added Component: Designator=R25(RESC0603X28X15ML05T05)
Add component (AddParameter): Name = "Case/Package"; Value = "0201"; VariantName = "[No Variations]"
Add component (AddParameter): Name = "Max Operating Temperature"; Value = "155°C"; VariantName = "[No Variations]"
Add component (AddParameter): Name = "Min Operating Temperature"; Value = "-55°C"; VariantName = "[No Variations]"
Add component (AddParameter): Name = "Mounting Technology"; Value = "Surface Mount"; VariantName = "[No Variations]"
Add component (AddParameter): Name = "Pins"; Value = ""; VariantName = "[No Variations]"
Add component (AddParameter): Name = "Power"; Value = ""; VariantName = "[No Variations]"
Add component (AddParameter): Name = "RoHS Compliant"; Value = ""; VariantName = "[No Variations]"
Add component (AddParameter): Name = "Tolerance"; Value = "5%"; VariantName = "[No Variations]"
Add component (AddParameter): Name = "Value"; Value = "39k"; VariantName = "[No Variations]"
Add component (AddParameter): Name = "Voltage Rating"; Value = "30V"; VariantName = "[No Variations]"
Added Component: Designator=R26(FP-RMCF0201-IPC_A)
Add component (AddParameter): Name = "Case/Package"; Value = "0201"; VariantName = "[No Variations]"
Add component (AddParameter): Name = "Max Operating Temperature"; Value = "155°C"; VariantName = "[No Variations]"
Add component (AddParameter): Name = "Min Operating Temperature"; Value = "-55°C"; VariantName = "[No Variations]"
Add component (AddParameter): Name = "Mounting Technology"; Value = "Surface Mount"; VariantName = "[No Variations]"
Add component (AddParameter): Name = "Pins"; Value = ""; VariantName = "[No Variations]"
Add component (AddParameter): Name = "Power"; Value = ""; VariantName = "[No Variations]"
Add component (AddParameter): Name = "RoHS Compliant"; Value = ""; VariantName = "[No Variations]"
Add component (AddParameter): Name = "Tolerance"; Value = "5%"; VariantName = "[No Variations]"
Add component (AddParameter): Name = "Value"; Value = "100"; VariantName = "[No Variations]"
Add component (AddParameter): Name = "Voltage Rating"; Value = "25V"; VariantName = "[No Variations]"
Added Component: Designator=R27(FP-RT0201-IPC_C)
Add component (AddParameter): Name = "Case/Package"; Value = "0201"; VariantName = "[No Variations]"
Add component (AddParameter): Name = "Max Operating Temperature"; Value = "125°C"; VariantName = "[No Variations]"
Add component (AddParameter): Name = "Min Operating Temperature"; Value = "-55°C"; VariantName = "[No Variations]"
Add component (AddParameter): Name = "Mounting Technology"; Value = "Surface Mount"; VariantName = "[No Variations]"
Add component (AddParameter): Name = "Pins"; Value = ""; VariantName = "[No Variations]"
Add component (AddParameter): Name = "Power"; Value = ""; VariantName = "[No Variations]"
Add component (AddParameter): Name = "RoHS Compliant"; Value = ""; VariantName = "[No Variations]"
Add component (AddParameter): Name = "Tolerance"; Value = "0.1%"; VariantName = "[No Variations]"
Add component (AddParameter): Name = "Value"; Value = "10k"; VariantName = "[No Variations]"
Add component (AddParameter): Name = "Voltage Rating"; Value = "25V"; VariantName = "[No Variations]"
Added Component: Designator=R28(FP-RT0201-IPC_C)
Add component (AddParameter): Name = "Case/Package"; Value = "0201"; VariantName = "[No Variations]"
Add component (AddParameter): Name = "Max Operating Temperature"; Value = "125°C"; VariantName = "[No Variations]"
Add component (AddParameter): Name = "Min Operating Temperature"; Value = "-55°C"; VariantName = "[No Variations]"
Add component (AddParameter): Name = "Mounting Technology"; Value = "Surface Mount"; VariantName = "[No Variations]"
Add component (AddParameter): Name = "Pins"; Value = ""; VariantName = "[No Variations]"
Add component (AddParameter): Name = "Power"; Value = ""; VariantName = "[No Variations]"
Add component (AddParameter): Name = "RoHS Compliant"; Value = ""; VariantName = "[No Variations]"
Add component (AddParameter): Name = "Tolerance"; Value = "0.1%"; VariantName = "[No Variations]"
Add component (AddParameter): Name = "Value"; Value = "10k"; VariantName = "[No Variations]"
Add component (AddParameter): Name = "Voltage Rating"; Value = "25V"; VariantName = "[No Variations]"
Added Component: Designator=R29(FP-RT0201-IPC_C)
Add component (AddParameter): Name = "Case/Package"; Value = "0201"; VariantName = "[No Variations]"
Add component (AddParameter): Name = "Max Operating Temperature"; Value = "125°C"; VariantName = "[No Variations]"
Add component (AddParameter): Name = "Min Operating Temperature"; Value = "-55°C"; VariantName = "[No Variations]"
Add component (AddParameter): Name = "Mounting Technology"; Value = "Surface Mount"; VariantName = "[No Variations]"
Add component (AddParameter): Name = "Pins"; Value = ""; VariantName = "[No Variations]"
Add component (AddParameter): Name = "Power"; Value = ""; VariantName = "[No Variations]"
Add component (AddParameter): Name = "RoHS Compliant"; Value = ""; VariantName = "[No Variations]"
Add component (AddParameter): Name = "Tolerance"; Value = "0.1%"; VariantName = "[No Variations]"
Add component (AddParameter): Name = "Value"; Value = "10k"; VariantName = "[No Variations]"
Add component (AddParameter): Name = "Voltage Rating"; Value = "25V"; VariantName = "[No Variations]"
Added Component: Designator=R30(FP-RT0201-IPC_C)
Add component (AddParameter): Name = "Case/Package"; Value = "0201"; VariantName = "[No Variations]"
Add component (AddParameter): Name = "Max Operating Temperature"; Value = "125°C"; VariantName = "[No Variations]"
Add component (AddParameter): Name = "Min Operating Temperature"; Value = "-55°C"; VariantName = "[No Variations]"
Add component (AddParameter): Name = "Mounting Technology"; Value = "Surface Mount"; VariantName = "[No Variations]"
Add component (AddParameter): Name = "Pins"; Value = ""; VariantName = "[No Variations]"
Add component (AddParameter): Name = "Power"; Value = ""; VariantName = "[No Variations]"
Add component (AddParameter): Name = "RoHS Compliant"; Value = ""; VariantName = "[No Variations]"
Add component (AddParameter): Name = "Tolerance"; Value = "0.1%"; VariantName = "[No Variations]"
Add component (AddParameter): Name = "Value"; Value = "10k"; VariantName = "[No Variations]"
Add component (AddParameter): Name = "Voltage Rating"; Value = "25V"; VariantName = "[No Variations]"
Added Component: Designator=R31(FP-HCJ0201-IPC_C)
Add component (AddParameter): Name = "Case/Package"; Value = "0201"; VariantName = "[No Variations]"
Add component (AddParameter): Name = "Max Operating Temperature"; Value = "155°C"; VariantName = "[No Variations]"
Add component (AddParameter): Name = "Min Operating Temperature"; Value = "-55°C"; VariantName = "[No Variations]"
Add component (AddParameter): Name = "Mounting Technology"; Value = "Surface Mount"; VariantName = "[No Variations]"
Add component (AddParameter): Name = "Pins"; Value = ""; VariantName = "[No Variations]"
Add component (AddParameter): Name = "Power"; Value = ""; VariantName = "[No Variations]"
Add component (AddParameter): Name = "RoHS Compliant"; Value = ""; VariantName = "[No Variations]"
Add component (AddParameter): Name = "Tolerance"; Value = ""; VariantName = "[No Variations]"
Add component (AddParameter): Name = "Value"; Value = "0"; VariantName = "[No Variations]"
Add component (AddParameter): Name = "Voltage Rating"; Value = ""; VariantName = "[No Variations]"
Added Component: Designator=R32(FP-RT0201-IPC_C)
Add component (AddParameter): Name = "Case/Package"; Value = "0201"; VariantName = "[No Variations]"
Add component (AddParameter): Name = "Max Operating Temperature"; Value = "125°C"; VariantName = "[No Variations]"
Add component (AddParameter): Name = "Min Operating Temperature"; Value = "-55°C"; VariantName = "[No Variations]"
Add component (AddParameter): Name = "Mounting Technology"; Value = "Surface Mount"; VariantName = "[No Variations]"
Add component (AddParameter): Name = "Pins"; Value = ""; VariantName = "[No Variations]"
Add component (AddParameter): Name = "Power"; Value = ""; VariantName = "[No Variations]"
Add component (AddParameter): Name = "RoHS Compliant"; Value = ""; VariantName = "[No Variations]"
Add component (AddParameter): Name = "Tolerance"; Value = "0.1%"; VariantName = "[No Variations]"
Add component (AddParameter): Name = "Value"; Value = "10k"; VariantName = "[No Variations]"
Add component (AddParameter): Name = "Voltage Rating"; Value = "25V"; VariantName = "[No Variations]"
Added Component: Designator=R33(FP-RMCF0201-IPC_A)
Add component (AddParameter): Name = "Case/Package"; Value = "0201"; VariantName = "[No Variations]"
Add component (AddParameter): Name = "Max Operating Temperature"; Value = "155°C"; VariantName = "[No Variations]"
Add component (AddParameter): Name = "Min Operating Temperature"; Value = "-55°C"; VariantName = "[No Variations]"
Add component (AddParameter): Name = "Mounting Technology"; Value = "Surface Mount"; VariantName = "[No Variations]"
Add component (AddParameter): Name = "Pins"; Value = ""; VariantName = "[No Variations]"
Add component (AddParameter): Name = "Power"; Value = ""; VariantName = "[No Variations]"
Add component (AddParameter): Name = "RoHS Compliant"; Value = ""; VariantName = "[No Variations]"
Add component (AddParameter): Name = "Tolerance"; Value = "5%"; VariantName = "[No Variations]"
Add component (AddParameter): Name = "Value"; Value = "100"; VariantName = "[No Variations]"
Add component (AddParameter): Name = "Voltage Rating"; Value = "25V"; VariantName = "[No Variations]"
Added Component: Designator=R34(FP-RT0201-IPC_C)
Add component (AddParameter): Name = "Case/Package"; Value = "0201"; VariantName = "[No Variations]"
Add component (AddParameter): Name = "Max Operating Temperature"; Value = "125°C"; VariantName = "[No Variations]"
Add component (AddParameter): Name = "Min Operating Temperature"; Value = "-55°C"; VariantName = "[No Variations]"
Add component (AddParameter): Name = "Mounting Technology"; Value = "Surface Mount"; VariantName = "[No Variations]"
Add component (AddParameter): Name = "Pins"; Value = ""; VariantName = "[No Variations]"
Add component (AddParameter): Name = "Power"; Value = ""; VariantName = "[No Variations]"
Add component (AddParameter): Name = "RoHS Compliant"; Value = ""; VariantName = "[No Variations]"
Add component (AddParameter): Name = "Tolerance"; Value = "0.1%"; VariantName = "[No Variations]"
Add component (AddParameter): Name = "Value"; Value = "10k"; VariantName = "[No Variations]"
Add component (AddParameter): Name = "Voltage Rating"; Value = "25V"; VariantName = "[No Variations]"
Added Component: Designator=R35(FP-RMCF0201-IPC_A)
Add component (AddParameter): Name = "Case/Package"; Value = "0201"; VariantName = "[No Variations]"
Add component (AddParameter): Name = "Max Operating Temperature"; Value = "155°C"; VariantName = "[No Variations]"
Add component (AddParameter): Name = "Min Operating Temperature"; Value = "-55°C"; VariantName = "[No Variations]"
Add component (AddParameter): Name = "Mounting Technology"; Value = "Surface Mount"; VariantName = "[No Variations]"
Add component (AddParameter): Name = "Pins"; Value = ""; VariantName = "[No Variations]"
Add component (AddParameter): Name = "Power"; Value = ""; VariantName = "[No Variations]"
Add component (AddParameter): Name = "RoHS Compliant"; Value = ""; VariantName = "[No Variations]"
Add component (AddParameter): Name = "Tolerance"; Value = "5%"; VariantName = "[No Variations]"
Add component (AddParameter): Name = "Value"; Value = "100"; VariantName = "[No Variations]"
Add component (AddParameter): Name = "Voltage Rating"; Value = "25V"; VariantName = "[No Variations]"
Added Component: Designator=R36(FP-HCJ0201-IPC_C)
Add component (AddParameter): Name = "Case/Package"; Value = "0201"; VariantName = "[No Variations]"
Add component (AddParameter): Name = "Max Operating Temperature"; Value = "155°C"; VariantName = "[No Variations]"
Add component (AddParameter): Name = "Min Operating Temperature"; Value = "-55°C"; VariantName = "[No Variations]"
Add component (AddParameter): Name = "Mounting Technology"; Value = "Surface Mount"; VariantName = "[No Variations]"
Add component (AddParameter): Name = "Pins"; Value = ""; VariantName = "[No Variations]"
Add component (AddParameter): Name = "Power"; Value = ""; VariantName = "[No Variations]"
Add component (AddParameter): Name = "RoHS Compliant"; Value = ""; VariantName = "[No Variations]"
Add component (AddParameter): Name = "Tolerance"; Value = ""; VariantName = "[No Variations]"
Add component (AddParameter): Name = "Value"; Value = "0"; VariantName = "[No Variations]"
Add component (AddParameter): Name = "Voltage Rating"; Value = ""; VariantName = "[No Variations]"
Added Component: Designator=R37(FP-RT0201-IPC_C)
Add component (AddParameter): Name = "Case/Package"; Value = "0201"; VariantName = "[No Variations]"
Add component (AddParameter): Name = "Max Operating Temperature"; Value = "125°C"; VariantName = "[No Variations]"
Add component (AddParameter): Name = "Min Operating Temperature"; Value = "-55°C"; VariantName = "[No Variations]"
Add component (AddParameter): Name = "Mounting Technology"; Value = "Surface Mount"; VariantName = "[No Variations]"
Add component (AddParameter): Name = "Pins"; Value = ""; VariantName = "[No Variations]"
Add component (AddParameter): Name = "Power"; Value = ""; VariantName = "[No Variations]"
Add component (AddParameter): Name = "RoHS Compliant"; Value = ""; VariantName = "[No Variations]"
Add component (AddParameter): Name = "Tolerance"; Value = "0.1%"; VariantName = "[No Variations]"
Add component (AddParameter): Name = "Value"; Value = "10k"; VariantName = "[No Variations]"
Add component (AddParameter): Name = "Voltage Rating"; Value = "25V"; VariantName = "[No Variations]"
Added Component: Designator=R38(FP-RT0201-IPC_C)
Add component (AddParameter): Name = "Case/Package"; Value = "0201"; VariantName = "[No Variations]"
Add component (AddParameter): Name = "Max Operating Temperature"; Value = "125°C"; VariantName = "[No Variations]"
Add component (AddParameter): Name = "Min Operating Temperature"; Value = "-55°C"; VariantName = "[No Variations]"
Add component (AddParameter): Name = "Mounting Technology"; Value = "Surface Mount"; VariantName = "[No Variations]"
Add component (AddParameter): Name = "Pins"; Value = ""; VariantName = "[No Variations]"
Add component (AddParameter): Name = "Power"; Value = ""; VariantName = "[No Variations]"
Add component (AddParameter): Name = "RoHS Compliant"; Value = ""; VariantName = "[No Variations]"
Add component (AddParameter): Name = "Tolerance"; Value = "0.1%"; VariantName = "[No Variations]"
Add component (AddParameter): Name = "Value"; Value = "10k"; VariantName = "[No Variations]"
Add component (AddParameter): Name = "Voltage Rating"; Value = "25V"; VariantName = "[No Variations]"
Added Component: Designator=R39(FP-RT0201-IPC_C)
Add component (AddParameter): Name = "Case/Package"; Value = "0201"; VariantName = "[No Variations]"
Add component (AddParameter): Name = "Max Operating Temperature"; Value = "125°C"; VariantName = "[No Variations]"
Add component (AddParameter): Name = "Min Operating Temperature"; Value = "-55°C"; VariantName = "[No Variations]"
Add component (AddParameter): Name = "Mounting Technology"; Value = "Surface Mount"; VariantName = "[No Variations]"
Add component (AddParameter): Name = "Pins"; Value = ""; VariantName = "[No Variations]"
Add component (AddParameter): Name = "Power"; Value = ""; VariantName = "[No Variations]"
Add component (AddParameter): Name = "RoHS Compliant"; Value = ""; VariantName = "[No Variations]"
Add component (AddParameter): Name = "Tolerance"; Value = "0.1%"; VariantName = "[No Variations]"
Add component (AddParameter): Name = "Value"; Value = "10k"; VariantName = "[No Variations]"
Add component (AddParameter): Name = "Voltage Rating"; Value = "25V"; VariantName = "[No Variations]"
Added Component: Designator=R40(FP-RT0201-IPC_C)
Add component (AddParameter): Name = "Case/Package"; Value = "0201"; VariantName = "[No Variations]"
Add component (AddParameter): Name = "Max Operating Temperature"; Value = "125°C"; VariantName = "[No Variations]"
Add component (AddParameter): Name = "Min Operating Temperature"; Value = "-55°C"; VariantName = "[No Variations]"
Add component (AddParameter): Name = "Mounting Technology"; Value = "Surface Mount"; VariantName = "[No Variations]"
Add component (AddParameter): Name = "Pins"; Value = ""; VariantName = "[No Variations]"
Add component (AddParameter): Name = "Power"; Value = ""; VariantName = "[No Variations]"
Add component (AddParameter): Name = "RoHS Compliant"; Value = ""; VariantName = "[No Variations]"
Add component (AddParameter): Name = "Tolerance"; Value = "0.1%"; VariantName = "[No Variations]"
Add component (AddParameter): Name = "Value"; Value = "10k"; VariantName = "[No Variations]"
Add component (AddParameter): Name = "Voltage Rating"; Value = "25V"; VariantName = "[No Variations]"
Added Component: Designator=R41(FP-RMCF0201-IPC_A)
Add component (AddParameter): Name = "Case/Package"; Value = "0201"; VariantName = "[No Variations]"
Add component (AddParameter): Name = "Max Operating Temperature"; Value = "155°C"; VariantName = "[No Variations]"
Add component (AddParameter): Name = "Min Operating Temperature"; Value = "-55°C"; VariantName = "[No Variations]"
Add component (AddParameter): Name = "Mounting Technology"; Value = "Surface Mount"; VariantName = "[No Variations]"
Add component (AddParameter): Name = "Pins"; Value = ""; VariantName = "[No Variations]"
Add component (AddParameter): Name = "Power"; Value = ""; VariantName = "[No Variations]"
Add component (AddParameter): Name = "RoHS Compliant"; Value = ""; VariantName = "[No Variations]"
Add component (AddParameter): Name = "Tolerance"; Value = "5%"; VariantName = "[No Variations]"
Add component (AddParameter): Name = "Value"; Value = "4.7k"; VariantName = "[No Variations]"
Add component (AddParameter): Name = "Voltage Rating"; Value = "25V"; VariantName = "[No Variations]"
Added Component: Designator=R42(FP-RT0201-IPC_C)
Add component (AddParameter): Name = "Case/Package"; Value = "0201"; VariantName = "[No Variations]"
Add component (AddParameter): Name = "Max Operating Temperature"; Value = "125°C"; VariantName = "[No Variations]"
Add component (AddParameter): Name = "Min Operating Temperature"; Value = "-55°C"; VariantName = "[No Variations]"
Add component (AddParameter): Name = "Mounting Technology"; Value = "Surface Mount"; VariantName = "[No Variations]"
Add component (AddParameter): Name = "Pins"; Value = ""; VariantName = "[No Variations]"
Add component (AddParameter): Name = "Power"; Value = ""; VariantName = "[No Variations]"
Add component (AddParameter): Name = "RoHS Compliant"; Value = ""; VariantName = "[No Variations]"
Add component (AddParameter): Name = "Tolerance"; Value = "0.1%"; VariantName = "[No Variations]"
Add component (AddParameter): Name = "Value"; Value = "10k"; VariantName = "[No Variations]"
Add component (AddParameter): Name = "Voltage Rating"; Value = "25V"; VariantName = "[No Variations]"
Added Component: Designator=R43(RESC0603X28X15ML05T05)
Add component (AddParameter): Name = "Case/Package"; Value = "0201"; VariantName = "[No Variations]"
Add component (AddParameter): Name = "Max Operating Temperature"; Value = "155°C"; VariantName = "[No Variations]"
Add component (AddParameter): Name = "Min Operating Temperature"; Value = "-55°C"; VariantName = "[No Variations]"
Add component (AddParameter): Name = "Mounting Technology"; Value = "Surface Mount"; VariantName = "[No Variations]"
Add component (AddParameter): Name = "Pins"; Value = "2"; VariantName = "[No Variations]"
Add component (AddParameter): Name = "Power"; Value = ""; VariantName = "[No Variations]"
Add component (AddParameter): Name = "RoHS Compliant"; Value = ""; VariantName = "[No Variations]"
Add component (AddParameter): Name = "Tolerance"; Value = "5%"; VariantName = "[No Variations]"
Add component (AddParameter): Name = "Value"; Value = "22"; VariantName = "[No Variations]"
Add component (AddParameter): Name = "Voltage Rating"; Value = "30V"; VariantName = "[No Variations]"
Added Component: Designator=R44(RESC0603X28X15ML05T05)
Add component (AddParameter): Name = "Case/Package"; Value = "0201"; VariantName = "[No Variations]"
Add component (AddParameter): Name = "Max Operating Temperature"; Value = "155°C"; VariantName = "[No Variations]"
Add component (AddParameter): Name = "Min Operating Temperature"; Value = "-55°C"; VariantName = "[No Variations]"
Add component (AddParameter): Name = "Mounting Technology"; Value = "Surface Mount"; VariantName = "[No Variations]"
Add component (AddParameter): Name = "Pins"; Value = "2"; VariantName = "[No Variations]"
Add component (AddParameter): Name = "Power"; Value = ""; VariantName = "[No Variations]"
Add component (AddParameter): Name = "RoHS Compliant"; Value = ""; VariantName = "[No Variations]"
Add component (AddParameter): Name = "Tolerance"; Value = "5%"; VariantName = "[No Variations]"
Add component (AddParameter): Name = "Value"; Value = "22"; VariantName = "[No Variations]"
Add component (AddParameter): Name = "Voltage Rating"; Value = "30V"; VariantName = "[No Variations]"
Added Component: Designator=R45(FP-RT0201-IPC_C)
Add component (AddParameter): Name = "Case/Package"; Value = "0201"; VariantName = "[No Variations]"
Add component (AddParameter): Name = "Max Operating Temperature"; Value = "125°C"; VariantName = "[No Variations]"
Add component (AddParameter): Name = "Min Operating Temperature"; Value = "-55°C"; VariantName = "[No Variations]"
Add component (AddParameter): Name = "Mounting Technology"; Value = "Surface Mount"; VariantName = "[No Variations]"
Add component (AddParameter): Name = "Pins"; Value = ""; VariantName = "[No Variations]"
Add component (AddParameter): Name = "Power"; Value = ""; VariantName = "[No Variations]"
Add component (AddParameter): Name = "RoHS Compliant"; Value = ""; VariantName = "[No Variations]"
Add component (AddParameter): Name = "Tolerance"; Value = "0.1%"; VariantName = "[No Variations]"
Add component (AddParameter): Name = "Value"; Value = "10k"; VariantName = "[No Variations]"
Add component (AddParameter): Name = "Voltage Rating"; Value = "25V"; VariantName = "[No Variations]"
Added Component: Designator=R46(FP-RMCF0201-IPC_A)
Add component (AddParameter): Name = "Case/Package"; Value = "0201"; VariantName = "[No Variations]"
Add component (AddParameter): Name = "Max Operating Temperature"; Value = "155°C"; VariantName = "[No Variations]"
Add component (AddParameter): Name = "Min Operating Temperature"; Value = "-55°C"; VariantName = "[No Variations]"
Add component (AddParameter): Name = "Mounting Technology"; Value = "Surface Mount"; VariantName = "[No Variations]"
Add component (AddParameter): Name = "Pins"; Value = ""; VariantName = "[No Variations]"
Add component (AddParameter): Name = "Power"; Value = ""; VariantName = "[No Variations]"
Add component (AddParameter): Name = "RoHS Compliant"; Value = ""; VariantName = "[No Variations]"
Add component (AddParameter): Name = "Tolerance"; Value = "5%"; VariantName = "[No Variations]"
Add component (AddParameter): Name = "Value"; Value = "4.7k"; VariantName = "[No Variations]"
Add component (AddParameter): Name = "Voltage Rating"; Value = "25V"; VariantName = "[No Variations]"
Added Component: Designator=R47(FP-RMCF0201-IPC_A)
Add component (AddParameter): Name = "Case/Package"; Value = "0201"; VariantName = "[No Variations]"
Add component (AddParameter): Name = "Max Operating Temperature"; Value = "155°C"; VariantName = "[No Variations]"
Add component (AddParameter): Name = "Min Operating Temperature"; Value = "-55°C"; VariantName = "[No Variations]"
Add component (AddParameter): Name = "Mounting Technology"; Value = "Surface Mount"; VariantName = "[No Variations]"
Add component (AddParameter): Name = "Pins"; Value = ""; VariantName = "[No Variations]"
Add component (AddParameter): Name = "Power"; Value = ""; VariantName = "[No Variations]"
Add component (AddParameter): Name = "RoHS Compliant"; Value = ""; VariantName = "[No Variations]"
Add component (AddParameter): Name = "Tolerance"; Value = "5%"; VariantName = "[No Variations]"
Add component (AddParameter): Name = "Value"; Value = "4.7k"; VariantName = "[No Variations]"
Add component (AddParameter): Name = "Voltage Rating"; Value = "25V"; VariantName = "[No Variations]"
Added Component: Designator=R48(FP-RT0201-IPC_C)
Add component (AddParameter): Name = "Case/Package"; Value = "0201"; VariantName = "[No Variations]"
Add component (AddParameter): Name = "Max Operating Temperature"; Value = "125°C"; VariantName = "[No Variations]"
Add component (AddParameter): Name = "Min Operating Temperature"; Value = "-55°C"; VariantName = "[No Variations]"
Add component (AddParameter): Name = "Mounting Technology"; Value = "Surface Mount"; VariantName = "[No Variations]"
Add component (AddParameter): Name = "Pins"; Value = ""; VariantName = "[No Variations]"
Add component (AddParameter): Name = "Power"; Value = ""; VariantName = "[No Variations]"
Add component (AddParameter): Name = "RoHS Compliant"; Value = ""; VariantName = "[No Variations]"
Add component (AddParameter): Name = "Tolerance"; Value = "0.1%"; VariantName = "[No Variations]"
Add component (AddParameter): Name = "Value"; Value = "10k"; VariantName = "[No Variations]"
Add component (AddParameter): Name = "Voltage Rating"; Value = "25V"; VariantName = "[No Variations]"
Added Component: Designator=R49(FP-RMCF0201-IPC_A)
Add component (AddParameter): Name = "Case/Package"; Value = "0201"; VariantName = "[No Variations]"
Add component (AddParameter): Name = "Max Operating Temperature"; Value = "155°C"; VariantName = "[No Variations]"
Add component (AddParameter): Name = "Min Operating Temperature"; Value = "-55°C"; VariantName = "[No Variations]"
Add component (AddParameter): Name = "Mounting Technology"; Value = "Surface Mount"; VariantName = "[No Variations]"
Add component (AddParameter): Name = "Pins"; Value = ""; VariantName = "[No Variations]"
Add component (AddParameter): Name = "Power"; Value = ""; VariantName = "[No Variations]"
Add component (AddParameter): Name = "RoHS Compliant"; Value = ""; VariantName = "[No Variations]"
Add component (AddParameter): Name = "Tolerance"; Value = "5%"; VariantName = "[No Variations]"
Add component (AddParameter): Name = "Value"; Value = "4.7k"; VariantName = "[No Variations]"
Add component (AddParameter): Name = "Voltage Rating"; Value = "25V"; VariantName = "[No Variations]"
Added Component: Designator=R50(FP-RMCF0201-IPC_A)
Add component (AddParameter): Name = "Case/Package"; Value = "0201"; VariantName = "[No Variations]"
Add component (AddParameter): Name = "Max Operating Temperature"; Value = "155°C"; VariantName = "[No Variations]"
Add component (AddParameter): Name = "Max Supply Voltage"; Value = ""; VariantName = "[No Variations]"
Add component (AddParameter): Name = "Min Operating Temperature"; Value = "-55°C"; VariantName = "[No Variations]"
Add component (AddParameter): Name = "Min Supply Voltage"; Value = ""; VariantName = "[No Variations]"
Add component (AddParameter): Name = "Mounting Technology"; Value = "Surface Mount"; VariantName = "[No Variations]"
Add component (AddParameter): Name = "Nominal Supply Current"; Value = ""; VariantName = "[No Variations]"
Add component (AddParameter): Name = "Nominal Supply Voltage"; Value = ""; VariantName = "[No Variations]"
Add component (AddParameter): Name = "Output Current"; Value = ""; VariantName = "[No Variations]"
Add component (AddParameter): Name = "Pins"; Value = ""; VariantName = "[No Variations]"
Add component (AddParameter): Name = "RoHS Compliant"; Value = ""; VariantName = "[No Variations]"
Add component (AddParameter): Name = "Sensor Type"; Value = ""; VariantName = "[No Variations]"
Added Component: Designator=R51(FP-RT0201-IPC_C)
Add component (AddParameter): Name = "Case/Package"; Value = "0201"; VariantName = "[No Variations]"
Add component (AddParameter): Name = "Max Operating Temperature"; Value = "125°C"; VariantName = "[No Variations]"
Add component (AddParameter): Name = "Min Operating Temperature"; Value = "-55°C"; VariantName = "[No Variations]"
Add component (AddParameter): Name = "Mounting Technology"; Value = "Surface Mount"; VariantName = "[No Variations]"
Add component (AddParameter): Name = "Pins"; Value = ""; VariantName = "[No Variations]"
Add component (AddParameter): Name = "Power"; Value = ""; VariantName = "[No Variations]"
Add component (AddParameter): Name = "RoHS Compliant"; Value = ""; VariantName = "[No Variations]"
Add component (AddParameter): Name = "Tolerance"; Value = "0.1%"; VariantName = "[No Variations]"
Add component (AddParameter): Name = "Value"; Value = "10k"; VariantName = "[No Variations]"
Add component (AddParameter): Name = "Voltage Rating"; Value = "25V"; VariantName = "[No Variations]"
Added Component: Designator=R52(RESC0603X28X15ML05T05)
Add component (AddParameter): Name = "Case/Package"; Value = "0201"; VariantName = "[No Variations]"
Add component (AddParameter): Name = "Max Operating Temperature"; Value = "155°C"; VariantName = "[No Variations]"
Add component (AddParameter): Name = "Min Operating Temperature"; Value = "-55°C"; VariantName = "[No Variations]"
Add component (AddParameter): Name = "Mounting Technology"; Value = "Surface Mount"; VariantName = "[No Variations]"
Add component (AddParameter): Name = "Pins"; Value = "2"; VariantName = "[No Variations]"
Add component (AddParameter): Name = "Power"; Value = ""; VariantName = "[No Variations]"
Add component (AddParameter): Name = "RoHS Compliant"; Value = ""; VariantName = "[No Variations]"
Add component (AddParameter): Name = "Tolerance"; Value = "5%"; VariantName = "[No Variations]"
Add component (AddParameter): Name = "Value"; Value = "22"; VariantName = "[No Variations]"
Add component (AddParameter): Name = "Voltage Rating"; Value = "30V"; VariantName = "[No Variations]"
Added Component: Designator=R53(RESC0603X28X15ML05T05)
Add component (AddParameter): Name = "Case/Package"; Value = "0201"; VariantName = "[No Variations]"
Add component (AddParameter): Name = "Max Operating Temperature"; Value = "155°C"; VariantName = "[No Variations]"
Add component (AddParameter): Name = "Min Operating Temperature"; Value = "-55°C"; VariantName = "[No Variations]"
Add component (AddParameter): Name = "Mounting Technology"; Value = "Surface Mount"; VariantName = "[No Variations]"
Add component (AddParameter): Name = "Pins"; Value = "2"; VariantName = "[No Variations]"
Add component (AddParameter): Name = "Power"; Value = ""; VariantName = "[No Variations]"
Add component (AddParameter): Name = "RoHS Compliant"; Value = ""; VariantName = "[No Variations]"
Add component (AddParameter): Name = "Tolerance"; Value = "5%"; VariantName = "[No Variations]"
Add component (AddParameter): Name = "Value"; Value = "22"; VariantName = "[No Variations]"
Add component (AddParameter): Name = "Voltage Rating"; Value = "30V"; VariantName = "[No Variations]"
Added Component: Designator=R54(RESC0603X28X15ML05T05)
Add component (AddParameter): Name = "Case/Package"; Value = "0201"; VariantName = "[No Variations]"
Add component (AddParameter): Name = "Max Operating Temperature"; Value = "155°C"; VariantName = "[No Variations]"
Add component (AddParameter): Name = "Min Operating Temperature"; Value = "-55°C"; VariantName = "[No Variations]"
Add component (AddParameter): Name = "Mounting Technology"; Value = "Surface Mount"; VariantName = "[No Variations]"
Add component (AddParameter): Name = "Pins"; Value = "2"; VariantName = "[No Variations]"
Add component (AddParameter): Name = "Power"; Value = ""; VariantName = "[No Variations]"
Add component (AddParameter): Name = "RoHS Compliant"; Value = ""; VariantName = "[No Variations]"
Add component (AddParameter): Name = "Tolerance"; Value = "5%"; VariantName = "[No Variations]"
Add component (AddParameter): Name = "Value"; Value = "22"; VariantName = "[No Variations]"
Add component (AddParameter): Name = "Voltage Rating"; Value = "30V"; VariantName = "[No Variations]"
Added Component: Designator=R55(FP-AF0201-IPC_B)
Add component (AddParameter): Name = "Case/Package"; Value = "0201"; VariantName = "[No Variations]"
Add component (AddParameter): Name = "Max Operating Temperature"; Value = "155°C"; VariantName = "[No Variations]"
Add component (AddParameter): Name = "Min Operating Temperature"; Value = "-55°C"; VariantName = "[No Variations]"
Add component (AddParameter): Name = "Mounting Technology"; Value = "Surface Mount"; VariantName = "[No Variations]"
Add component (AddParameter): Name = "Pins"; Value = ""; VariantName = "[No Variations]"
Add component (AddParameter): Name = "Power"; Value = ""; VariantName = "[No Variations]"
Add component (AddParameter): Name = "RoHS Compliant"; Value = ""; VariantName = "[No Variations]"
Add component (AddParameter): Name = "Tolerance"; Value = "1%"; VariantName = "[No Variations]"
Add component (AddParameter): Name = "Value"; Value = "499"; VariantName = "[No Variations]"
Add component (AddParameter): Name = "Voltage Rating"; Value = "25V"; VariantName = "[No Variations]"
Added Component: Designator=R56(RESC0603X28X15ML05T05)
Add component (AddParameter): Name = "Case/Package"; Value = "0201"; VariantName = "[No Variations]"
Add component (AddParameter): Name = "Max Operating Temperature"; Value = "155°C"; VariantName = "[No Variations]"
Add component (AddParameter): Name = "Min Operating Temperature"; Value = "-55°C"; VariantName = "[No Variations]"
Add component (AddParameter): Name = "Mounting Technology"; Value = "Surface Mount"; VariantName = "[No Variations]"
Add component (AddParameter): Name = "Pins"; Value = "2"; VariantName = "[No Variations]"
Add component (AddParameter): Name = "Power"; Value = ""; VariantName = "[No Variations]"
Add component (AddParameter): Name = "RoHS Compliant"; Value = ""; VariantName = "[No Variations]"
Add component (AddParameter): Name = "Tolerance"; Value = "5%"; VariantName = "[No Variations]"
Add component (AddParameter): Name = "Value"; Value = "22"; VariantName = "[No Variations]"
Add component (AddParameter): Name = "Voltage Rating"; Value = "30V"; VariantName = "[No Variations]"
Added Component: Designator=R57(FP-RT0201-IPC_C)
Add component (AddParameter): Name = "Case/Package"; Value = "0201"; VariantName = "[No Variations]"
Add component (AddParameter): Name = "Max Operating Temperature"; Value = "125°C"; VariantName = "[No Variations]"
Add component (AddParameter): Name = "Min Operating Temperature"; Value = "-55°C"; VariantName = "[No Variations]"
Add component (AddParameter): Name = "Mounting Technology"; Value = "Surface Mount"; VariantName = "[No Variations]"
Add component (AddParameter): Name = "Pins"; Value = ""; VariantName = "[No Variations]"
Add component (AddParameter): Name = "Power"; Value = ""; VariantName = "[No Variations]"
Add component (AddParameter): Name = "RoHS Compliant"; Value = ""; VariantName = "[No Variations]"
Add component (AddParameter): Name = "Tolerance"; Value = "0.1%"; VariantName = "[No Variations]"
Add component (AddParameter): Name = "Value"; Value = "10k"; VariantName = "[No Variations]"
Add component (AddParameter): Name = "Voltage Rating"; Value = "25V"; VariantName = "[No Variations]"
Added Component: Designator=R58(FP-RMCF0201-IPC_A)
Add component (AddParameter): Name = "Case/Package"; Value = "0201"; VariantName = "[No Variations]"
Add component (AddParameter): Name = "Max Operating Temperature"; Value = "155°C"; VariantName = "[No Variations]"
Add component (AddParameter): Name = "Max Supply Voltage"; Value = ""; VariantName = "[No Variations]"
Add component (AddParameter): Name = "Min Operating Temperature"; Value = "-55°C"; VariantName = "[No Variations]"
Add component (AddParameter): Name = "Min Supply Voltage"; Value = ""; VariantName = "[No Variations]"
Add component (AddParameter): Name = "Mounting Technology"; Value = "Surface Mount"; VariantName = "[No Variations]"
Add component (AddParameter): Name = "Nominal Supply Current"; Value = ""; VariantName = "[No Variations]"
Add component (AddParameter): Name = "Nominal Supply Voltage"; Value = ""; VariantName = "[No Variations]"
Add component (AddParameter): Name = "Output Current"; Value = ""; VariantName = "[No Variations]"
Add component (AddParameter): Name = "Pins"; Value = ""; VariantName = "[No Variations]"
Add component (AddParameter): Name = "RoHS Compliant"; Value = ""; VariantName = "[No Variations]"
Add component (AddParameter): Name = "Sensor Type"; Value = ""; VariantName = "[No Variations]"
Added Component: Designator=R59(FP-RMCF0201-IPC_A)
Add component (AddParameter): Name = "Case/Package"; Value = "0201"; VariantName = "[No Variations]"
Add component (AddParameter): Name = "Max Operating Temperature"; Value = "155°C"; VariantName = "[No Variations]"
Add component (AddParameter): Name = "Max Supply Voltage"; Value = ""; VariantName = "[No Variations]"
Add component (AddParameter): Name = "Min Operating Temperature"; Value = "-55°C"; VariantName = "[No Variations]"
Add component (AddParameter): Name = "Min Supply Voltage"; Value = ""; VariantName = "[No Variations]"
Add component (AddParameter): Name = "Mounting Technology"; Value = "Surface Mount"; VariantName = "[No Variations]"
Add component (AddParameter): Name = "Nominal Supply Current"; Value = ""; VariantName = "[No Variations]"
Add component (AddParameter): Name = "Nominal Supply Voltage"; Value = ""; VariantName = "[No Variations]"
Add component (AddParameter): Name = "Output Current"; Value = ""; VariantName = "[No Variations]"
Add component (AddParameter): Name = "Pins"; Value = ""; VariantName = "[No Variations]"
Add component (AddParameter): Name = "RoHS Compliant"; Value = ""; VariantName = "[No Variations]"
Add component (AddParameter): Name = "Sensor Type"; Value = ""; VariantName = "[No Variations]"
Added Component: Designator=R60(FP-RMCF0201-IPC_A)
Add component (AddParameter): Name = "Case/Package"; Value = "0201"; VariantName = "[No Variations]"
Add component (AddParameter): Name = "Max Operating Temperature"; Value = "155°C"; VariantName = "[No Variations]"
Add component (AddParameter): Name = "Min Operating Temperature"; Value = "-55°C"; VariantName = "[No Variations]"
Add component (AddParameter): Name = "Mounting Technology"; Value = "Surface Mount"; VariantName = "[No Variations]"
Add component (AddParameter): Name = "Pins"; Value = ""; VariantName = "[No Variations]"
Add component (AddParameter): Name = "Power"; Value = ""; VariantName = "[No Variations]"
Add component (AddParameter): Name = "RoHS Compliant"; Value = ""; VariantName = "[No Variations]"
Add component (AddParameter): Name = "Tolerance"; Value = "5%"; VariantName = "[No Variations]"
Add component (AddParameter): Name = "Value"; Value = "100"; VariantName = "[No Variations]"
Add component (AddParameter): Name = "Voltage Rating"; Value = "25V"; VariantName = "[No Variations]"
Added Component: Designator=R61(FP-RT0201-IPC_C)
Add component (AddParameter): Name = "Case/Package"; Value = "0201"; VariantName = "[No Variations]"
Add component (AddParameter): Name = "Max Operating Temperature"; Value = "125°C"; VariantName = "[No Variations]"
Add component (AddParameter): Name = "Min Operating Temperature"; Value = "-55°C"; VariantName = "[No Variations]"
Add component (AddParameter): Name = "Mounting Technology"; Value = "Surface Mount"; VariantName = "[No Variations]"
Add component (AddParameter): Name = "Pins"; Value = ""; VariantName = "[No Variations]"
Add component (AddParameter): Name = "Power"; Value = ""; VariantName = "[No Variations]"
Add component (AddParameter): Name = "RoHS Compliant"; Value = ""; VariantName = "[No Variations]"
Add component (AddParameter): Name = "Tolerance"; Value = "0.1%"; VariantName = "[No Variations]"
Add component (AddParameter): Name = "Value"; Value = "10k"; VariantName = "[No Variations]"
Add component (AddParameter): Name = "Voltage Rating"; Value = "25V"; VariantName = "[No Variations]"
Added Component: Designator=R62(FP-HCJ0201-IPC_C)
Add component (AddParameter): Name = "Case/Package"; Value = "0201"; VariantName = "[No Variations]"
Add component (AddParameter): Name = "Max Operating Temperature"; Value = "155°C"; VariantName = "[No Variations]"
Add component (AddParameter): Name = "Min Operating Temperature"; Value = "-55°C"; VariantName = "[No Variations]"
Add component (AddParameter): Name = "Mounting Technology"; Value = "Surface Mount"; VariantName = "[No Variations]"
Add component (AddParameter): Name = "Pins"; Value = ""; VariantName = "[No Variations]"
Add component (AddParameter): Name = "Power"; Value = ""; VariantName = "[No Variations]"
Add component (AddParameter): Name = "RoHS Compliant"; Value = ""; VariantName = "[No Variations]"
Add component (AddParameter): Name = "Tolerance"; Value = ""; VariantName = "[No Variations]"
Add component (AddParameter): Name = "Value"; Value = "0"; VariantName = "[No Variations]"
Add component (AddParameter): Name = "Voltage Rating"; Value = ""; VariantName = "[No Variations]"
Added Component: Designator=R63(FP-HCJ0201-IPC_C)
Add component (AddParameter): Name = "Case/Package"; Value = "0201"; VariantName = "[No Variations]"
Add component (AddParameter): Name = "Max Operating Temperature"; Value = "155°C"; VariantName = "[No Variations]"
Add component (AddParameter): Name = "Min Operating Temperature"; Value = "-55°C"; VariantName = "[No Variations]"
Add component (AddParameter): Name = "Mounting Technology"; Value = "Surface Mount"; VariantName = "[No Variations]"
Add component (AddParameter): Name = "Pins"; Value = ""; VariantName = "[No Variations]"
Add component (AddParameter): Name = "Power"; Value = ""; VariantName = "[No Variations]"
Add component (AddParameter): Name = "RoHS Compliant"; Value = ""; VariantName = "[No Variations]"
Add component (AddParameter): Name = "Tolerance"; Value = ""; VariantName = "[No Variations]"
Add component (AddParameter): Name = "Value"; Value = "0"; VariantName = "[No Variations]"
Add component (AddParameter): Name = "Voltage Rating"; Value = ""; VariantName = "[No Variations]"
Added Component: Designator=R64(FP-RMCF0201-IPC_A)
Add component (AddParameter): Name = "Case/Package"; Value = "0201"; VariantName = "[No Variations]"
Add component (AddParameter): Name = "Max Operating Temperature"; Value = "155°C"; VariantName = "[No Variations]"
Add component (AddParameter): Name = "Min Operating Temperature"; Value = "-55°C"; VariantName = "[No Variations]"
Add component (AddParameter): Name = "Mounting Technology"; Value = "Surface Mount"; VariantName = "[No Variations]"
Add component (AddParameter): Name = "Pins"; Value = ""; VariantName = "[No Variations]"
Add component (AddParameter): Name = "Power"; Value = ""; VariantName = "[No Variations]"
Add component (AddParameter): Name = "RoHS Compliant"; Value = ""; VariantName = "[No Variations]"
Add component (AddParameter): Name = "Tolerance"; Value = "5%"; VariantName = "[No Variations]"
Add component (AddParameter): Name = "Value"; Value = "100"; VariantName = "[No Variations]"
Add component (AddParameter): Name = "Voltage Rating"; Value = "25V"; VariantName = "[No Variations]"
Added Component: Designator=R65(RESC0603X26X15NL03T05)
Add component (AddParameter): Name = "Case/Package"; Value = "0201"; VariantName = "[No Variations]"
Add component (AddParameter): Name = "Max Operating Temperature"; Value = "155°C"; VariantName = "[No Variations]"
Add component (AddParameter): Name = "Min Operating Temperature"; Value = "-55°C"; VariantName = "[No Variations]"
Add component (AddParameter): Name = "Mounting Technology"; Value = "Surface Mount"; VariantName = "[No Variations]"
Add component (AddParameter): Name = "Pins"; Value = ""; VariantName = "[No Variations]"
Add component (AddParameter): Name = "Power"; Value = ""; VariantName = "[No Variations]"
Add component (AddParameter): Name = "RoHS Compliant"; Value = ""; VariantName = "[No Variations]"
Add component (AddParameter): Name = "Tolerance"; Value = "1%"; VariantName = "[No Variations]"
Add component (AddParameter): Name = "Value"; Value = "100k"; VariantName = "[No Variations]"
Add component (AddParameter): Name = "Voltage Rating"; Value = "25V"; VariantName = "[No Variations]"
Added Component: Designator=R66(RESC0603X28X15ML05T05)
Add component (AddParameter): Name = "Case/Package"; Value = "0201"; VariantName = "[No Variations]"
Add component (AddParameter): Name = "Max Operating Temperature"; Value = "155°C"; VariantName = "[No Variations]"
Add component (AddParameter): Name = "Min Operating Temperature"; Value = "-55°C"; VariantName = "[No Variations]"
Add component (AddParameter): Name = "Mounting Technology"; Value = "Surface Mount"; VariantName = "[No Variations]"
Add component (AddParameter): Name = "Pins"; Value = ""; VariantName = "[No Variations]"
Add component (AddParameter): Name = "Power"; Value = ""; VariantName = "[No Variations]"
Add component (AddParameter): Name = "RoHS Compliant"; Value = ""; VariantName = "[No Variations]"
Add component (AddParameter): Name = "Tolerance"; Value = "5%"; VariantName = "[No Variations]"
Add component (AddParameter): Name = "Value"; Value = "22k"; VariantName = "[No Variations]"
Add component (AddParameter): Name = "Voltage Rating"; Value = "30V"; VariantName = "[No Variations]"
Added Component: Designator=R67(RESC0603X28X15ML05T05)
Add component (AddParameter): Name = "Case/Package"; Value = "0201"; VariantName = "[No Variations]"
Add component (AddParameter): Name = "Max Operating Temperature"; Value = "155°C"; VariantName = "[No Variations]"
Add component (AddParameter): Name = "Min Operating Temperature"; Value = "-55°C"; VariantName = "[No Variations]"
Add component (AddParameter): Name = "Mounting Technology"; Value = "Surface Mount"; VariantName = "[No Variations]"
Add component (AddParameter): Name = "Pins"; Value = ""; VariantName = "[No Variations]"
Add component (AddParameter): Name = "Power"; Value = ""; VariantName = "[No Variations]"
Add component (AddParameter): Name = "RoHS Compliant"; Value = ""; VariantName = "[No Variations]"
Add component (AddParameter): Name = "Tolerance"; Value = "5%"; VariantName = "[No Variations]"
Add component (AddParameter): Name = "Value"; Value = "5.1k"; VariantName = "[No Variations]"
Add component (AddParameter): Name = "Voltage Rating"; Value = "30V"; VariantName = "[No Variations]"
Added Component: Designator=R68(FP-RT0201-IPC_C)
Add component (AddParameter): Name = "Case/Package"; Value = "0201"; VariantName = "[No Variations]"
Add component (AddParameter): Name = "Max Operating Temperature"; Value = "125°C"; VariantName = "[No Variations]"
Add component (AddParameter): Name = "Min Operating Temperature"; Value = "-55°C"; VariantName = "[No Variations]"
Add component (AddParameter): Name = "Mounting Technology"; Value = "Surface Mount"; VariantName = "[No Variations]"
Add component (AddParameter): Name = "Pins"; Value = ""; VariantName = "[No Variations]"
Add component (AddParameter): Name = "Power"; Value = ""; VariantName = "[No Variations]"
Add component (AddParameter): Name = "RoHS Compliant"; Value = ""; VariantName = "[No Variations]"
Add component (AddParameter): Name = "Tolerance"; Value = "0.1%"; VariantName = "[No Variations]"
Add component (AddParameter): Name = "Value"; Value = "10k"; VariantName = "[No Variations]"
Add component (AddParameter): Name = "Voltage Rating"; Value = "25V"; VariantName = "[No Variations]"
Added Component: Designator=R69(RESC0603X26X15NL03T05)
Add component (AddParameter): Name = "Case/Package"; Value = "0201"; VariantName = "[No Variations]"
Add component (AddParameter): Name = "Max Operating Temperature"; Value = "155°C"; VariantName = "[No Variations]"
Add component (AddParameter): Name = "Min Operating Temperature"; Value = "-55°C"; VariantName = "[No Variations]"
Add component (AddParameter): Name = "Mounting Technology"; Value = "Surface Mount"; VariantName = "[No Variations]"
Add component (AddParameter): Name = "Pins"; Value = ""; VariantName = "[No Variations]"
Add component (AddParameter): Name = "Power"; Value = ""; VariantName = "[No Variations]"
Add component (AddParameter): Name = "RoHS Compliant"; Value = ""; VariantName = "[No Variations]"
Add component (AddParameter): Name = "Tolerance"; Value = "1%"; VariantName = "[No Variations]"
Add component (AddParameter): Name = "Value"; Value = "100k"; VariantName = "[No Variations]"
Add component (AddParameter): Name = "Voltage Rating"; Value = "25V"; VariantName = "[No Variations]"
Added Component: Designator=R70(FP-HCJ0201-IPC_C)
Add component (AddParameter): Name = "Case/Package"; Value = "0201"; VariantName = "[No Variations]"
Add component (AddParameter): Name = "Max Operating Temperature"; Value = "155°C"; VariantName = "[No Variations]"
Add component (AddParameter): Name = "Min Operating Temperature"; Value = "-55°C"; VariantName = "[No Variations]"
Add component (AddParameter): Name = "Mounting Technology"; Value = "Surface Mount"; VariantName = "[No Variations]"
Add component (AddParameter): Name = "Pins"; Value = ""; VariantName = "[No Variations]"
Add component (AddParameter): Name = "Power"; Value = ""; VariantName = "[No Variations]"
Add component (AddParameter): Name = "RoHS Compliant"; Value = ""; VariantName = "[No Variations]"
Add component (AddParameter): Name = "Tolerance"; Value = ""; VariantName = "[No Variations]"
Add component (AddParameter): Name = "Value"; Value = "0"; VariantName = "[No Variations]"
Add component (AddParameter): Name = "Voltage Rating"; Value = ""; VariantName = "[No Variations]"
Added Component: Designator=R71(RESC0603X28X15ML05T05)
Add component (AddParameter): Name = "Case/Package"; Value = "0201"; VariantName = "[No Variations]"
Add component (AddParameter): Name = "Max Operating Temperature"; Value = "155°C"; VariantName = "[No Variations]"
Add component (AddParameter): Name = "Min Operating Temperature"; Value = "-55°C"; VariantName = "[No Variations]"
Add component (AddParameter): Name = "Mounting Technology"; Value = "Surface Mount"; VariantName = "[No Variations]"
Add component (AddParameter): Name = "Pins"; Value = ""; VariantName = "[No Variations]"
Add component (AddParameter): Name = "Power"; Value = ""; VariantName = "[No Variations]"
Add component (AddParameter): Name = "RoHS Compliant"; Value = ""; VariantName = "[No Variations]"
Add component (AddParameter): Name = "Tolerance"; Value = "5%"; VariantName = "[No Variations]"
Add component (AddParameter): Name = "Value"; Value = "5.1k"; VariantName = "[No Variations]"
Add component (AddParameter): Name = "Voltage Rating"; Value = "30V"; VariantName = "[No Variations]"
Added Component: Designator=R72(FP-RMCF0201-IPC_A)
Add component (AddParameter): Name = "Case/Package"; Value = "0201"; VariantName = "[No Variations]"
Add component (AddParameter): Name = "Max Operating Temperature"; Value = "155°C"; VariantName = "[No Variations]"
Add component (AddParameter): Name = "Min Operating Temperature"; Value = "-55°C"; VariantName = "[No Variations]"
Add component (AddParameter): Name = "Mounting Technology"; Value = "Surface Mount"; VariantName = "[No Variations]"
Add component (AddParameter): Name = "Pins"; Value = ""; VariantName = "[No Variations]"
Add component (AddParameter): Name = "Power"; Value = ""; VariantName = "[No Variations]"
Add component (AddParameter): Name = "RoHS Compliant"; Value = ""; VariantName = "[No Variations]"
Add component (AddParameter): Name = "Tolerance"; Value = "5%"; VariantName = "[No Variations]"
Add component (AddParameter): Name = "Value"; Value = "100"; VariantName = "[No Variations]"
Add component (AddParameter): Name = "Voltage Rating"; Value = "25V"; VariantName = "[No Variations]"
Added Component: Designator=R73(RESC0603X28X15ML05T05)
Add component (AddParameter): Name = "Case/Package"; Value = "0201"; VariantName = "[No Variations]"
Add component (AddParameter): Name = "Max Operating Temperature"; Value = "155°C"; VariantName = "[No Variations]"
Add component (AddParameter): Name = "Min Operating Temperature"; Value = "-55°C"; VariantName = "[No Variations]"
Add component (AddParameter): Name = "Mounting Technology"; Value = "Surface Mount"; VariantName = "[No Variations]"
Add component (AddParameter): Name = "Pins"; Value = ""; VariantName = "[No Variations]"
Add component (AddParameter): Name = "Power"; Value = ""; VariantName = "[No Variations]"
Add component (AddParameter): Name = "RoHS Compliant"; Value = ""; VariantName = "[No Variations]"
Add component (AddParameter): Name = "Tolerance"; Value = "5%"; VariantName = "[No Variations]"
Add component (AddParameter): Name = "Value"; Value = "5.1k"; VariantName = "[No Variations]"
Add component (AddParameter): Name = "Voltage Rating"; Value = "30V"; VariantName = "[No Variations]"
Added Component: Designator=R74(FP-RMCF0201-IPC_A)
Add component (AddParameter): Name = "Case/Package"; Value = "0201"; VariantName = "[No Variations]"
Add component (AddParameter): Name = "Max Operating Temperature"; Value = "155°C"; VariantName = "[No Variations]"
Add component (AddParameter): Name = "Min Operating Temperature"; Value = "-55°C"; VariantName = "[No Variations]"
Add component (AddParameter): Name = "Mounting Technology"; Value = "Surface Mount"; VariantName = "[No Variations]"
Add component (AddParameter): Name = "Pins"; Value = ""; VariantName = "[No Variations]"
Add component (AddParameter): Name = "Power"; Value = ""; VariantName = "[No Variations]"
Add component (AddParameter): Name = "RoHS Compliant"; Value = ""; VariantName = "[No Variations]"
Add component (AddParameter): Name = "Tolerance"; Value = "5%"; VariantName = "[No Variations]"
Add component (AddParameter): Name = "Value"; Value = "13k"; VariantName = "[No Variations]"
Add component (AddParameter): Name = "Voltage Rating"; Value = "25V"; VariantName = "[No Variations]"
Added Component: Designator=R75(FP-RMCF0201-IPC_A)
Add component (AddParameter): Name = "Case/Package"; Value = "0201"; VariantName = "[No Variations]"
Add component (AddParameter): Name = "Max Operating Temperature"; Value = "155°C"; VariantName = "[No Variations]"
Add component (AddParameter): Name = "Min Operating Temperature"; Value = "-55°C"; VariantName = "[No Variations]"
Add component (AddParameter): Name = "Mounting Technology"; Value = "Surface Mount"; VariantName = "[No Variations]"
Add component (AddParameter): Name = "Pins"; Value = ""; VariantName = "[No Variations]"
Add component (AddParameter): Name = "Power"; Value = ""; VariantName = "[No Variations]"
Add component (AddParameter): Name = "RoHS Compliant"; Value = ""; VariantName = "[No Variations]"
Add component (AddParameter): Name = "Tolerance"; Value = "5%"; VariantName = "[No Variations]"
Add component (AddParameter): Name = "Value"; Value = "2.2"; VariantName = "[No Variations]"
Add component (AddParameter): Name = "Voltage Rating"; Value = "25V"; VariantName = "[No Variations]"
Added Component: Designator=R76(FP-RMCF0201-IPC_A)
Add component (AddParameter): Name = "Case/Package"; Value = "0201"; VariantName = "[No Variations]"
Add component (AddParameter): Name = "Max Operating Temperature"; Value = "155°C"; VariantName = "[No Variations]"
Add component (AddParameter): Name = "Min Operating Temperature"; Value = "-55°C"; VariantName = "[No Variations]"
Add component (AddParameter): Name = "Mounting Technology"; Value = "Surface Mount"; VariantName = "[No Variations]"
Add component (AddParameter): Name = "Pins"; Value = ""; VariantName = "[No Variations]"
Add component (AddParameter): Name = "Power"; Value = ""; VariantName = "[No Variations]"
Add component (AddParameter): Name = "RoHS Compliant"; Value = ""; VariantName = "[No Variations]"
Add component (AddParameter): Name = "Tolerance"; Value = "5%"; VariantName = "[No Variations]"
Add component (AddParameter): Name = "Value"; Value = "2.2"; VariantName = "[No Variations]"
Add component (AddParameter): Name = "Voltage Rating"; Value = "25V"; VariantName = "[No Variations]"
Added Component: Designator=R77(FP-HCJ0201-IPC_C)
Add component (AddParameter): Name = "Case/Package"; Value = "0201"; VariantName = "[No Variations]"
Add component (AddParameter): Name = "Max Operating Temperature"; Value = "155°C"; VariantName = "[No Variations]"
Add component (AddParameter): Name = "Min Operating Temperature"; Value = "-55°C"; VariantName = "[No Variations]"
Add component (AddParameter): Name = "Mounting Technology"; Value = "Surface Mount"; VariantName = "[No Variations]"
Add component (AddParameter): Name = "Pins"; Value = ""; VariantName = "[No Variations]"
Add component (AddParameter): Name = "Power"; Value = ""; VariantName = "[No Variations]"
Add component (AddParameter): Name = "RoHS Compliant"; Value = ""; VariantName = "[No Variations]"
Add component (AddParameter): Name = "Tolerance"; Value = ""; VariantName = "[No Variations]"
Add component (AddParameter): Name = "Value"; Value = "0"; VariantName = "[No Variations]"
Add component (AddParameter): Name = "Voltage Rating"; Value = ""; VariantName = "[No Variations]"
Added Component: Designator=R78(FP-HCJ0201-IPC_C)
Add component (AddParameter): Name = "Case/Package"; Value = "0201"; VariantName = "[No Variations]"
Add component (AddParameter): Name = "Max Operating Temperature"; Value = "155°C"; VariantName = "[No Variations]"
Add component (AddParameter): Name = "Min Operating Temperature"; Value = "-55°C"; VariantName = "[No Variations]"
Add component (AddParameter): Name = "Mounting Technology"; Value = "Surface Mount"; VariantName = "[No Variations]"
Add component (AddParameter): Name = "Pins"; Value = ""; VariantName = "[No Variations]"
Add component (AddParameter): Name = "Power"; Value = ""; VariantName = "[No Variations]"
Add component (AddParameter): Name = "RoHS Compliant"; Value = ""; VariantName = "[No Variations]"
Add component (AddParameter): Name = "Tolerance"; Value = ""; VariantName = "[No Variations]"
Add component (AddParameter): Name = "Value"; Value = "0"; VariantName = "[No Variations]"
Add component (AddParameter): Name = "Voltage Rating"; Value = ""; VariantName = "[No Variations]"
Added Component: Designator=R79(FP-HCJ0201-IPC_C)
Add component (AddParameter): Name = "Case/Package"; Value = "0201"; VariantName = "[No Variations]"
Add component (AddParameter): Name = "Max Operating Temperature"; Value = "155°C"; VariantName = "[No Variations]"
Add component (AddParameter): Name = "Min Operating Temperature"; Value = "-55°C"; VariantName = "[No Variations]"
Add component (AddParameter): Name = "Mounting Technology"; Value = "Surface Mount"; VariantName = "[No Variations]"
Add component (AddParameter): Name = "Pins"; Value = ""; VariantName = "[No Variations]"
Add component (AddParameter): Name = "Power"; Value = ""; VariantName = "[No Variations]"
Add component (AddParameter): Name = "RoHS Compliant"; Value = ""; VariantName = "[No Variations]"
Add component (AddParameter): Name = "Tolerance"; Value = ""; VariantName = "[No Variations]"
Add component (AddParameter): Name = "Value"; Value = "0"; VariantName = "[No Variations]"
Add component (AddParameter): Name = "Voltage Rating"; Value = ""; VariantName = "[No Variations]"
Added Component: Designator=SW1(FP-EVQ-Q2H03W-MFG)
Add component (AddParameter): Name = "Automotive"; Value = "No"; VariantName = "[No Variations]"
Add component (AddParameter): Name = "Category"; Value = "Switch"; VariantName = "[No Variations]"
Add component (AddParameter): Name = "ComponentLink2Description"; Value = "Datasheet"; VariantName = "[No Variations]"
Add component (AddParameter): Name = "ComponentLink2URL"; Value = "https://industrial.panasonic.com/ac/cdn/e/control/switch/light-touch/catalog/sw_lt_eng_6s_th.pdf"; VariantName = "[No Variations]"
Add component (AddParameter): Name = "Contact Current Rating"; Value = "20mA"; VariantName = "[No Variations]"
Add component (AddParameter): Name = "Contact Resistance"; Value = "100mO"; VariantName = "[No Variations]"
Add component (AddParameter): Name = "Device Class L1"; Value = "Electromechanical"; VariantName = "[No Variations]"
Add component (AddParameter): Name = "Device Class L2"; Value = "Switches"; VariantName = "[No Variations]"
Add component (AddParameter): Name = "Device Class L3"; Value = "Tactile Switches"; VariantName = "[No Variations]"
Add component (AddParameter): Name = "Digikey Description"; Value = "SWITCH TACTILE SPST-NO 0.02A 15V"; VariantName = "[No Variations]"
Add component (AddParameter): Name = "Electromechanical Life"; Value = "1000000Cycles"; VariantName = "[No Variations]"
Add component (AddParameter): Name = "Height"; Value = "3.3mm"; VariantName = "[No Variations]"
Add component (AddParameter): Name = "Lead Free"; Value = "Yes"; VariantName = "[No Variations]"
Add component (AddParameter): Name = "Manufacturer"; Value = "Panasonic Electronic Components"; VariantName = "[No Variations]"
Add component (AddParameter): Name = "Manufacturer Part Number"; Value = "EVQ-Q2H03W"; VariantName = "[No Variations]"
Add component (AddParameter): Name = "Mount"; Value = "Surface Mount"; VariantName = "[No Variations]"
Add component (AddParameter): Name = "Mouser Description"; Value = "Switch Tactile ON OFF SPST Round Button J-Bend 0.02A 15VDC 1N SMD Embossed T/R"; VariantName = "[No Variations]"
Add component (AddParameter): Name = "Octopart"; Value = "https://octopart.com/evq-q2h03w-panasonic-1368538"; VariantName = "[No Variations]"
Add component (AddParameter): Name = "Operating Force"; Value = "1N"; VariantName = "[No Variations]"
Add component (AddParameter): Name = "Package"; Value = "0"; VariantName = "[No Variations]"
Add component (AddParameter): Name = "RoHS"; Value = "TRUE"; VariantName = "[No Variations]"
Add component (AddParameter): Name = "Temperature"; Value = "-40°C to +85°C"; VariantName = "[No Variations]"
Add component (AddParameter): Name = "Temperature Range High"; Value = "+85°C"; VariantName = "[No Variations]"
Add component (AddParameter): Name = "Temperature Range Low"; Value = "-40°C"; VariantName = "[No Variations]"
Add component (AddParameter): Name = "Throw Configuration"; Value = "SPST-NO"; VariantName = "[No Variations]"
Add component (AddParameter): Name = "Voltage Rating Dc"; Value = "15V"; VariantName = "[No Variations]"
Added Component: Designator=SW2(FP-EVQ-Q2H03W-MFG)
Add component (AddParameter): Name = "Automotive"; Value = "No"; VariantName = "[No Variations]"
Add component (AddParameter): Name = "Category"; Value = "Switch"; VariantName = "[No Variations]"
Add component (AddParameter): Name = "ComponentLink2Description"; Value = "Datasheet"; VariantName = "[No Variations]"
Add component (AddParameter): Name = "ComponentLink2URL"; Value = "https://industrial.panasonic.com/ac/cdn/e/control/switch/light-touch/catalog/sw_lt_eng_6s_th.pdf"; VariantName = "[No Variations]"
Add component (AddParameter): Name = "Contact Current Rating"; Value = "20mA"; VariantName = "[No Variations]"
Add component (AddParameter): Name = "Contact Resistance"; Value = "100mO"; VariantName = "[No Variations]"
Add component (AddParameter): Name = "Device Class L1"; Value = "Electromechanical"; VariantName = "[No Variations]"
Add component (AddParameter): Name = "Device Class L2"; Value = "Switches"; VariantName = "[No Variations]"
Add component (AddParameter): Name = "Device Class L3"; Value = "Tactile Switches"; VariantName = "[No Variations]"
Add component (AddParameter): Name = "Digikey Description"; Value = "SWITCH TACTILE SPST-NO 0.02A 15V"; VariantName = "[No Variations]"
Add component (AddParameter): Name = "Electromechanical Life"; Value = "1000000Cycles"; VariantName = "[No Variations]"
Add component (AddParameter): Name = "Height"; Value = "3.3mm"; VariantName = "[No Variations]"
Add component (AddParameter): Name = "Lead Free"; Value = "Yes"; VariantName = "[No Variations]"
Add component (AddParameter): Name = "Manufacturer"; Value = "Panasonic Electronic Components"; VariantName = "[No Variations]"
Add component (AddParameter): Name = "Manufacturer Part Number"; Value = "EVQ-Q2H03W"; VariantName = "[No Variations]"
Add component (AddParameter): Name = "Mount"; Value = "Surface Mount"; VariantName = "[No Variations]"
Add component (AddParameter): Name = "Mouser Description"; Value = "Switch Tactile ON OFF SPST Round Button J-Bend 0.02A 15VDC 1N SMD Embossed T/R"; VariantName = "[No Variations]"
Add component (AddParameter): Name = "Octopart"; Value = "https://octopart.com/evq-q2h03w-panasonic-1368538"; VariantName = "[No Variations]"
Add component (AddParameter): Name = "Operating Force"; Value = "1N"; VariantName = "[No Variations]"
Add component (AddParameter): Name = "Package"; Value = "0"; VariantName = "[No Variations]"
Add component (AddParameter): Name = "RoHS"; Value = "TRUE"; VariantName = "[No Variations]"
Add component (AddParameter): Name = "Temperature"; Value = "-40°C to +85°C"; VariantName = "[No Variations]"
Add component (AddParameter): Name = "Temperature Range High"; Value = "+85°C"; VariantName = "[No Variations]"
Add component (AddParameter): Name = "Temperature Range Low"; Value = "-40°C"; VariantName = "[No Variations]"
Add component (AddParameter): Name = "Throw Configuration"; Value = "SPST-NO"; VariantName = "[No Variations]"
Add component (AddParameter): Name = "Voltage Rating Dc"; Value = "15V"; VariantName = "[No Variations]"
Added Component: Designator=SW3(FP-B3FS-1012P-MFG)
Add component (AddParameter): Name = "Actuator Color"; Value = "Beige"; VariantName = "[No Variations]"
Add component (AddParameter): Name = "Actuator Length"; Value = "1.7mm"; VariantName = "[No Variations]"
Add component (AddParameter): Name = "Actuator Type"; Value = "Standard"; VariantName = "[No Variations]"
Add component (AddParameter): Name = "Case/Package"; Value = "SMD/SMT"; VariantName = "[No Variations]"
Add component (AddParameter): Name = "Contact Plating"; Value = "Silver"; VariantName = "[No Variations]"
Add component (AddParameter): Name = "Contact Resistance"; Value = "100mR"; VariantName = "[No Variations]"
Add component (AddParameter): Name = "Current Rating"; Value = "50mA"; VariantName = "[No Variations]"
Add component (AddParameter): Name = "Depth"; Value = "8mm"; VariantName = "[No Variations]"
Add component (AddParameter): Name = "Electrical Life"; Value = "300000Cycles"; VariantName = "[No Variations]"
Add component (AddParameter): Name = "Illumination Type"; Value = "Non-Illuminated"; VariantName = "[No Variations]"
Add component (AddParameter): Name = "Length"; Value = "6.3mm"; VariantName = "[No Variations]"
Add component (AddParameter): Name = "Max Current Rating"; Value = "50mA"; VariantName = "[No Variations]"
Add component (AddParameter): Name = "Max Operating Temperature"; Value = "70°C"; VariantName = "[No Variations]"
Add component (AddParameter): Name = "Max Voltage Rating (DC)"; Value = "24V"; VariantName = "[No Variations]"
Add component (AddParameter): Name = "Mechanical Life"; Value = "300000Cycles"; VariantName = "[No Variations]"
Add component (AddParameter): Name = "Min Operating Temperature"; Value = "-20°C"; VariantName = "[No Variations]"
Add component (AddParameter): Name = "Mount"; Value = "Surface Mount"; VariantName = "[No Variations]"
Add component (AddParameter): Name = "Operating Force"; Value = "1.47N"; VariantName = "[No Variations]"
Add component (AddParameter): Name = "Orientation"; Value = "Straight"; VariantName = "[No Variations]"
Add component (AddParameter): Name = "Package Quantity"; Value = "1"; VariantName = "[No Variations]"
Add component (AddParameter): Name = "Packaging"; Value = "Tape and Reel"; VariantName = "[No Variations]"
Add component (AddParameter): Name = "Radiation Hardening"; Value = "No"; VariantName = "[No Variations]"
Add component (AddParameter): Name = "RoHS Compliant"; Value = "Yes"; VariantName = "[No Variations]"
Add component (AddParameter): Name = "Series"; Value = "B3FS"; VariantName = "[No Variations]"
Add component (AddParameter): Name = "Switch Function"; Value = "Off-Mom"; VariantName = "[No Variations]"
Add component (AddParameter): Name = "Switch Travel"; Value = "0.25mm"; VariantName = "[No Variations]"
Add component (AddParameter): Name = "Termination"; Value = "Gull Wing"; VariantName = "[No Variations]"
Add component (AddParameter): Name = "Throw Configuration"; Value = "SPST"; VariantName = "[No Variations]"
Add component (AddParameter): Name = "Voltage Rating (DC)"; Value = "24V"; VariantName = "[No Variations]"
Add component (AddParameter): Name = "Weight"; Value = "0.2g"; VariantName = "[No Variations]"
Added Component: Designator=SW4(FP-JS203011AQN-MFG)
Add component (AddParameter): Name = "Actuator Color"; Value = "Black"; VariantName = "[No Variations]"
Add component (AddParameter): Name = "Actuator Material"; Value = "Nylon"; VariantName = "[No Variations]"
Add component (AddParameter): Name = "Actuator Type"; Value = "Standard"; VariantName = "[No Variations]"
Add component (AddParameter): Name = "Contact Current Rating"; Value = "300mA"; VariantName = "[No Variations]"
Add component (AddParameter): Name = "Contact Material"; Value = "Copper Alloy"; VariantName = "[No Variations]"
Add component (AddParameter): Name = "Contact Plating"; Value = "Silver"; VariantName = "[No Variations]"
Add component (AddParameter): Name = "Contact Resistance"; Value = "70mR"; VariantName = "[No Variations]"
Add component (AddParameter): Name = "Depth"; Value = "5.6mm"; VariantName = "[No Variations]"
Add component (AddParameter): Name = "Electrical Life"; Value = "15000Cycles"; VariantName = "[No Variations]"
Add component (AddParameter): Name = "Flammability Rating"; Value = "UL94 V-2"; VariantName = "[No Variations]"
Add component (AddParameter): Name = "Housing Material"; Value = "Nylon"; VariantName = "[No Variations]"
Add component (AddParameter): Name = "Length"; Value = "13mm"; VariantName = "[No Variations]"
Add component (AddParameter): Name = "Max Current Rating"; Value = "300mA"; VariantName = "[No Variations]"
Add component (AddParameter): Name = "Max Operating Temperature"; Value = "85°C"; VariantName = "[No Variations]"
Add component (AddParameter): Name = "Max Voltage Rating (DC)"; Value = "6V"; VariantName = "[No Variations]"
Add component (AddParameter): Name = "Min Operating Temperature"; Value = "-20°C"; VariantName = "[No Variations]"
Add component (AddParameter): Name = "Mount"; Value = "Through Hole"; VariantName = "[No Variations]"
Add component (AddParameter): Name = "Orientation"; Value = "Right Angle"; VariantName = "[No Variations]"
Add component (AddParameter): Name = "Package Quantity"; Value = "1"; VariantName = "[No Variations]"
Add component (AddParameter): Name = "Packaging"; Value = "Tray"; VariantName = "[No Variations]"
Add component (AddParameter): Name = "Radiation Hardening"; Value = "No"; VariantName = "[No Variations]"
Add component (AddParameter): Name = "Series"; Value = "JS"; VariantName = "[No Variations]"
Add component (AddParameter): Name = "Switch Function"; Value = "On-On-On"; VariantName = "[No Variations]"
Add component (AddParameter): Name = "Termination"; Value = "PC Pins"; VariantName = "[No Variations]"
Add component (AddParameter): Name = "Throw Configuration"; Value = "DP3T"; VariantName = "[No Variations]"
Added Component: Designator=U1(BGA1058C40P33X37_1430X1610X110)
Add component (AddParameter): Name = "Case/Package"; Value = "FCBGA"; VariantName = "[No Variations]"
Add component (AddParameter): Name = "Clock Frequency"; Value = "24MHz"; VariantName = "[No Variations]"
Add component (AddParameter): Name = "Frequency"; Value = "2GHz"; VariantName = "[No Variations]"
Add component (AddParameter): Name = "I/Os"; Value = ""; VariantName = "[No Variations]"
Add component (AddParameter): Name = "Interface"; Value = ""; VariantName = "[No Variations]"
Add component (AddParameter): Name = "Max Operating Temperature"; Value = "105°C"; VariantName = "[No Variations]"
Add component (AddParameter): Name = "Max Supply Voltage"; Value = "105V"; VariantName = "[No Variations]"
Add component (AddParameter): Name = "Min Operating Temperature"; Value = "-70°C"; VariantName = "[No Variations]"
Add component (AddParameter): Name = "Min Supply Voltage"; Value = "-70V"; VariantName = "[No Variations]"
Add component (AddParameter): Name = "Mounting Technology"; Value = ""; VariantName = "[No Variations]"
Add component (AddParameter): Name = "Nominal Supply Voltage"; Value = ""; VariantName = "[No Variations]"
Add component (AddParameter): Name = "Pins"; Value = ""; VariantName = "[No Variations]"
Add component (AddParameter): Name = "Power"; Value = ""; VariantName = "[No Variations]"
Add component (AddParameter): Name = "RAM Size"; Value = "8-16GB"; VariantName = "[No Variations]"
Add component (AddParameter): Name = "RoHS Compliant"; Value = ""; VariantName = "[No Variations]"
Added Component: Designator=U2(FP-SOT96-1-MFG)
Add component (AddParameter): Name = "Ambient Temperature Range High"; Value = "+85°C"; VariantName = "[No Variations]"
Add component (AddParameter): Name = "Ambient Temperature Range Low"; Value = "-40°C"; VariantName = "[No Variations]"
Add component (AddParameter): Name = "Automotive"; Value = "No"; VariantName = "[No Variations]"
Add component (AddParameter): Name = "Category"; Value = "IC"; VariantName = "[No Variations]"
Add component (AddParameter): Name = "ComponentLink2Description"; Value = "Datasheet"; VariantName = "[No Variations]"
Add component (AddParameter): Name = "ComponentLink2URL"; Value = "https://www.nxp.com/docs/en/data-sheet/PCF8563.pdf"; VariantName = "[No Variations]"
Add component (AddParameter): Name = "Device Class L1"; Value = "Integrated Circuits (ICs)"; VariantName = "[No Variations]"
Add component (AddParameter): Name = "Device Class L2"; Value = "Clock and Timing"; VariantName = "[No Variations]"
Add component (AddParameter): Name = "Device Class L3"; Value = "Real Time Clocks"; VariantName = "[No Variations]"
Add component (AddParameter): Name = "Digikey Description"; Value = "IC RTC CLK/CALENDAR I2C 8-SOIC"; VariantName = "[No Variations]"
Add component (AddParameter): Name = "Footprint Url"; Value = "https://www.nxp.com/docs/en/package-information/SOT96-1.pdf"; VariantName = "[No Variations]"
Add component (AddParameter): Name = "Frequency"; Value = "400kHz"; VariantName = "[No Variations]"
Add component (AddParameter): Name = "Height"; Value = "1.75mm"; VariantName = "[No Variations]"
Add component (AddParameter): Name = "Interface"; Value = "I2C,2-Wire"; VariantName = "[No Variations]"
Add component (AddParameter): Name = "Lead Free"; Value = "Yes"; VariantName = "[No Variations]"
Add component (AddParameter): Name = "Manufacturer"; Value = "NXP"; VariantName = "[No Variations]"
Add component (AddParameter): Name = "Manufacturer Part Number"; Value = "PCF8563T/5,518"; VariantName = "[No Variations]"
Add component (AddParameter): Name = "Max Supply Voltage"; Value = "5.5V"; VariantName = "[No Variations]"
Add component (AddParameter): Name = "Min Supply Voltage"; Value = "1V"; VariantName = "[No Variations]"
Add component (AddParameter): Name = "Mouser Description"; Value = "Real Time Clock Binary I2C 1-5V RTC IC"; VariantName = "[No Variations]"
Add component (AddParameter): Name = "Nominal Supply Current"; Value = "0.225-0.95uA"; VariantName = "[No Variations]"
Add component (AddParameter): Name = "Number Of Outputs"; Value = "1"; VariantName = "[No Variations]"
Add component (AddParameter): Name = "Octopart"; Value = "https://octopart.com/pcf8563t%2F5%2C518-nxp+semiconductors-19647995"; VariantName = "[No Variations]"
Add component (AddParameter): Name = "Package"; Value = "SOT96-1"; VariantName = "[No Variations]"
Add component (AddParameter): Name = "RoHS"; Value = "TRUE"; VariantName = "[No Variations]"
Add component (AddParameter): Name = "Standoff Height"; Value = "0.1mm"; VariantName = "[No Variations]"
Add component (AddParameter): Name = "Temperature"; Value = "-40°C to +85°C"; VariantName = "[No Variations]"
Add component (AddParameter): Name = "Temperature Range High"; Value = "+85°C"; VariantName = "[No Variations]"
Add component (AddParameter): Name = "Temperature Range Low"; Value = "-40°C"; VariantName = "[No Variations]"
Added Component: Designator=U3(UFQFPN-32)
Add component (AddParameter): Name = "Case/Package"; Value = ""; VariantName = "[No Variations]"
Add component (AddParameter): Name = "Copyright"; Value = "Copyright (C) 2026 Ultra Librarian. All rights reserved."; VariantName = "[No Variations]"
Add component (AddParameter): Name = "Design Item ID"; Value = "STM32G031K6U6"; VariantName = "[No Variations]"
Add component (AddParameter): Name = "Manufacturer_Name"; Value = "STMicroelectronics"; VariantName = "[No Variations]"
Add component (AddParameter): Name = "Manufacturer_Part_Number"; Value = "STM32G031K6U6"; VariantName = "[No Variations]"
Add component (AddParameter): Name = "Max Operating Temperature"; Value = "85°C"; VariantName = "[No Variations]"
Add component (AddParameter): Name = "Max Supply Voltage"; Value = "3.6V"; VariantName = "[No Variations]"
Add component (AddParameter): Name = "Min Operating Temperature"; Value = "-40°C"; VariantName = "[No Variations]"
Add component (AddParameter): Name = "Min Supply Voltage"; Value = "1.7V"; VariantName = "[No Variations]"
Add component (AddParameter): Name = "Mounting Technology"; Value = ""; VariantName = "[No Variations]"
Add component (AddParameter): Name = "Pins"; Value = ""; VariantName = "[No Variations]"
Add component (AddParameter): Name = "RefDes"; Value = "RefDes"; VariantName = "[No Variations]"
Add component (AddParameter): Name = "RoHS Compliant"; Value = ""; VariantName = "[No Variations]"
Add component (AddParameter): Name = "Source"; Value = "STM32G031K6U6.SchLib"; VariantName = "[No Variations]"
Add component (AddParameter): Name = "Type"; Value = "Type"; VariantName = "[No Variations]"
Added Component: Designator=U4(BGA200C65P12X22_1000X1450X95)
Add component (AddParameter): Name = "Arrow Part Number"; Value = "MT53D1024M32D4DT-046 AIT:D"; VariantName = "[No Variations]"
Add component (AddParameter): Name = "Arrow Price/Stock"; Value = "https://www.arrow.com/en/products/mt53d1024m32d4dt-046aitd/micron-technology"; VariantName = "[No Variations]"
Add component (AddParameter): Name = "Case/Package"; Value = ""; VariantName = "[No Variations]"
Add component (AddParameter): Name = "Clock Frequency"; Value = "2.1367GHz"; VariantName = "[No Variations]"
Add component (AddParameter): Name = "Datasheet Link"; Value = "https://www.arrow.com/en/products/mt53d1024m32d4dt-046aitd/micron-technology"; VariantName = "[No Variations]"
Add component (AddParameter): Name = "Design Item ID"; Value = "MT53D1024M32D4DT-046_AIT_D"; VariantName = "[No Variations]"
Add component (AddParameter): Name = "Frequency"; Value = ""; VariantName = "[No Variations]"
Add component (AddParameter): Name = "Geometry.Height"; Value = "0.95mm"; VariantName = "[No Variations]"
Add component (AddParameter): Name = "Manufacturer_Name"; Value = "Micron"; VariantName = "[No Variations]"
Add component (AddParameter): Name = "Manufacturer_Part_Number"; Value = "MT53D1024M32D4DT-046 AIT:D"; VariantName = "[No Variations]"
Add component (AddParameter): Name = "Max Operating Temperature"; Value = "95°C"; VariantName = "[No Variations]"
Add component (AddParameter): Name = "Max Supply Voltage"; Value = "1.17V"; VariantName = "[No Variations]"
Add component (AddParameter): Name = "Memory Format"; Value = ""; VariantName = "[No Variations]"
Add component (AddParameter): Name = "Memory Size"; Value = ""; VariantName = "[No Variations]"
Add component (AddParameter): Name = "Min Operating Temperature"; Value = "-40°C"; VariantName = "[No Variations]"
Add component (AddParameter): Name = "Min Supply Voltage"; Value = "1.06V"; VariantName = "[No Variations]"
Add component (AddParameter): Name = "Mounting Technology"; Value = ""; VariantName = "[No Variations]"
Add component (AddParameter): Name = "Mouser Part Number"; Value = "340-343901-TRAY"; VariantName = "[No Variations]"
Add component (AddParameter): Name = "Mouser Price/Stock"; Value = "https://www.mouser.com/Search/Refine.aspx?Keyword=340-343901-TRAY"; VariantName = "[No Variations]"
Add component (AddParameter): Name = "Pins"; Value = ""; VariantName = "[No Variations]"
Add component (AddParameter): Name = "Power"; Value = ""; VariantName = "[No Variations]"
Add component (AddParameter): Name = "RoHS Compliant"; Value = ""; VariantName = "[No Variations]"
Add component (AddParameter): Name = "Source"; Value = "MT53D1024M32D4DT-046_AIT_D.SchLib"; VariantName = "[No Variations]"
Add component (AddParameter): Name = "Speed"; Value = ""; VariantName = "[No Variations]"
Added Component: Designator=U5(BGA153N50P14X14_1150X1300X80N)
Add component (AddParameter): Name = "Check_prices"; Value = "https://www.snapeda.com/parts/KLMAG2GEND-B031/Samsung/view-part/?ref=eda"; VariantName = "[No Variations]"
Add component (AddParameter): Name = "Component Type"; Value = "Standard"; VariantName = "[No Variations]"
Add component (AddParameter): Name = "Design Item ID"; Value = "KLMAG2GEND-B031"; VariantName = "[No Variations]"
Add component (AddParameter): Name = "MF"; Value = "Samsung"; VariantName = "[No Variations]"
Add component (AddParameter): Name = "MP"; Value = "KLMAG2GEND-B031"; VariantName = "[No Variations]"
Add component (AddParameter): Name = "Package"; Value = "Package"; VariantName = "[No Variations]"
Add component (AddParameter): Name = "Pin Count"; Value = "33"; VariantName = "[No Variations]"
Add component (AddParameter): Name = "SnapEDA_Link"; Value = "https://www.snapeda.com/parts/KLMAG2GEND-B031/Samsung/view-part/?ref=snap"; VariantName = "[No Variations]"
Add component (AddParameter): Name = "Source"; Value = "KLMAG2GEND-B031.SchLib"; VariantName = "[No Variations]"
Add component (AddParameter): Name = "Value"; Value = ""; VariantName = "[No Variations]"
Added Component: Designator=U6(FP-DRB0008B-IPC_B)
Add component (AddParameter): Name = "Case/Package"; Value = "TSSOP"; VariantName = "[No Variations]"
Add component (AddParameter): Name = "Current - Output 2"; Value = "1.25A"; VariantName = "[No Variations]"
Add component (AddParameter): Name = "Lead Free"; Value = "Lead Free"; VariantName = "[No Variations]"
Add component (AddParameter): Name = "Max Input Voltage"; Value = "5.5V"; VariantName = "[No Variations]"
Add component (AddParameter): Name = "Max Operating Temperature"; Value = "85°C"; VariantName = "[No Variations]"
Add component (AddParameter): Name = "Max Output Current"; Value = "1.25A"; VariantName = "[No Variations]"
Add component (AddParameter): Name = "Max Power Dissipation"; Value = "2.5W"; VariantName = "[No Variations]"
Add component (AddParameter): Name = "Max Supply Current"; Value = "55uA"; VariantName = "[No Variations]"
Add component (AddParameter): Name = "Min Input Voltage"; Value = "2.8V"; VariantName = "[No Variations]"
Add component (AddParameter): Name = "Min Operating Temperature"; Value = "-40°C"; VariantName = "[No Variations]"
Add component (AddParameter): Name = "Number of Inputs"; Value = "2"; VariantName = "[No Variations]"
Add component (AddParameter): Name = "Number of Outputs"; Value = "1"; VariantName = "[No Variations]"
Add component (AddParameter): Name = "Number of Pins"; Value = "8"; VariantName = "[No Variations]"
Add component (AddParameter): Name = "On-State Resistance"; Value = "150mR"; VariantName = "[No Variations]"
Add component (AddParameter): Name = "Operating Supply Current"; Value = "55uA"; VariantName = "[No Variations]"
Add component (AddParameter): Name = "Operating Supply Voltage"; Value = "5.5V"; VariantName = "[No Variations]"
Add component (AddParameter): Name = "Output Current"; Value = "1.25A"; VariantName = "[No Variations]"
Add component (AddParameter): Name = "Package Quantity"; Value = "3000"; VariantName = "[No Variations]"
Add component (AddParameter): Name = "Packaging"; Value = "Tape and Reel"; VariantName = "[No Variations]"
Add component (AddParameter): Name = "Radiation Hardening"; Value = "No"; VariantName = "[No Variations]"
Add component (AddParameter): Name = "REACH SVHC"; Value = "No SVHC"; VariantName = "[No Variations]"
Add component (AddParameter): Name = "Turn-Off Delay Time"; Value = "5ms"; VariantName = "[No Variations]"
Add component (AddParameter): Name = "Turn-On Delay Time"; Value = "1ms"; VariantName = "[No Variations]"
Add component (AddParameter): Name = "Weight"; Value = "0.000847oz"; VariantName = "[No Variations]"
Added Component: Designator=U7(FP-RUX0012A-MFG)
Add component (AddParameter): Name = "Automotive"; Value = "No"; VariantName = "[No Variations]"
Add component (AddParameter): Name = "Category"; Value = "IC"; VariantName = "[No Variations]"
Add component (AddParameter): Name = "ComponentLink2Description"; Value = "Datasheet"; VariantName = "[No Variations]"
Add component (AddParameter): Name = "ComponentLink2URL"; Value = "https://www.ti.com/lit/ds/symlink/tps2121.pdf"; VariantName = "[No Variations]"
Add component (AddParameter): Name = "Device Class L1"; Value = "Integrated Circuits (ICs)"; VariantName = "[No Variations]"
Add component (AddParameter): Name = "Device Class L2"; Value = "Power Management ICs"; VariantName = "[No Variations]"
Add component (AddParameter): Name = "Device Class L3"; Value = "unset"; VariantName = "[No Variations]"
Add component (AddParameter): Name = "Digikey Description"; Value = "PWR MGMT BATTERY MGMT"; VariantName = "[No Variations]"
Add component (AddParameter): Name = "Height"; Value = "1mm"; VariantName = "[No Variations]"
Add component (AddParameter): Name = "Lead Free"; Value = "Yes"; VariantName = "[No Variations]"
Add component (AddParameter): Name = "Manufacturer"; Value = "Texas Instruments"; VariantName = "[No Variations]"
Add component (AddParameter): Name = "Manufacturer Part Number"; Value = "TPS2121RUXR"; VariantName = "[No Variations]"
Add component (AddParameter): Name = "Max Junction Temp"; Value = "+125°C"; VariantName = "[No Variations]"
Add component (AddParameter): Name = "Max Supply Voltage"; Value = "22V"; VariantName = "[No Variations]"
Add component (AddParameter): Name = "Min Supply Voltage"; Value = "2.8V"; VariantName = "[No Variations]"
Add component (AddParameter): Name = "Mouser Description"; Value = "2.7-22V, 56m?, 4.5A, Priority Power MUX with Seamless Switchover 12-VQFN-HR -40 to 125"; VariantName = "[No Variations]"
Add component (AddParameter): Name = "Nominal Supply Current"; Value = "300uA"; VariantName = "[No Variations]"
Add component (AddParameter): Name = "Number Of Outputs"; Value = "1"; VariantName = "[No Variations]"
Add component (AddParameter): Name = "Octopart"; Value = "https://octopart.com/tps2121ruxr-texas+instruments-95511053"; VariantName = "[No Variations]"
Add component (AddParameter): Name = "Output Current"; Value = "1.5-5.2A"; VariantName = "[No Variations]"
Add component (AddParameter): Name = "Output Voltage"; Value = "22V"; VariantName = "[No Variations]"
Add component (AddParameter): Name = "Package"; Value = "RUX0012A"; VariantName = "[No Variations]"
Add component (AddParameter): Name = "RoHS"; Value = "TRUE"; VariantName = "[No Variations]"
Add component (AddParameter): Name = "Standoff Height"; Value = "0mm"; VariantName = "[No Variations]"
Add component (AddParameter): Name = "Temperature"; Value = "-40°C to +125°C"; VariantName = "[No Variations]"
Add component (AddParameter): Name = "Temperature Range High"; Value = "+125°C"; VariantName = "[No Variations]"
Add component (AddParameter): Name = "Temperature Range Low"; Value = "-40°C"; VariantName = "[No Variations]"
Added Component: Designator=U8(LED_WS2812B-B)
Add component (AddParameter): Name = "Availability"; Value = "Unavailable"; VariantName = "[No Variations]"
Add component (AddParameter): Name = "Component Type"; Value = "Standard"; VariantName = "[No Variations]"
Add component (AddParameter): Name = "Design Item ID"; Value = "WS2812B-B"; VariantName = "[No Variations]"
Add component (AddParameter): Name = "MP"; Value = "WS2812B-B"; VariantName = "[No Variations]"
Add component (AddParameter): Name = "Package"; Value = "None"; VariantName = "[No Variations]"
Add component (AddParameter): Name = "Pin Count"; Value = "4"; VariantName = "[No Variations]"
Add component (AddParameter): Name = "Price"; Value = "None"; VariantName = "[No Variations]"
Add component (AddParameter): Name = "Source"; Value = "WS2812B-B.SchLib"; VariantName = "[No Variations]"
Add component (AddParameter): Name = "Value"; Value = ""; VariantName = "[No Variations]"
Added Component: Designator=U9(LED_WS2812B-B)
Add component (AddParameter): Name = "Availability"; Value = "Unavailable"; VariantName = "[No Variations]"
Add component (AddParameter): Name = "Component Type"; Value = "Standard"; VariantName = "[No Variations]"
Add component (AddParameter): Name = "Design Item ID"; Value = "WS2812B-B"; VariantName = "[No Variations]"
Add component (AddParameter): Name = "MP"; Value = "WS2812B-B"; VariantName = "[No Variations]"
Add component (AddParameter): Name = "Package"; Value = "None"; VariantName = "[No Variations]"
Add component (AddParameter): Name = "Pin Count"; Value = "4"; VariantName = "[No Variations]"
Add component (AddParameter): Name = "Price"; Value = "None"; VariantName = "[No Variations]"
Add component (AddParameter): Name = "Source"; Value = "WS2812B-B.SchLib"; VariantName = "[No Variations]"
Add component (AddParameter): Name = "Value"; Value = ""; VariantName = "[No Variations]"
Added Component: Designator=U10(LED_WS2812B-B)
Add component (AddParameter): Name = "Availability"; Value = "Unavailable"; VariantName = "[No Variations]"
Add component (AddParameter): Name = "Component Type"; Value = "Standard"; VariantName = "[No Variations]"
Add component (AddParameter): Name = "Design Item ID"; Value = "WS2812B-B"; VariantName = "[No Variations]"
Add component (AddParameter): Name = "MP"; Value = "WS2812B-B"; VariantName = "[No Variations]"
Add component (AddParameter): Name = "Package"; Value = "None"; VariantName = "[No Variations]"
Add component (AddParameter): Name = "Pin Count"; Value = "4"; VariantName = "[No Variations]"
Add component (AddParameter): Name = "Price"; Value = "None"; VariantName = "[No Variations]"
Add component (AddParameter): Name = "Source"; Value = "WS2812B-B.SchLib"; VariantName = "[No Variations]"
Add component (AddParameter): Name = "Value"; Value = ""; VariantName = "[No Variations]"
Added Component: Designator=U11(LED_WS2812B-B)
Add component (AddParameter): Name = "Availability"; Value = "Unavailable"; VariantName = "[No Variations]"
Add component (AddParameter): Name = "Component Type"; Value = "Standard"; VariantName = "[No Variations]"
Add component (AddParameter): Name = "Design Item ID"; Value = "WS2812B-B"; VariantName = "[No Variations]"
Add component (AddParameter): Name = "MP"; Value = "WS2812B-B"; VariantName = "[No Variations]"
Add component (AddParameter): Name = "Package"; Value = "None"; VariantName = "[No Variations]"
Add component (AddParameter): Name = "Pin Count"; Value = "4"; VariantName = "[No Variations]"
Add component (AddParameter): Name = "Price"; Value = "None"; VariantName = "[No Variations]"
Add component (AddParameter): Name = "Source"; Value = "WS2812B-B.SchLib"; VariantName = "[No Variations]"
Add component (AddParameter): Name = "Value"; Value = ""; VariantName = "[No Variations]"
Added Component: Designator=U12(QFN50P300X300X80-17N)
Add component (AddParameter): Name = "Case/Package"; Value = "TQFN-16 Maxim"; VariantName = "[No Variations]"
Add component (AddParameter): Name = "Channels"; Value = ""; VariantName = "[No Variations]"
Add component (AddParameter): Name = "Check_prices"; Value = "https://www.snapeda.com/parts/MAX98357AETE+T/Analog+Devices/view-part/?ref=eda"; VariantName = "[No Variations]"
Add component (AddParameter): Name = "Component Type"; Value = "Standard"; VariantName = "[No Variations]"
Add component (AddParameter): Name = "Design Item ID"; Value = "MAX98357AETE+T"; VariantName = "[No Variations]"
Add component (AddParameter): Name = "Frequency"; Value = ""; VariantName = "[No Variations]"
Add component (AddParameter): Name = "Max Operating Temperature"; Value = "85°C"; VariantName = "[No Variations]"
Add component (AddParameter): Name = "Max Supply Voltage"; Value = "5.5V"; VariantName = "[No Variations]"
Add component (AddParameter): Name = "MF"; Value = "Analog Devices"; VariantName = "[No Variations]"
Add component (AddParameter): Name = "Min Operating Temperature"; Value = "-40°C"; VariantName = "[No Variations]"
Add component (AddParameter): Name = "Min Supply Voltage"; Value = "2.5V"; VariantName = "[No Variations]"
Add component (AddParameter): Name = "Mounting Technology"; Value = "Surface Mount"; VariantName = "[No Variations]"
Add component (AddParameter): Name = "MP"; Value = "MAX98357AETE+T"; VariantName = "[No Variations]"
Add component (AddParameter): Name = "Nominal Dual Supply"; Value = ""; VariantName = "[No Variations]"
Add component (AddParameter): Name = "Nominal Gain Bandwidth Product"; Value = ""; VariantName = "[No Variations]"
Add component (AddParameter): Name = "Nominal Supply Voltage"; Value = ""; VariantName = "[No Variations]"
Add component (AddParameter): Name = "Output Type"; Value = ""; VariantName = "[No Variations]"
Add component (AddParameter): Name = "Pins"; Value = "16"; VariantName = "[No Variations]"
Add component (AddParameter): Name = "Power"; Value = ""; VariantName = "[No Variations]"
Add component (AddParameter): Name = "RoHS Compliant"; Value = ""; VariantName = "[No Variations]"
Add component (AddParameter): Name = "SnapEDA_Link"; Value = "https://www.snapeda.com/parts/MAX98357AETE+T/Analog+Devices/view-part/?ref=snap"; VariantName = "[No Variations]"
Add component (AddParameter): Name = "Source"; Value = "MAX98357AETE+T.SchLib"; VariantName = "[No Variations]"
Add component (AddParameter): Name = "Value"; Value = ""; VariantName = "[No Variations]"
Added Component: Designator=U13(LED_WS2812B-B)
Add component (AddParameter): Name = "Availability"; Value = "Unavailable"; VariantName = "[No Variations]"
Add component (AddParameter): Name = "Component Type"; Value = "Standard"; VariantName = "[No Variations]"
Add component (AddParameter): Name = "Design Item ID"; Value = "WS2812B-B"; VariantName = "[No Variations]"
Add component (AddParameter): Name = "MP"; Value = "WS2812B-B"; VariantName = "[No Variations]"
Add component (AddParameter): Name = "Package"; Value = "None"; VariantName = "[No Variations]"
Add component (AddParameter): Name = "Pin Count"; Value = "4"; VariantName = "[No Variations]"
Add component (AddParameter): Name = "Price"; Value = "None"; VariantName = "[No Variations]"
Add component (AddParameter): Name = "Source"; Value = "WS2812B-B.SchLib"; VariantName = "[No Variations]"
Add component (AddParameter): Name = "Value"; Value = ""; VariantName = "[No Variations]"
Added Component: Designator=U14(LED_WS2812B-B)
Add component (AddParameter): Name = "Availability"; Value = "Unavailable"; VariantName = "[No Variations]"
Add component (AddParameter): Name = "Component Type"; Value = "Standard"; VariantName = "[No Variations]"
Add component (AddParameter): Name = "Design Item ID"; Value = "WS2812B-B"; VariantName = "[No Variations]"
Add component (AddParameter): Name = "MP"; Value = "WS2812B-B"; VariantName = "[No Variations]"
Add component (AddParameter): Name = "Package"; Value = "None"; VariantName = "[No Variations]"
Add component (AddParameter): Name = "Pin Count"; Value = "4"; VariantName = "[No Variations]"
Add component (AddParameter): Name = "Price"; Value = "None"; VariantName = "[No Variations]"
Add component (AddParameter): Name = "Source"; Value = "WS2812B-B.SchLib"; VariantName = "[No Variations]"
Add component (AddParameter): Name = "Value"; Value = ""; VariantName = "[No Variations]"
Added Component: Designator=U15(FP-PG-LLGA-5-MFG)
Add component (AddParameter): Name = "NexarPartId"; Value = "121674314"; VariantName = "[No Variations]"
Added Component: Designator=U16(FP-PG-LLGA-5-MFG)
Add component (AddParameter): Name = "NexarPartId"; Value = "121674314"; VariantName = "[No Variations]"
Added Component: Designator=U17(LED_WS2812B-B)
Add component (AddParameter): Name = "Availability"; Value = "Unavailable"; VariantName = "[No Variations]"
Add component (AddParameter): Name = "Component Type"; Value = "Standard"; VariantName = "[No Variations]"
Add component (AddParameter): Name = "Design Item ID"; Value = "WS2812B-B"; VariantName = "[No Variations]"
Add component (AddParameter): Name = "MP"; Value = "WS2812B-B"; VariantName = "[No Variations]"
Add component (AddParameter): Name = "Package"; Value = "None"; VariantName = "[No Variations]"
Add component (AddParameter): Name = "Pin Count"; Value = "4"; VariantName = "[No Variations]"
Add component (AddParameter): Name = "Price"; Value = "None"; VariantName = "[No Variations]"
Add component (AddParameter): Name = "Source"; Value = "WS2812B-B.SchLib"; VariantName = "[No Variations]"
Add component (AddParameter): Name = "Value"; Value = ""; VariantName = "[No Variations]"
Added Component: Designator=U18(LED_WS2812B-B)
Add component (AddParameter): Name = "Availability"; Value = "Unavailable"; VariantName = "[No Variations]"
Add component (AddParameter): Name = "Component Type"; Value = "Standard"; VariantName = "[No Variations]"
Add component (AddParameter): Name = "Design Item ID"; Value = "WS2812B-B"; VariantName = "[No Variations]"
Add component (AddParameter): Name = "MP"; Value = "WS2812B-B"; VariantName = "[No Variations]"
Add component (AddParameter): Name = "Package"; Value = "None"; VariantName = "[No Variations]"
Add component (AddParameter): Name = "Pin Count"; Value = "4"; VariantName = "[No Variations]"
Add component (AddParameter): Name = "Price"; Value = "None"; VariantName = "[No Variations]"
Add component (AddParameter): Name = "Source"; Value = "WS2812B-B.SchLib"; VariantName = "[No Variations]"
Add component (AddParameter): Name = "Value"; Value = ""; VariantName = "[No Variations]"
Added Component: Designator=U19(LED_WS2812B-B)
Add component (AddParameter): Name = "Availability"; Value = "Unavailable"; VariantName = "[No Variations]"
Add component (AddParameter): Name = "Component Type"; Value = "Standard"; VariantName = "[No Variations]"
Add component (AddParameter): Name = "Design Item ID"; Value = "WS2812B-B"; VariantName = "[No Variations]"
Add component (AddParameter): Name = "MP"; Value = "WS2812B-B"; VariantName = "[No Variations]"
Add component (AddParameter): Name = "Package"; Value = "None"; VariantName = "[No Variations]"
Add component (AddParameter): Name = "Pin Count"; Value = "4"; VariantName = "[No Variations]"
Add component (AddParameter): Name = "Price"; Value = "None"; VariantName = "[No Variations]"
Add component (AddParameter): Name = "Source"; Value = "WS2812B-B.SchLib"; VariantName = "[No Variations]"
Add component (AddParameter): Name = "Value"; Value = ""; VariantName = "[No Variations]"
Added Component: Designator=U20(LED_WS2812B-B)
Add component (AddParameter): Name = "Availability"; Value = "Unavailable"; VariantName = "[No Variations]"
Add component (AddParameter): Name = "Component Type"; Value = "Standard"; VariantName = "[No Variations]"
Add component (AddParameter): Name = "Design Item ID"; Value = "WS2812B-B"; VariantName = "[No Variations]"
Add component (AddParameter): Name = "MP"; Value = "WS2812B-B"; VariantName = "[No Variations]"
Add component (AddParameter): Name = "Package"; Value = "None"; VariantName = "[No Variations]"
Add component (AddParameter): Name = "Pin Count"; Value = "4"; VariantName = "[No Variations]"
Add component (AddParameter): Name = "Price"; Value = "None"; VariantName = "[No Variations]"
Add component (AddParameter): Name = "Source"; Value = "WS2812B-B.SchLib"; VariantName = "[No Variations]"
Add component (AddParameter): Name = "Value"; Value = ""; VariantName = "[No Variations]"
Added Component: Designator=U21(LED_WS2812B-B)
Add component (AddParameter): Name = "Availability"; Value = "Unavailable"; VariantName = "[No Variations]"
Add component (AddParameter): Name = "Component Type"; Value = "Standard"; VariantName = "[No Variations]"
Add component (AddParameter): Name = "Design Item ID"; Value = "WS2812B-B"; VariantName = "[No Variations]"
Add component (AddParameter): Name = "MP"; Value = "WS2812B-B"; VariantName = "[No Variations]"
Add component (AddParameter): Name = "Package"; Value = "None"; VariantName = "[No Variations]"
Add component (AddParameter): Name = "Pin Count"; Value = "4"; VariantName = "[No Variations]"
Add component (AddParameter): Name = "Price"; Value = "None"; VariantName = "[No Variations]"
Add component (AddParameter): Name = "Source"; Value = "WS2812B-B.SchLib"; VariantName = "[No Variations]"
Add component (AddParameter): Name = "Value"; Value = ""; VariantName = "[No Variations]"
Added Component: Designator=U22(LED_WS2812B-B)
Add component (AddParameter): Name = "Availability"; Value = "Unavailable"; VariantName = "[No Variations]"
Add component (AddParameter): Name = "Component Type"; Value = "Standard"; VariantName = "[No Variations]"
Add component (AddParameter): Name = "Design Item ID"; Value = "WS2812B-B"; VariantName = "[No Variations]"
Add component (AddParameter): Name = "MP"; Value = "WS2812B-B"; VariantName = "[No Variations]"
Add component (AddParameter): Name = "Package"; Value = "None"; VariantName = "[No Variations]"
Add component (AddParameter): Name = "Pin Count"; Value = "4"; VariantName = "[No Variations]"
Add component (AddParameter): Name = "Price"; Value = "None"; VariantName = "[No Variations]"
Add component (AddParameter): Name = "Source"; Value = "WS2812B-B.SchLib"; VariantName = "[No Variations]"
Add component (AddParameter): Name = "Value"; Value = ""; VariantName = "[No Variations]"
Added Component: Designator=U23(LED_WS2812B-B)
Add component (AddParameter): Name = "Availability"; Value = "Unavailable"; VariantName = "[No Variations]"
Add component (AddParameter): Name = "Component Type"; Value = "Standard"; VariantName = "[No Variations]"
Add component (AddParameter): Name = "Design Item ID"; Value = "WS2812B-B"; VariantName = "[No Variations]"
Add component (AddParameter): Name = "MP"; Value = "WS2812B-B"; VariantName = "[No Variations]"
Add component (AddParameter): Name = "Package"; Value = "None"; VariantName = "[No Variations]"
Add component (AddParameter): Name = "Pin Count"; Value = "4"; VariantName = "[No Variations]"
Add component (AddParameter): Name = "Price"; Value = "None"; VariantName = "[No Variations]"
Add component (AddParameter): Name = "Source"; Value = "WS2812B-B.SchLib"; VariantName = "[No Variations]"
Add component (AddParameter): Name = "Value"; Value = ""; VariantName = "[No Variations]"
Added Component: Designator=U24(LED_WS2812B-B)
Add component (AddParameter): Name = "Availability"; Value = "Unavailable"; VariantName = "[No Variations]"
Add component (AddParameter): Name = "Component Type"; Value = "Standard"; VariantName = "[No Variations]"
Add component (AddParameter): Name = "Design Item ID"; Value = "WS2812B-B"; VariantName = "[No Variations]"
Add component (AddParameter): Name = "MP"; Value = "WS2812B-B"; VariantName = "[No Variations]"
Add component (AddParameter): Name = "Package"; Value = "None"; VariantName = "[No Variations]"
Add component (AddParameter): Name = "Pin Count"; Value = "4"; VariantName = "[No Variations]"
Add component (AddParameter): Name = "Price"; Value = "None"; VariantName = "[No Variations]"
Add component (AddParameter): Name = "Source"; Value = "WS2812B-B.SchLib"; VariantName = "[No Variations]"
Add component (AddParameter): Name = "Value"; Value = ""; VariantName = "[No Variations]"
Added Component: Designator=U25(LED_WS2812B-B)
Add component (AddParameter): Name = "Availability"; Value = "Unavailable"; VariantName = "[No Variations]"
Add component (AddParameter): Name = "Component Type"; Value = "Standard"; VariantName = "[No Variations]"
Add component (AddParameter): Name = "Design Item ID"; Value = "WS2812B-B"; VariantName = "[No Variations]"
Add component (AddParameter): Name = "MP"; Value = "WS2812B-B"; VariantName = "[No Variations]"
Add component (AddParameter): Name = "Package"; Value = "None"; VariantName = "[No Variations]"
Add component (AddParameter): Name = "Pin Count"; Value = "4"; VariantName = "[No Variations]"
Add component (AddParameter): Name = "Price"; Value = "None"; VariantName = "[No Variations]"
Add component (AddParameter): Name = "Source"; Value = "WS2812B-B.SchLib"; VariantName = "[No Variations]"
Add component (AddParameter): Name = "Value"; Value = ""; VariantName = "[No Variations]"
Added Component: Designator=U26(LED_WS2812B-B)
Add component (AddParameter): Name = "Availability"; Value = "Unavailable"; VariantName = "[No Variations]"
Add component (AddParameter): Name = "Component Type"; Value = "Standard"; VariantName = "[No Variations]"
Add component (AddParameter): Name = "Design Item ID"; Value = "WS2812B-B"; VariantName = "[No Variations]"
Add component (AddParameter): Name = "MP"; Value = "WS2812B-B"; VariantName = "[No Variations]"
Add component (AddParameter): Name = "Package"; Value = "None"; VariantName = "[No Variations]"
Add component (AddParameter): Name = "Pin Count"; Value = "4"; VariantName = "[No Variations]"
Add component (AddParameter): Name = "Price"; Value = "None"; VariantName = "[No Variations]"
Add component (AddParameter): Name = "Source"; Value = "WS2812B-B.SchLib"; VariantName = "[No Variations]"
Add component (AddParameter): Name = "Value"; Value = ""; VariantName = "[No Variations]"
Added Component: Designator=X1(ABRA-ABM3B-4_V)
Add component (AddParameter): Name = "Case/Package"; Value = "CSMD"; VariantName = "[No Variations]"
Add component (AddParameter): Name = "Datasheet URL"; Value = "http://www.abracon.com/Resonators/abm3b.pdf"; VariantName = "[No Variations]"
Add component (AddParameter): Name = "Datasheet Version"; Value = "Aug-15"; VariantName = "[No Variations]"
Add component (AddParameter): Name = "ESR"; Value = "50"; VariantName = "[No Variations]"
Add component (AddParameter): Name = "Frequency"; Value = "24MHz"; VariantName = "[No Variations]"
Add component (AddParameter): Name = "Frequency Tolerance"; Value = "20ppm"; VariantName = "[No Variations]"
Add component (AddParameter): Name = "Load Capacitance"; Value = "18pF"; VariantName = "[No Variations]"
Add component (AddParameter): Name = "Manufacturer"; Value = "Abracon"; VariantName = "[No Variations]"
Add component (AddParameter): Name = "Manufacturer URL"; Value = "http://www.abracon.com/"; VariantName = "[No Variations]"
Add component (AddParameter): Name = "Max Operating Temperature"; Value = "70°C"; VariantName = "[No Variations]"
Add component (AddParameter): Name = "Min Operating Temperature"; Value = "-20°C"; VariantName = "[No Variations]"
Add component (AddParameter): Name = "Mounting Technology"; Value = "SM"; VariantName = "[No Variations]"
Add component (AddParameter): Name = "Package Description"; Value = "4-Pin Surface Mount Device, Body 5 x 3.2 mm"; VariantName = "[No Variations]"
Add component (AddParameter): Name = "Package Quantity"; Value = "1000"; VariantName = "[No Variations]"
Add component (AddParameter): Name = "Package Reference"; Value = "ABM3B"; VariantName = "[No Variations]"
Add component (AddParameter): Name = "Packaging"; Value = "TapeandReel"; VariantName = "[No Variations]"
Add component (AddParameter): Name = "Pins"; Value = "4"; VariantName = "[No Variations]"
Add component (AddParameter): Name = "Resistance"; Value = "50Ohm"; VariantName = "[No Variations]"
Add component (AddParameter): Name = "RoHS Compliant"; Value = "True"; VariantName = "[No Variations]"
Add component (AddParameter): Name = "Tolerance"; Value = "20ppm"; VariantName = "[No Variations]"
Added Component: Designator=Y1(FP-ABS06-MFG)
Add component (AddParameter): Name = "Case/Package"; Value = "SMD/SMT"; VariantName = "[No Variations]"
Add component (AddParameter): Name = "ESR (Equivalent Series Resistance)"; Value = "90kR"; VariantName = "[No Variations]"
Add component (AddParameter): Name = "Frequency"; Value = "32.768kHz"; VariantName = "[No Variations]"
Add component (AddParameter): Name = "Frequency Tolerance"; Value = "20ppm"; VariantName = "[No Variations]"
Add component (AddParameter): Name = "Load Capacitance"; Value = "12.5pF"; VariantName = "[No Variations]"
Add component (AddParameter): Name = "Max Operating Temperature"; Value = "85°C"; VariantName = "[No Variations]"
Add component (AddParameter): Name = "Min Operating Temperature"; Value = "-40°C"; VariantName = "[No Variations]"
Add component (AddParameter): Name = "Mount"; Value = "Surface Mount"; VariantName = "[No Variations]"
Add component (AddParameter): Name = "Packaging"; Value = "Cut Tape"; VariantName = "[No Variations]"
Add component (AddParameter): Name = "RoHS Compliant"; Value = "Yes"; VariantName = "[No Variations]"
Add component (AddParameter): Name = "Series"; Value = "ABS06"; VariantName = "[No Variations]"
Added Component: Designator=Y2(FP-ABM13W-MFG)
Add component (AddParameter): Name = "Case/Package"; Value = "SMD/SMT"; VariantName = "[No Variations]"
Add component (AddParameter): Name = "ESR (Equivalent Series Resistance)"; Value = "50R"; VariantName = "[No Variations]"
Add component (AddParameter): Name = "Frequency"; Value = "37.4MHz"; VariantName = "[No Variations]"
Add component (AddParameter): Name = "Frequency Stability"; Value = "50ppm"; VariantName = "[No Variations]"
Add component (AddParameter): Name = "Frequency Tolerance"; Value = "10ppm"; VariantName = "[No Variations]"
Add component (AddParameter): Name = "Load Capacitance"; Value = "5pF"; VariantName = "[No Variations]"
Add component (AddParameter): Name = "Max Operating Temperature"; Value = "125°C"; VariantName = "[No Variations]"
Add component (AddParameter): Name = "Min Operating Temperature"; Value = "-40°C"; VariantName = "[No Variations]"
Add component (AddParameter): Name = "Mount"; Value = "Surface Mount"; VariantName = "[No Variations]"
Add component (AddParameter): Name = "RoHS Compliant"; Value = "Yes"; VariantName = "[No Variations]"
Added Pin To Net: NetName=ADC_CH3 Pin=U1-AD29
Added Net: Name=ADC_CH3
Added Pin To Net: NetName=ADC_CH6 Pin=U1-AD28
Added Net: Name=ADC_CH6
Added Pin To Net: NetName=ADC_KEY Pin=U1-AD30
Added Net: Name=ADC_KEY
Added Pin To Net: NetName=ANT0 Pin=B2-2
Added Pin To Net: NetName=ANT0 Pin=C151-1
Added Net: Name=ANT0
Added Pin To Net: NetName=ANT1 Pin=B2-9
Added Pin To Net: NetName=ANT1 Pin=C150-1
Added Net: Name=ANT1
Added Pin To Net: NetName=AVDD0V8_CSI Pin=U1-L22
Added Net: Name=AVDD0V8_CSI
Added Pin To Net: NetName=AVDD08_DP Pin=U1-AJ13
Added Pin To Net: NetName=AVDD08_DP Pin=U1-AK13
Added Net: Name=AVDD08_DP
Added Pin To Net: NetName=AVDD18_DP Pin=U1-AJ14
Added Pin To Net: NetName=AVDD18_DP Pin=U1-AJ15
Added Net: Name=AVDD18_DP
Added Pin To Net: NetName=BOOT_CLK Pin=R44-1
Added Pin To Net: NetName=BOOT_CLK Pin=U5-M6
Added Net: Name=BOOT_CLK
Added Pin To Net: NetName=BOOT_CMD Pin=R48-1
Added Pin To Net: NetName=BOOT_CMD Pin=U1-AN23
Added Pin To Net: NetName=BOOT_CMD Pin=U5-M5
Added Net: Name=BOOT_CMD
Added Pin To Net: NetName=BOOT_D0 Pin=R45-2
Added Pin To Net: NetName=BOOT_D0 Pin=U1-AP21
Added Pin To Net: NetName=BOOT_D0 Pin=U5-A3
Added Net: Name=BOOT_D0
Added Pin To Net: NetName=BOOT_D1 Pin=R21-1
Added Pin To Net: NetName=BOOT_D1 Pin=U1-AP20
Added Pin To Net: NetName=BOOT_D1 Pin=U5-A4
Added Net: Name=BOOT_D1
Added Pin To Net: NetName=BOOT_D2 Pin=R24-1
Added Pin To Net: NetName=BOOT_D2 Pin=R47-1
Added Pin To Net: NetName=BOOT_D2 Pin=U1-AN21
Added Pin To Net: NetName=BOOT_D2 Pin=U5-A5
Added Net: Name=BOOT_D2
Added Pin To Net: NetName=BOOT_D3 Pin=U1-AM21
Added Pin To Net: NetName=BOOT_D3 Pin=U5-B2
Added Net: Name=BOOT_D3
Added Pin To Net: NetName=BOOT_D4 Pin=B1-5
Added Pin To Net: NetName=BOOT_D4 Pin=R16-1
Added Pin To Net: NetName=BOOT_D4 Pin=U1-AR23
Added Pin To Net: NetName=BOOT_D4 Pin=U5-B3
Added Net: Name=BOOT_D4
Added Pin To Net: NetName=BOOT_D5 Pin=B1-2
Added Pin To Net: NetName=BOOT_D5 Pin=R18-1
Added Pin To Net: NetName=BOOT_D5 Pin=U1-AP23
Added Pin To Net: NetName=BOOT_D5 Pin=U5-B4
Added Net: Name=BOOT_D5
Added Pin To Net: NetName=BOOT_D6 Pin=B1-6
Added Pin To Net: NetName=BOOT_D6 Pin=B1-7
Added Pin To Net: NetName=BOOT_D6 Pin=R42-1
Added Pin To Net: NetName=BOOT_D6 Pin=R43-1
Added Pin To Net: NetName=BOOT_D6 Pin=U1-AR24
Added Pin To Net: NetName=BOOT_D6 Pin=U5-B5
Added Net: Name=BOOT_D6
Added Pin To Net: NetName=BOOT_D7 Pin=B1-3
Added Pin To Net: NetName=BOOT_D7 Pin=U1-AP24
Added Pin To Net: NetName=BOOT_D7 Pin=U5-B6
Added Net: Name=BOOT_D7
Added Pin To Net: NetName=BOOT_DCLK Pin=U1-AP26
Added Net: Name=BOOT_DCLK
Added Pin To Net: NetName=BOOT_DQS Pin=R50-2
Added Pin To Net: NetName=BOOT_DQS Pin=U1-AN24
Added Pin To Net: NetName=BOOT_DQS Pin=U5-H5
Added Net: Name=BOOT_DQS
Added Pin To Net: NetName=BOOT_GPIOB_9 Pin=U1-AR26
Added Net: Name=BOOT_GPIOB_9
Added Pin To Net: NetName=BOOT_GPIOB_12 Pin=U1-AM24
Added Net: Name=BOOT_GPIOB_12
Added Pin To Net: NetName=BOOT_RST_N Pin=U5-K5
Added Net: Name=BOOT_RST_N
Added Pin To Net: NetName=BT_EN Pin=B2-38
Added Pin To Net: NetName=BT_EN Pin=U1-G21
Added Net: Name=BT_EN
Added Pin To Net: NetName=BT_WAKE_HOST Pin=R52-2
Added Pin To Net: NetName=BT_WAKE_HOST Pin=U1-E17
Added Net: Name=BT_WAKE_HOST
Added Pin To Net: NetName=BTPCM_CLK Pin=B2-44
Added Pin To Net: NetName=BTPCM_CLK Pin=U1-B20
Added Net: Name=BTPCM_CLK
Added Pin To Net: NetName=BTPCM_DIN Pin=B2-47
Added Pin To Net: NetName=BTPCM_DIN Pin=U1-B19
Added Net: Name=BTPCM_DIN
Added Pin To Net: NetName=BTPCM_DOUT Pin=B2-46
Added Pin To Net: NetName=BTPCM_DOUT Pin=U1-A19
Added Net: Name=BTPCM_DOUT
Added Pin To Net: NetName=BTPCM_SYNC Pin=B2-45
Added Pin To Net: NetName=BTPCM_SYNC Pin=U1-C19
Added Net: Name=BTPCM_SYNC
Added Pin To Net: NetName=BTUART_C_CTS_N Pin=B2-42
Added Pin To Net: NetName=BTUART_C_CTS_N Pin=U1-E18
Added Net: Name=BTUART_C_CTS_N
Added Pin To Net: NetName=BTUART_C_RTS_N Pin=B2-43
Added Pin To Net: NetName=BTUART_C_RTS_N Pin=U1-A18
Added Net: Name=BTUART_C_RTS_N
Added Pin To Net: NetName=BTUART_C_RX Pin=B2-40
Added Pin To Net: NetName=BTUART_C_RX Pin=U1-C18
Added Net: Name=BTUART_C_RX
Added Pin To Net: NetName=BTUART_C_TX Pin=B2-41
Added Pin To Net: NetName=BTUART_C_TX Pin=U1-D18
Added Net: Name=BTUART_C_TX
Added Pin To Net: NetName=CMA_I2CM_C_SCL Pin=J2-22
Added Pin To Net: NetName=CMA_I2CM_C_SCL Pin=U1-E33
Added Net: Name=CMA_I2CM_C_SCL
Added Pin To Net: NetName=CMA_I2CM_C_SDA Pin=J2-23
Added Pin To Net: NetName=CMA_I2CM_C_SDA Pin=U1-E32
Added Net: Name=CMA_I2CM_C_SDA
Added Pin To Net: NetName=CMA_MCLK Pin=C6-1
Added Pin To Net: NetName=CMA_MCLK Pin=J2-20
Added Pin To Net: NetName=CMA_MCLK Pin=L1-1
Added Net: Name=CMA_MCLK
Added Pin To Net: NetName=CMA_PWR Pin=J2-19
Added Pin To Net: NetName=CMA_PWR Pin=U1-F32
Added Net: Name=CMA_PWR
Added Pin To Net: NetName=CMA_PWRDN Pin=J2-24
Added Pin To Net: NetName=CMA_PWRDN Pin=U1-H32
Added Net: Name=CMA_PWRDN
Added Pin To Net: NetName=CMA_RST_L Pin=J2-21
Added Pin To Net: NetName=CMA_RST_L Pin=U1-E31
Added Net: Name=CMA_RST_L
Added Pin To Net: NetName=CPU_RESET Pin=C2-1
Added Pin To Net: NetName=CPU_RESET Pin=R3-2
Added Pin To Net: NetName=CPU_RESET Pin=R33-2
Added Pin To Net: NetName=CPU_RESET Pin=U1-F15
Added Net: Name=CPU_RESET
Added Pin To Net: NetName=CPU_RST_INT Pin=R35-2
Added Pin To Net: NetName=CPU_RST_INT Pin=U3-14
Added Net: Name=CPU_RST_INT
Added Pin To Net: NetName=CPUA_MODE Pin=J4-17
Added Net: Name=CPUA_MODE
Added Pin To Net: NetName=CPUB_MODE Pin=J4-22
Added Net: Name=CPUB_MODE
Added Pin To Net: NetName=CSI_A_CLKN Pin=J2-17
Added Pin To Net: NetName=CSI_A_CLKN Pin=U1-A32
Added Net: Name=CSI_A_CLKN
Added Pin To Net: NetName=CSI_A_CLKP Pin=J2-18
Added Pin To Net: NetName=CSI_A_CLKP Pin=U1-A31
Added Net: Name=CSI_A_CLKP
Added Pin To Net: NetName=CSI_A_D0N Pin=J2-14
Added Pin To Net: NetName=CSI_A_D0N Pin=U1-D32
Added Net: Name=CSI_A_D0N
Added Pin To Net: NetName=CSI_A_D0P Pin=J2-15
Added Pin To Net: NetName=CSI_A_D0P Pin=U1-C32
Added Net: Name=CSI_A_D0P
Added Pin To Net: NetName=CSI_A_D1N Pin=J2-11
Added Pin To Net: NetName=CSI_A_D1N Pin=U1-B32
Added Net: Name=CSI_A_D1N
Added Pin To Net: NetName=CSI_A_D1P Pin=J2-12
Added Pin To Net: NetName=CSI_A_D1P Pin=U1-B33
Added Net: Name=CSI_A_D1P
Added Pin To Net: NetName=CSI_A_D2N Pin=J2-5
Added Pin To Net: NetName=CSI_A_D2N Pin=U1-B31
Added Net: Name=CSI_A_D2N
Added Pin To Net: NetName=CSI_A_D2P Pin=J2-6
Added Pin To Net: NetName=CSI_A_D2P Pin=U1-B30
Added Net: Name=CSI_A_D2P
Added Pin To Net: NetName=CSI_A_D3N Pin=J2-2
Added Pin To Net: NetName=CSI_A_D3N Pin=U1-B29
Added Net: Name=CSI_A_D3N
Added Pin To Net: NetName=CSI_A_D3P Pin=J2-3
Added Pin To Net: NetName=CSI_A_D3P Pin=U1-A29
Added Net: Name=CSI_A_D3P
Added Pin To Net: NetName=CSI_B_CLKN Pin=J2-8
Added Pin To Net: NetName=CSI_B_CLKN Pin=U1-A28
Added Net: Name=CSI_B_CLKN
Added Pin To Net: NetName=CSI_B_CLKP Pin=J2-9
Added Pin To Net: NetName=CSI_B_CLKP Pin=U1-B28
Added Net: Name=CSI_B_CLKP
Added Pin To Net: NetName=DCIN Pin=C134-1
Added Pin To Net: NetName=DCIN Pin=C135-1
Added Pin To Net: NetName=DCIN Pin=C136-1
Added Pin To Net: NetName=DCIN Pin=J3-26
Added Pin To Net: NetName=DCIN Pin=J3-27
Added Pin To Net: NetName=DCIN Pin=J3-28
Added Pin To Net: NetName=DCIN Pin=J3-29
Added Pin To Net: NetName=DCIN Pin=J3-30
Added Pin To Net: NetName=DCIN Pin=R79-2
Added Pin To Net: NetName=DCIN Pin=U7-8
Added Net: Name=DCIN
Added Pin To Net: NetName=DCIN_TYPE-C Pin=C145-1
Added Pin To Net: NetName=DCIN_TYPE-C Pin=C146-1
Added Pin To Net: NetName=DCIN_TYPE-C Pin=J7-A4
Added Pin To Net: NetName=DCIN_TYPE-C Pin=J7-B4
Added Pin To Net: NetName=DCIN_TYPE-C Pin=L7-2
Added Net: Name=DCIN_TYPE-C
Added Pin To Net: NetName=DCIN_USBC Pin=*-2
Added Pin To Net: NetName=DCIN_USBC Pin=C147-1
Added Pin To Net: NetName=DCIN_USBC Pin=C148-1
Added Pin To Net: NetName=DCIN_USBC Pin=D11-2
Added Pin To Net: NetName=DCIN_USBC Pin=L7-1
Added Pin To Net: NetName=DCIN_USBC Pin=R63-1
Added Pin To Net: NetName=DCIN_USBC Pin=R65-1
Added Pin To Net: NetName=DCIN_USBC Pin=U7-7
Added Net: Name=DCIN_USBC
Added Pin To Net: NetName=DCIN_VIN Pin=D13-1
Added Pin To Net: NetName=DCIN_VIN Pin=J5-1
Added Pin To Net: NetName=DCIN_VIN Pin=J5-2
Added Pin To Net: NetName=DCIN_VIN Pin=R69-1
Added Pin To Net: NetName=DCIN_VIN Pin=R73-1
Added Pin To Net: NetName=DCIN_VIN Pin=R74-1
Added Pin To Net: NetName=DCIN_VIN Pin=U7-2
Added Net: Name=DCIN_VIN
Added Pin To Net: NetName=DDR1_CAA0 Pin=U1-AT1
Added Pin To Net: NetName=DDR1_CAA0 Pin=U4-H2
Added Net: Name=DDR1_CAA0
Added Pin To Net: NetName=DDR1_CAA1 Pin=U1-AR1
Added Pin To Net: NetName=DDR1_CAA1 Pin=U4-J2
Added Net: Name=DDR1_CAA1
Added Pin To Net: NetName=DDR1_CAA2 Pin=U1-AN2
Added Pin To Net: NetName=DDR1_CAA2 Pin=U4-H9
Added Net: Name=DDR1_CAA2
Added Pin To Net: NetName=DDR1_CAA3 Pin=U1-AL3
Added Pin To Net: NetName=DDR1_CAA3 Pin=U4-H10
Added Net: Name=DDR1_CAA3
Added Pin To Net: NetName=DDR1_CAA4 Pin=U1-AM3
Added Pin To Net: NetName=DDR1_CAA4 Pin=U4-H11
Added Net: Name=DDR1_CAA4
Added Pin To Net: NetName=DDR1_CAA5 Pin=U1-AL4
Added Pin To Net: NetName=DDR1_CAA5 Pin=U4-J11
Added Net: Name=DDR1_CAA5
Added Pin To Net: NetName=DDR1_CAB0 Pin=U1-AH1
Added Pin To Net: NetName=DDR1_CAB0 Pin=U4-R2
Added Net: Name=DDR1_CAB0
Added Pin To Net: NetName=DDR1_CAB1 Pin=U1-AJ3
Added Pin To Net: NetName=DDR1_CAB1 Pin=U4-P2
Added Net: Name=DDR1_CAB1
Added Pin To Net: NetName=DDR1_CAB2 Pin=U1-AG3
Added Pin To Net: NetName=DDR1_CAB2 Pin=U4-R9
Added Net: Name=DDR1_CAB2
Added Pin To Net: NetName=DDR1_CAB3 Pin=U1-AE5
Added Pin To Net: NetName=DDR1_CAB3 Pin=U4-R10
Added Net: Name=DDR1_CAB3
Added Pin To Net: NetName=DDR1_CAB4 Pin=U1-AG5
Added Pin To Net: NetName=DDR1_CAB4 Pin=U4-R11
Added Net: Name=DDR1_CAB4
Added Pin To Net: NetName=DDR1_CAB5 Pin=U1-AG4
Added Pin To Net: NetName=DDR1_CAB5 Pin=U4-P11
Added Net: Name=DDR1_CAB5
Added Pin To Net: NetName=DDR1_CKEA0 Pin=U1-AN3
Added Pin To Net: NetName=DDR1_CKEA0 Pin=U4-J4
Added Net: Name=DDR1_CKEA0
Added Pin To Net: NetName=DDR1_CKEA1 Pin=U1-AL5
Added Pin To Net: NetName=DDR1_CKEA1 Pin=U4-J5
Added Net: Name=DDR1_CKEA1
Added Pin To Net: NetName=DDR1_CKEB0 Pin=U1-AL1
Added Pin To Net: NetName=DDR1_CKEB0 Pin=U4-P4
Added Net: Name=DDR1_CKEB0
Added Pin To Net: NetName=DDR1_CKEB1 Pin=U1-AM1
Added Pin To Net: NetName=DDR1_CKEB1 Pin=U4-P5
Added Net: Name=DDR1_CKEB1
Added Pin To Net: NetName=DDR1_CLKA_C Pin=U1-AK3
Added Pin To Net: NetName=DDR1_CLKA_C Pin=U4-J9
Added Net: Name=DDR1_CLKA_C
Added Pin To Net: NetName=DDR1_CLKA_T Pin=U1-AK4
Added Pin To Net: NetName=DDR1_CLKA_T Pin=U4-J8
Added Net: Name=DDR1_CLKA_T
Added Pin To Net: NetName=DDR1_CLKB_C Pin=U1-AH3
Added Pin To Net: NetName=DDR1_CLKB_C Pin=U4-P9
Added Net: Name=DDR1_CLKB_C
Added Pin To Net: NetName=DDR1_CLKB_T Pin=U1-AH4
Added Pin To Net: NetName=DDR1_CLKB_T Pin=U4-P8
Added Net: Name=DDR1_CLKB_T
Added Pin To Net: NetName=DDR1_CSA0 Pin=U1-AP1
Added Pin To Net: NetName=DDR1_CSA0 Pin=U4-H4
Added Net: Name=DDR1_CSA0
Added Pin To Net: NetName=DDR1_CSA1 Pin=U1-AP3
Added Pin To Net: NetName=DDR1_CSA1 Pin=U4-H3
Added Net: Name=DDR1_CSA1
Added Pin To Net: NetName=DDR1_CSB0 Pin=U1-AK2
Added Pin To Net: NetName=DDR1_CSB0 Pin=U4-R4
Added Net: Name=DDR1_CSB0
Added Pin To Net: NetName=DDR1_CSB1 Pin=U1-AJ2
Added Pin To Net: NetName=DDR1_CSB1 Pin=U4-R3
Added Net: Name=DDR1_CSB1
Added Pin To Net: NetName=DDR1_DQ0 Pin=U1-AU2
Added Pin To Net: NetName=DDR1_DQ0 Pin=U4-F2
Added Net: Name=DDR1_DQ0
Added Pin To Net: NetName=DDR1_DQ1 Pin=U1-AP4
Added Pin To Net: NetName=DDR1_DQ1 Pin=U4-E4
Added Net: Name=DDR1_DQ1
Added Pin To Net: NetName=DDR1_DQ2 Pin=U1-AN6
Added Pin To Net: NetName=DDR1_DQ2 Pin=U4-C4
Added Net: Name=DDR1_DQ2
Added Pin To Net: NetName=DDR1_DQ3 Pin=U1-AP6
Added Pin To Net: NetName=DDR1_DQ3 Pin=U4-B4
Added Net: Name=DDR1_DQ3
Added Pin To Net: NetName=DDR1_DQ4 Pin=U1-AT5
Added Pin To Net: NetName=DDR1_DQ4 Pin=U4-B2
Added Net: Name=DDR1_DQ4
Added Pin To Net: NetName=DDR1_DQ5 Pin=U1-AU3
Added Pin To Net: NetName=DDR1_DQ5 Pin=U4-E2
Added Net: Name=DDR1_DQ5
Added Pin To Net: NetName=DDR1_DQ6 Pin=U1-AT4
Added Pin To Net: NetName=DDR1_DQ6 Pin=U4-C2
Added Net: Name=DDR1_DQ6
Added Pin To Net: NetName=DDR1_DQ7 Pin=U1-AR4
Added Pin To Net: NetName=DDR1_DQ7 Pin=U4-F4
Added Net: Name=DDR1_DQ7
Added Pin To Net: NetName=DDR1_DQ8 Pin=U1-AU9
Added Pin To Net: NetName=DDR1_DQ8 Pin=U4-C9
Added Net: Name=DDR1_DQ8
Added Pin To Net: NetName=DDR1_DQ9 Pin=U1-AR8
Added Pin To Net: NetName=DDR1_DQ9 Pin=U4-E9
Added Net: Name=DDR1_DQ9
Added Pin To Net: NetName=DDR1_DQ10 Pin=U1-AR9
Added Pin To Net: NetName=DDR1_DQ10 Pin=U4-B9
Added Net: Name=DDR1_DQ10
Added Pin To Net: NetName=DDR1_DQ11 Pin=U1-AT10
Added Pin To Net: NetName=DDR1_DQ11 Pin=U4-C11
Added Net: Name=DDR1_DQ11
Added Pin To Net: NetName=DDR1_DQ12 Pin=U1-AR7
Added Pin To Net: NetName=DDR1_DQ12 Pin=U4-F9
Added Net: Name=DDR1_DQ12
Added Pin To Net: NetName=DDR1_DQ13 Pin=U1-AP8
Added Pin To Net: NetName=DDR1_DQ13 Pin=U4-E11
Added Net: Name=DDR1_DQ13
Added Pin To Net: NetName=DDR1_DQ14 Pin=U1-AN8
Added Pin To Net: NetName=DDR1_DQ14 Pin=U4-F11
Added Net: Name=DDR1_DQ14
Added Pin To Net: NetName=DDR1_DQ15 Pin=U1-AT11
Added Pin To Net: NetName=DDR1_DQ15 Pin=U4-B11
Added Net: Name=DDR1_DQ15
Added Pin To Net: NetName=DDR1_DQ16 Pin=U1-AE4
Added Pin To Net: NetName=DDR1_DQ16 Pin=U4-U2
Added Net: Name=DDR1_DQ16
Added Pin To Net: NetName=DDR1_DQ17 Pin=U1-AF2
Added Pin To Net: NetName=DDR1_DQ17 Pin=U4-V4
Added Net: Name=DDR1_DQ17
Added Pin To Net: NetName=DDR1_DQ18 Pin=U1-AG2
Added Pin To Net: NetName=DDR1_DQ18 Pin=U4-U4
Added Net: Name=DDR1_DQ18
Added Pin To Net: NetName=DDR1_DQ19 Pin=U1-AE1
Added Pin To Net: NetName=DDR1_DQ19 Pin=U4-Y2
Added Net: Name=DDR1_DQ19
Added Pin To Net: NetName=DDR1_DQ20 Pin=U1-AC3
Added Pin To Net: NetName=DDR1_DQ20 Pin=U4-AA4
Added Net: Name=DDR1_DQ20
Added Pin To Net: NetName=DDR1_DQ21 Pin=U1-AD2
Added Pin To Net: NetName=DDR1_DQ21 Pin=U4-AA2
Added Net: Name=DDR1_DQ21
Added Pin To Net: NetName=DDR1_DQ22 Pin=U1-AE3
Added Pin To Net: NetName=DDR1_DQ22 Pin=U4-V2
Added Net: Name=DDR1_DQ22
Added Pin To Net: NetName=DDR1_DQ23 Pin=U1-AC2
Added Pin To Net: NetName=DDR1_DQ23 Pin=U4-Y4
Added Net: Name=DDR1_DQ23
Added Pin To Net: NetName=DDR1_DQ24 Pin=U1-AB1
Added Pin To Net: NetName=DDR1_DQ24 Pin=U4-U9
Added Net: Name=DDR1_DQ24
Added Pin To Net: NetName=DDR1_DQ25 Pin=U1-AA3
Added Pin To Net: NetName=DDR1_DQ25 Pin=U4-U11
Added Net: Name=DDR1_DQ25
Added Pin To Net: NetName=DDR1_DQ26 Pin=U1-AA4
Added Pin To Net: NetName=DDR1_DQ26 Pin=U4-V11
Added Net: Name=DDR1_DQ26
Added Pin To Net: NetName=DDR1_DQ27 Pin=U1-AA2
Added Pin To Net: NetName=DDR1_DQ27 Pin=U4-V9
Added Net: Name=DDR1_DQ27
Added Pin To Net: NetName=DDR1_DQ28 Pin=U1-Y3
Added Pin To Net: NetName=DDR1_DQ28 Pin=U4-AA9
Added Net: Name=DDR1_DQ28
Added Pin To Net: NetName=DDR1_DQ29 Pin=U1-W4
Added Pin To Net: NetName=DDR1_DQ29 Pin=U4-AA11
Added Net: Name=DDR1_DQ29
Added Pin To Net: NetName=DDR1_DQ30 Pin=U1-W5
Added Pin To Net: NetName=DDR1_DQ30 Pin=U4-Y11
Added Net: Name=DDR1_DQ30
Added Pin To Net: NetName=DDR1_DQ31 Pin=U1-W3
Added Pin To Net: NetName=DDR1_DQ31 Pin=U1-Y2
Added Pin To Net: NetName=DDR1_DQ31 Pin=U4-Y9
Added Net: Name=DDR1_DQ31
Added Pin To Net: NetName=DDR1_DQM0 Pin=U1-AR6
Added Pin To Net: NetName=DDR1_DQM0 Pin=U4-C3
Added Net: Name=DDR1_DQM0
Added Pin To Net: NetName=DDR1_DQM1 Pin=U1-AP7
Added Pin To Net: NetName=DDR1_DQM1 Pin=U4-C10
Added Net: Name=DDR1_DQM1
Added Pin To Net: NetName=DDR1_DQM2 Pin=U1-AF3
Added Pin To Net: NetName=DDR1_DQM2 Pin=U4-Y3
Added Net: Name=DDR1_DQM2
Added Pin To Net: NetName=DDR1_DQM3 Pin=U1-W1
Added Pin To Net: NetName=DDR1_DQM3 Pin=U4-Y10
Added Net: Name=DDR1_DQM3
Added Pin To Net: NetName=DDR1_DQSN0 Pin=U1-AT6
Added Pin To Net: NetName=DDR1_DQSN0 Pin=U4-E3
Added Net: Name=DDR1_DQSN0
Added Pin To Net: NetName=DDR1_DQSN1 Pin=U1-AT7
Added Pin To Net: NetName=DDR1_DQSN1 Pin=U4-E10
Added Net: Name=DDR1_DQSN1
Added Pin To Net: NetName=DDR1_DQSN2 Pin=U1-AD3
Added Pin To Net: NetName=DDR1_DQSN2 Pin=U4-V3
Added Net: Name=DDR1_DQSN2
Added Pin To Net: NetName=DDR1_DQSN3 Pin=U1-AB3
Added Pin To Net: NetName=DDR1_DQSN3 Pin=U4-V10
Added Net: Name=DDR1_DQSN3
Added Pin To Net: NetName=DDR1_DQSP0 Pin=U1-AU6
Added Pin To Net: NetName=DDR1_DQSP0 Pin=U4-D3
Added Net: Name=DDR1_DQSP0
Added Pin To Net: NetName=DDR1_DQSP1 Pin=U1-AT8
Added Pin To Net: NetName=DDR1_DQSP1 Pin=U4-D10
Added Net: Name=DDR1_DQSP1
Added Pin To Net: NetName=DDR1_DQSP2 Pin=U1-AD4
Added Pin To Net: NetName=DDR1_DQSP2 Pin=U4-W3
Added Net: Name=DDR1_DQSP2
Added Pin To Net: NetName=DDR1_DQSP3 Pin=U1-AB4
Added Pin To Net: NetName=DDR1_DQSP3 Pin=U4-W10
Added Net: Name=DDR1_DQSP3
Added Pin To Net: NetName=DDR1_PVREF Pin=C149-1
Added Pin To Net: NetName=DDR1_PVREF Pin=U1-AK6
Added Net: Name=DDR1_PVREF
Added Pin To Net: NetName=DDR1_PZQ Pin=U1-AN7
Added Net: Name=DDR1_PZQ
Added Pin To Net: NetName=DDR1_RST Pin=U1-AL6
Added Pin To Net: NetName=DDR1_RST Pin=U4-T11
Added Net: Name=DDR1_RST
Added Pin To Net: NetName=DDR_ID Pin=U1-AD31
Added Net: Name=DDR_ID
Added Pin To Net: NetName=DMIC_VDD Pin=C141-1
Added Pin To Net: NetName=DMIC_VDD Pin=C142-1
Added Pin To Net: NetName=DMIC_VDD Pin=C143-1
Added Pin To Net: NetName=DMIC_VDD Pin=C144-1
Added Pin To Net: NetName=DMIC_VDD Pin=L6-2
Added Pin To Net: NetName=DMIC_VDD Pin=U15-2
Added Pin To Net: NetName=DMIC_VDD Pin=U16-2
Added Pin To Net: NetName=DMIC_VDD Pin=U16-4
Added Net: Name=DMIC_VDD
Added Pin To Net: NetName=DRAM1_VDD1_1V8 Pin=C71-1
Added Pin To Net: NetName=DRAM1_VDD1_1V8 Pin=C72-1
Added Pin To Net: NetName=DRAM1_VDD1_1V8 Pin=C73-1
Added Pin To Net: NetName=DRAM1_VDD1_1V8 Pin=C74-1
Added Pin To Net: NetName=DRAM1_VDD1_1V8 Pin=C75-1
Added Pin To Net: NetName=DRAM1_VDD1_1V8 Pin=C76-1
Added Pin To Net: NetName=DRAM1_VDD1_1V8 Pin=C77-1
Added Pin To Net: NetName=DRAM1_VDD1_1V8 Pin=C78-1
Added Net: Name=DRAM1_VDD1_1V8
Added Pin To Net: NetName=DRAM_VDD1_1V8 Pin=U4-F1
Added Pin To Net: NetName=DRAM_VDD1_1V8 Pin=U4-F12
Added Pin To Net: NetName=DRAM_VDD1_1V8 Pin=U4-G4
Added Pin To Net: NetName=DRAM_VDD1_1V8 Pin=U4-G9
Added Pin To Net: NetName=DRAM_VDD1_1V8 Pin=U4-T4
Added Pin To Net: NetName=DRAM_VDD1_1V8 Pin=U4-T9
Added Pin To Net: NetName=DRAM_VDD1_1V8 Pin=U4-U1
Added Pin To Net: NetName=DRAM_VDD1_1V8 Pin=U4-U12
Added Net: Name=DRAM_VDD1_1V8
Added Pin To Net: NetName=EMMC_EN Pin=Q5-1
Added Pin To Net: NetName=EMMC_EN Pin=R49-1
Added Pin To Net: NetName=EMMC_EN Pin=U3-11
Added Net: Name=EMMC_EN
Added Pin To Net: NetName=ENET_EXTRES Pin=R11-1
Added Pin To Net: NetName=ENET_EXTRES Pin=U1-AB28
Added Net: Name=ENET_EXTRES
Added Pin To Net: NetName=EVCC3V3 Pin=C124-1
Added Pin To Net: NetName=EVCC3V3 Pin=U6-7
Added Net: Name=EVCC3V3
Added Pin To Net: NetName=FAN_PWM Pin=R70-1
Added Pin To Net: NetName=FAN_PWM Pin=U3-19
Added Pin To Net: NetName=FAN_PWM Pin=U10-1
Added Net: Name=FAN_PWM
Added Pin To Net: NetName=GND Pin=*-8
Added Pin To Net: NetName=GND Pin=*-9
Added Pin To Net: NetName=GND Pin=*-15
Added Pin To Net: NetName=GND Pin=B1-4
Added Pin To Net: NetName=GND Pin=B1-9
Added Pin To Net: NetName=GND Pin=B2-1
Added Pin To Net: NetName=GND Pin=B2-3
Added Pin To Net: NetName=GND Pin=B2-4
Added Pin To Net: NetName=GND Pin=B2-5
Added Pin To Net: NetName=GND Pin=B2-6
Added Pin To Net: NetName=GND Pin=B2-7
Added Pin To Net: NetName=GND Pin=B2-8
Added Pin To Net: NetName=GND Pin=B2-10
Added Pin To Net: NetName=GND Pin=B2-11
Added Pin To Net: NetName=GND Pin=B2-23
Added Pin To Net: NetName=GND Pin=B2-27
Added Pin To Net: NetName=GND Pin=B2-30
Added Pin To Net: NetName=GND Pin=B2-32
Added Pin To Net: NetName=GND Pin=B2-39
Added Pin To Net: NetName=GND Pin=C1-2
Added Pin To Net: NetName=GND Pin=C2-2
Added Pin To Net: NetName=GND Pin=C3-2
Added Pin To Net: NetName=GND Pin=C4-2
Added Pin To Net: NetName=GND Pin=C5-2
Added Pin To Net: NetName=GND Pin=C6-2
Added Pin To Net: NetName=GND Pin=C7-2
Added Pin To Net: NetName=GND Pin=C8-2
Added Pin To Net: NetName=GND Pin=C9-2
Added Pin To Net: NetName=GND Pin=C10-2
Added Pin To Net: NetName=GND Pin=C11-2
Added Pin To Net: NetName=GND Pin=C12-1
Added Pin To Net: NetName=GND Pin=C12-2
Added Pin To Net: NetName=GND Pin=C13-2
Added Pin To Net: NetName=GND Pin=C14-2
Added Pin To Net: NetName=GND Pin=C15-2
Added Pin To Net: NetName=GND Pin=C16-2
Added Pin To Net: NetName=GND Pin=C17-2
Added Pin To Net: NetName=GND Pin=C18-2
Added Pin To Net: NetName=GND Pin=C19-2
Added Pin To Net: NetName=GND Pin=C20-2
Added Pin To Net: NetName=GND Pin=C21-2
Added Pin To Net: NetName=GND Pin=C22-2
Added Pin To Net: NetName=GND Pin=C23-2
Added Pin To Net: NetName=GND Pin=C24-2
Added Pin To Net: NetName=GND Pin=C25-2
Added Pin To Net: NetName=GND Pin=C26-2
Added Pin To Net: NetName=GND Pin=C27-2
Added Pin To Net: NetName=GND Pin=C28-2
Added Pin To Net: NetName=GND Pin=C29-2
Added Pin To Net: NetName=GND Pin=C30-2
Added Pin To Net: NetName=GND Pin=C31-2
Added Pin To Net: NetName=GND Pin=C32-2
Added Pin To Net: NetName=GND Pin=C33-2
Added Pin To Net: NetName=GND Pin=C34-2
Added Pin To Net: NetName=GND Pin=C35-2
Added Pin To Net: NetName=GND Pin=C36-2
Added Pin To Net: NetName=GND Pin=C37-2
Added Pin To Net: NetName=GND Pin=C38-2
Added Pin To Net: NetName=GND Pin=C39-2
Added Pin To Net: NetName=GND Pin=C40-2
Added Pin To Net: NetName=GND Pin=C41-2
Added Pin To Net: NetName=GND Pin=C42-2
Added Pin To Net: NetName=GND Pin=C43-2
Added Pin To Net: NetName=GND Pin=C44-2
Added Pin To Net: NetName=GND Pin=C45-2
Added Pin To Net: NetName=GND Pin=C46-2
Added Pin To Net: NetName=GND Pin=C47-2
Added Pin To Net: NetName=GND Pin=C48-2
Added Pin To Net: NetName=GND Pin=C49-2
Added Pin To Net: NetName=GND Pin=C50-2
Added Pin To Net: NetName=GND Pin=C51-2
Added Pin To Net: NetName=GND Pin=C52-2
Added Pin To Net: NetName=GND Pin=C53-2
Added Pin To Net: NetName=GND Pin=C54-2
Added Pin To Net: NetName=GND Pin=C55-2
Added Pin To Net: NetName=GND Pin=C56-2
Added Pin To Net: NetName=GND Pin=C57-2
Added Pin To Net: NetName=GND Pin=C58-2
Added Pin To Net: NetName=GND Pin=C59-2
Added Pin To Net: NetName=GND Pin=C60-2
Added Pin To Net: NetName=GND Pin=C61-2
Added Pin To Net: NetName=GND Pin=C62-2
Added Pin To Net: NetName=GND Pin=C63-2
Added Pin To Net: NetName=GND Pin=C64-2
Added Pin To Net: NetName=GND Pin=C65-2
Added Pin To Net: NetName=GND Pin=C66-2
Added Pin To Net: NetName=GND Pin=C67-2
Added Pin To Net: NetName=GND Pin=C68-2
Added Pin To Net: NetName=GND Pin=C69-2
Added Pin To Net: NetName=GND Pin=C70-2
Added Pin To Net: NetName=GND Pin=C71-2
Added Pin To Net: NetName=GND Pin=C72-2
Added Pin To Net: NetName=GND Pin=C73-2
Added Pin To Net: NetName=GND Pin=C74-2
Added Pin To Net: NetName=GND Pin=C75-2
Added Pin To Net: NetName=GND Pin=C76-2
Added Pin To Net: NetName=GND Pin=C77-2
Added Pin To Net: NetName=GND Pin=C78-2
Added Pin To Net: NetName=GND Pin=C79-2
Added Pin To Net: NetName=GND Pin=C80-1
Added Pin To Net: NetName=GND Pin=C81-2
Added Pin To Net: NetName=GND Pin=C82-2
Added Pin To Net: NetName=GND Pin=C83-2
Added Pin To Net: NetName=GND Pin=C84-2
Added Pin To Net: NetName=GND Pin=C85-2
Added Pin To Net: NetName=GND Pin=C86-2
Added Pin To Net: NetName=GND Pin=C87-2
Added Pin To Net: NetName=GND Pin=C88-2
Added Pin To Net: NetName=GND Pin=C89-2
Added Pin To Net: NetName=GND Pin=C90-2
Added Pin To Net: NetName=GND Pin=C91-2
Added Pin To Net: NetName=GND Pin=C92-2
Added Pin To Net: NetName=GND Pin=C93-2
Added Pin To Net: NetName=GND Pin=C94-2
Added Pin To Net: NetName=GND Pin=C95-2
Added Pin To Net: NetName=GND Pin=C96-2
Added Pin To Net: NetName=GND Pin=C97-2
Added Pin To Net: NetName=GND Pin=C98-2
Added Pin To Net: NetName=GND Pin=C99-2
Added Pin To Net: NetName=GND Pin=C100-2
Added Pin To Net: NetName=GND Pin=C101-2
Added Pin To Net: NetName=GND Pin=C102-2
Added Pin To Net: NetName=GND Pin=C103-2
Added Pin To Net: NetName=GND Pin=C104-2
Added Pin To Net: NetName=GND Pin=C105-2
Added Pin To Net: NetName=GND Pin=C106-2
Added Pin To Net: NetName=GND Pin=C107-2
Added Pin To Net: NetName=GND Pin=C108-2
Added Pin To Net: NetName=GND Pin=C109-2
Added Pin To Net: NetName=GND Pin=C110-2
Added Pin To Net: NetName=GND Pin=C111-2
Added Pin To Net: NetName=GND Pin=C112-2
Added Pin To Net: NetName=GND Pin=C113-2
Added Pin To Net: NetName=GND Pin=C114-2
Added Pin To Net: NetName=GND Pin=C115-2
Added Pin To Net: NetName=GND Pin=C116-2
Added Pin To Net: NetName=GND Pin=C117-2
Added Pin To Net: NetName=GND Pin=C118-2
Added Pin To Net: NetName=GND Pin=C119-2
Added Pin To Net: NetName=GND Pin=C120-2
Added Pin To Net: NetName=GND Pin=C121-2
Added Pin To Net: NetName=GND Pin=C122-2
Added Pin To Net: NetName=GND Pin=C123-2
Added Pin To Net: NetName=GND Pin=C124-2
Added Pin To Net: NetName=GND Pin=C125-2
Added Pin To Net: NetName=GND Pin=C126-2
Added Pin To Net: NetName=GND Pin=C127-2
Added Pin To Net: NetName=GND Pin=C128-2
Added Pin To Net: NetName=GND Pin=C129-2
Added Pin To Net: NetName=GND Pin=C130-2
Added Pin To Net: NetName=GND Pin=C131-2
Added Pin To Net: NetName=GND Pin=C132-2
Added Pin To Net: NetName=GND Pin=C133-2
Added Pin To Net: NetName=GND Pin=C137-2
Added Pin To Net: NetName=GND Pin=C138-2
Added Pin To Net: NetName=GND Pin=C139-2
Added Pin To Net: NetName=GND Pin=C140-2
Added Pin To Net: NetName=GND Pin=C141-2
Added Pin To Net: NetName=GND Pin=C142-2
Added Pin To Net: NetName=GND Pin=C143-2
Added Pin To Net: NetName=GND Pin=C144-2
Added Pin To Net: NetName=GND Pin=C145-2
Added Pin To Net: NetName=GND Pin=C146-2
Added Pin To Net: NetName=GND Pin=C147-2
Added Pin To Net: NetName=GND Pin=C148-2
Added Pin To Net: NetName=GND Pin=C149-2
Added Pin To Net: NetName=GND Pin=C150-2
Added Pin To Net: NetName=GND Pin=C151-2
Added Pin To Net: NetName=GND Pin=D11-1
Added Pin To Net: NetName=GND Pin=D13-2
Added Pin To Net: NetName=GND Pin=D14-2
Added Pin To Net: NetName=GND Pin=D15-1
Added Pin To Net: NetName=GND Pin=D16-1
Added Pin To Net: NetName=GND Pin=D17-1
Added Pin To Net: NetName=GND Pin=D18-1
Added Pin To Net: NetName=GND Pin=J1-2
Added Pin To Net: NetName=GND Pin=J1-3
Added Pin To Net: NetName=GND Pin=J1-4
Added Pin To Net: NetName=GND Pin=J2-1
Added Pin To Net: NetName=GND Pin=J2-4
Added Pin To Net: NetName=GND Pin=J2-7
Added Pin To Net: NetName=GND Pin=J2-10
Added Pin To Net: NetName=GND Pin=J2-13
Added Pin To Net: NetName=GND Pin=J2-16
Added Pin To Net: NetName=GND Pin=J2-26
Added Pin To Net: NetName=GND Pin=J2-27
Added Pin To Net: NetName=GND Pin=J2-31
Added Pin To Net: NetName=GND Pin=J2-32
Added Pin To Net: NetName=GND Pin=J3-1
Added Pin To Net: NetName=GND Pin=J3-4
Added Pin To Net: NetName=GND Pin=J3-7
Added Pin To Net: NetName=GND Pin=J3-10
Added Pin To Net: NetName=GND Pin=J3-13
Added Pin To Net: NetName=GND Pin=J3-16
Added Pin To Net: NetName=GND Pin=J3-22
Added Pin To Net: NetName=GND Pin=J3-23
Added Pin To Net: NetName=GND Pin=J3-24
Added Pin To Net: NetName=GND Pin=J3-25
Added Pin To Net: NetName=GND Pin=J3-35
Added Pin To Net: NetName=GND Pin=J3-40
Added Pin To Net: NetName=GND Pin=J3-41
Added Pin To Net: NetName=GND Pin=J3-42
Added Pin To Net: NetName=GND Pin=J4-27
Added Pin To Net: NetName=GND Pin=J4-28
Added Pin To Net: NetName=GND Pin=J4-29
Added Pin To Net: NetName=GND Pin=J4-30
Added Pin To Net: NetName=GND Pin=J4-31
Added Pin To Net: NetName=GND Pin=J4-32
Added Pin To Net: NetName=GND Pin=J5-3
Added Pin To Net: NetName=GND Pin=J5-4
Added Pin To Net: NetName=GND Pin=J5-MP1
Added Pin To Net: NetName=GND Pin=J5-MP2
Added Pin To Net: NetName=GND Pin=J6-3
Added Pin To Net: NetName=GND Pin=J6-S1
Added Pin To Net: NetName=GND Pin=J6-S2
Added Pin To Net: NetName=GND Pin=J7-A1
Added Pin To Net: NetName=GND Pin=J7-B1
Added Pin To Net: NetName=GND Pin=J7-MH1
Added Pin To Net: NetName=GND Pin=J7-MH2
Added Pin To Net: NetName=GND Pin=J7-MH3
Added Pin To Net: NetName=GND Pin=J7-MH4
Added Pin To Net: NetName=GND Pin=J8-3
Added Pin To Net: NetName=GND Pin=J8-4
Added Pin To Net: NetName=GND Pin=Q3-2
Added Pin To Net: NetName=GND Pin=Q4-2
Added Pin To Net: NetName=GND Pin=Q5-2
Added Pin To Net: NetName=GND Pin=Q6-2
Added Pin To Net: NetName=GND Pin=R1-2
Added Pin To Net: NetName=GND Pin=R4-1
Added Pin To Net: NetName=GND Pin=R11-2
Added Pin To Net: NetName=GND Pin=R16-2
Added Pin To Net: NetName=GND Pin=R18-2
Added Pin To Net: NetName=GND Pin=R21-2
Added Pin To Net: NetName=GND Pin=R24-2
Added Pin To Net: NetName=GND Pin=R25-1
Added Pin To Net: NetName=GND Pin=R30-2
Added Pin To Net: NetName=GND Pin=R32-2
Added Pin To Net: NetName=GND Pin=R34-2
Added Pin To Net: NetName=GND Pin=R38-2
Added Pin To Net: NetName=GND Pin=R39-2
Added Pin To Net: NetName=GND Pin=R40-2
Added Pin To Net: NetName=GND Pin=R46-2
Added Pin To Net: NetName=GND Pin=R49-2
Added Pin To Net: NetName=GND Pin=R50-1
Added Pin To Net: NetName=GND Pin=R55-2
Added Pin To Net: NetName=GND Pin=R66-2
Added Pin To Net: NetName=GND Pin=R67-1
Added Pin To Net: NetName=GND Pin=R71-1
Added Pin To Net: NetName=GND Pin=SW1-1
Added Pin To Net: NetName=GND Pin=SW1-A
Added Pin To Net: NetName=GND Pin=SW1-A'
Added Pin To Net: NetName=GND Pin=SW1-B'
Added Pin To Net: NetName=GND Pin=SW2-1
Added Pin To Net: NetName=GND Pin=SW2-A
Added Pin To Net: NetName=GND Pin=SW2-A'
Added Pin To Net: NetName=GND Pin=SW2-B'
Added Pin To Net: NetName=GND Pin=SW3-3
Added Pin To Net: NetName=GND Pin=SW3-4
Added Pin To Net: NetName=GND Pin=SW4-2
Added Pin To Net: NetName=GND Pin=U1-A1
Added Pin To Net: NetName=GND Pin=U1-A5
Added Pin To Net: NetName=GND Pin=U1-A33
Added Pin To Net: NetName=GND Pin=U1-AA5
Added Pin To Net: NetName=GND Pin=U1-AA9
Added Pin To Net: NetName=GND Pin=U1-AA11
Added Pin To Net: NetName=GND Pin=U1-AA14
Added Pin To Net: NetName=GND Pin=U1-AA17
Added Pin To Net: NetName=GND Pin=U1-AA18
Added Pin To Net: NetName=GND Pin=U1-AA26
Added Pin To Net: NetName=GND Pin=U1-AB2
Added Pin To Net: NetName=GND Pin=U1-AB5
Added Pin To Net: NetName=GND Pin=U1-AB10
Added Pin To Net: NetName=GND Pin=U1-AB11
Added Pin To Net: NetName=GND Pin=U1-AB13
Added Pin To Net: NetName=GND Pin=U1-AB14
Added Pin To Net: NetName=GND Pin=U1-AB16
Added Pin To Net: NetName=GND Pin=U1-AB17
Added Pin To Net: NetName=GND Pin=U1-AB18
Added Pin To Net: NetName=GND Pin=U1-AB20
Added Pin To Net: NetName=GND Pin=U1-AB22
Added Pin To Net: NetName=GND Pin=U1-AB24
Added Pin To Net: NetName=GND Pin=U1-AB26
Added Pin To Net: NetName=GND Pin=U1-AB33
Added Pin To Net: NetName=GND Pin=U1-AC1
Added Pin To Net: NetName=GND Pin=U1-AC8
Added Pin To Net: NetName=GND Pin=U1-AC9
Added Pin To Net: NetName=GND Pin=U1-AC10
Added Pin To Net: NetName=GND Pin=U1-AC14
Added Pin To Net: NetName=GND Pin=U1-AC17
Added Pin To Net: NetName=GND Pin=U1-AC18
Added Pin To Net: NetName=GND Pin=U1-AC19
Added Pin To Net: NetName=GND Pin=U1-AC20
Added Pin To Net: NetName=GND Pin=U1-AC21
Added Pin To Net: NetName=GND Pin=U1-AC22
Added Pin To Net: NetName=GND Pin=U1-AC23
Added Pin To Net: NetName=GND Pin=U1-AC24
Added Pin To Net: NetName=GND Pin=U1-AC25
Added Pin To Net: NetName=GND Pin=U1-AC26
Added Pin To Net: NetName=GND Pin=U1-AC29
Added Pin To Net: NetName=GND Pin=U1-AD5
Added Pin To Net: NetName=GND Pin=U1-AD9
Added Pin To Net: NetName=GND Pin=U1-AD11
Added Pin To Net: NetName=GND Pin=U1-AD13
Added Pin To Net: NetName=GND Pin=U1-AD14
Added Pin To Net: NetName=GND Pin=U1-AD16
Added Pin To Net: NetName=GND Pin=U1-AD17
Added Pin To Net: NetName=GND Pin=U1-AD19
Added Pin To Net: NetName=GND Pin=U1-AD22
Added Pin To Net: NetName=GND Pin=U1-AD24
Added Pin To Net: NetName=GND Pin=U1-AD25
Added Pin To Net: NetName=GND Pin=U1-AE2
Added Pin To Net: NetName=GND Pin=U1-AE10
Added Pin To Net: NetName=GND Pin=U1-AE11
Added Pin To Net: NetName=GND Pin=U1-AE14
Added Pin To Net: NetName=GND Pin=U1-AE17
Added Pin To Net: NetName=GND Pin=U1-AE24
Added Pin To Net: NetName=GND Pin=U1-AE32
Added Pin To Net: NetName=GND Pin=U1-AF1
Added Pin To Net: NetName=GND Pin=U1-AF5
Added Pin To Net: NetName=GND Pin=U1-AF8
Added Pin To Net: NetName=GND Pin=U1-AF9
Added Pin To Net: NetName=GND Pin=U1-AF10
Added Pin To Net: NetName=GND Pin=U1-AF13
Added Pin To Net: NetName=GND Pin=U1-AF14
Added Pin To Net: NetName=GND Pin=U1-AF15
Added Pin To Net: NetName=GND Pin=U1-AF16
Added Pin To Net: NetName=GND Pin=U1-AF17
Added Pin To Net: NetName=GND Pin=U1-AF18
Added Pin To Net: NetName=GND Pin=U1-AF19
Added Pin To Net: NetName=GND Pin=U1-AF20
Added Pin To Net: NetName=GND Pin=U1-AF21
Added Pin To Net: NetName=GND Pin=U1-AF22
Added Pin To Net: NetName=GND Pin=U1-AF23
Added Pin To Net: NetName=GND Pin=U1-AF24
Added Pin To Net: NetName=GND Pin=U1-AF25
Added Pin To Net: NetName=GND Pin=U1-AF26
Added Pin To Net: NetName=GND Pin=U1-AF29
Added Pin To Net: NetName=GND Pin=U1-AG9
Added Pin To Net: NetName=GND Pin=U1-AG11
Added Pin To Net: NetName=GND Pin=U1-AG14
Added Pin To Net: NetName=GND Pin=U1-AG15
Added Pin To Net: NetName=GND Pin=U1-AG16
Added Pin To Net: NetName=GND Pin=U1-AG17
Added Pin To Net: NetName=GND Pin=U1-AG18
Added Pin To Net: NetName=GND Pin=U1-AG20
Added Pin To Net: NetName=GND Pin=U1-AG22
Added Pin To Net: NetName=GND Pin=U1-AG24
Added Pin To Net: NetName=GND Pin=U1-AG25
Added Pin To Net: NetName=GND Pin=U1-AG26
Added Pin To Net: NetName=GND Pin=U1-AH2
Added Pin To Net: NetName=GND Pin=U1-AH5
Added Pin To Net: NetName=GND Pin=U1-AH8
Added Pin To Net: NetName=GND Pin=U1-AH10
Added Pin To Net: NetName=GND Pin=U1-AH11
Added Pin To Net: NetName=GND Pin=U1-AH12
Added Pin To Net: NetName=GND Pin=U1-AH13
Added Pin To Net: NetName=GND Pin=U1-AH14
Added Pin To Net: NetName=GND Pin=U1-AH15
Added Pin To Net: NetName=GND Pin=U1-AH16
Added Pin To Net: NetName=GND Pin=U1-AH17
Added Pin To Net: NetName=GND Pin=U1-AH18
Added Pin To Net: NetName=GND Pin=U1-AH24
Added Pin To Net: NetName=GND Pin=U1-AH26
Added Pin To Net: NetName=GND Pin=U1-AJ1
Added Pin To Net: NetName=GND Pin=U1-AJ5
Added Pin To Net: NetName=GND Pin=U1-AJ8
Added Pin To Net: NetName=GND Pin=U1-AJ9
Added Pin To Net: NetName=GND Pin=U1-AJ10
Added Pin To Net: NetName=GND Pin=U1-AJ12
Added Pin To Net: NetName=GND Pin=U1-AJ16
Added Pin To Net: NetName=GND Pin=U1-AJ18
Added Pin To Net: NetName=GND Pin=U1-AJ19
Added Pin To Net: NetName=GND Pin=U1-AJ20
Added Pin To Net: NetName=GND Pin=U1-AJ22
Added Pin To Net: NetName=GND Pin=U1-AJ23
Added Pin To Net: NetName=GND Pin=U1-AJ24
Added Pin To Net: NetName=GND Pin=U1-AJ25
Added Pin To Net: NetName=GND Pin=U1-AJ29
Added Pin To Net: NetName=GND Pin=U1-AJ31
Added Pin To Net: NetName=GND Pin=U1-AK5
Added Pin To Net: NetName=GND Pin=U1-AK9
Added Pin To Net: NetName=GND Pin=U1-AK11
Added Pin To Net: NetName=GND Pin=U1-AK12
Added Pin To Net: NetName=GND Pin=U1-AK14
Added Pin To Net: NetName=GND Pin=U1-AK15
Added Pin To Net: NetName=GND Pin=U1-AK16
Added Pin To Net: NetName=GND Pin=U1-AK17
Added Pin To Net: NetName=GND Pin=U1-AK19
Added Pin To Net: NetName=GND Pin=U1-AK20
Added Pin To Net: NetName=GND Pin=U1-AK21
Added Pin To Net: NetName=GND Pin=U1-AK22
Added Pin To Net: NetName=GND Pin=U1-AK26
Added Pin To Net: NetName=GND Pin=U1-AL2
Added Pin To Net: NetName=GND Pin=U1-AL8
Added Pin To Net: NetName=GND Pin=U1-AL10
Added Pin To Net: NetName=GND Pin=U1-AL12
Added Pin To Net: NetName=GND Pin=U1-AL13
Added Pin To Net: NetName=GND Pin=U1-AL14
Added Pin To Net: NetName=GND Pin=U1-AL15
Added Pin To Net: NetName=GND Pin=U1-AL18
Added Pin To Net: NetName=GND Pin=U1-AL20
Added Pin To Net: NetName=GND Pin=U1-AL21
Added Pin To Net: NetName=GND Pin=U1-AL22
Added Pin To Net: NetName=GND Pin=U1-AL23
Added Pin To Net: NetName=GND Pin=U1-AL24
Added Pin To Net: NetName=GND Pin=U1-AL26
Added Pin To Net: NetName=GND Pin=U1-AM2
Added Pin To Net: NetName=GND Pin=U1-AM5
Added Pin To Net: NetName=GND Pin=U1-AM8
Added Pin To Net: NetName=GND Pin=U1-AM9
Added Pin To Net: NetName=GND Pin=U1-AM11
Added Pin To Net: NetName=GND Pin=U1-AM26
Added Pin To Net: NetName=GND Pin=U1-AM29
Added Pin To Net: NetName=GND Pin=U1-AM31
Added Pin To Net: NetName=GND Pin=U1-AM33
Added Pin To Net: NetName=GND Pin=U1-AN5
Added Pin To Net: NetName=GND Pin=U1-AN9
Added Pin To Net: NetName=GND Pin=U1-AN13
Added Pin To Net: NetName=GND Pin=U1-AN16
Added Pin To Net: NetName=GND Pin=U1-AN17
Added Pin To Net: NetName=GND Pin=U1-AN19
Added Pin To Net: NetName=GND Pin=U1-AN22
Added Pin To Net: NetName=GND Pin=U1-AN25
Added Pin To Net: NetName=GND Pin=U1-AN26
Added Pin To Net: NetName=GND Pin=U1-AN29
Added Pin To Net: NetName=GND Pin=U1-AP2
Added Pin To Net: NetName=GND Pin=U1-AP10
Added Pin To Net: NetName=GND Pin=U1-AP31
Added Pin To Net: NetName=GND Pin=U1-AR10
Added Pin To Net: NetName=GND Pin=U1-AR13
Added Pin To Net: NetName=GND Pin=U1-AR16
Added Pin To Net: NetName=GND Pin=U1-AR19
Added Pin To Net: NetName=GND Pin=U1-AR22
Added Pin To Net: NetName=GND Pin=U1-AR25
Added Pin To Net: NetName=GND Pin=U1-AT3
Added Pin To Net: NetName=GND Pin=U1-AT9
Added Pin To Net: NetName=GND Pin=U1-AT12
Added Pin To Net: NetName=GND Pin=U1-AT20
Added Pin To Net: NetName=GND Pin=U1-AT28
Added Pin To Net: NetName=GND Pin=U1-AT31
Added Pin To Net: NetName=GND Pin=U1-AU1
Added Pin To Net: NetName=GND Pin=U1-AU5
Added Pin To Net: NetName=GND Pin=U1-AU7
Added Pin To Net: NetName=GND Pin=U1-AU10
Added Pin To Net: NetName=GND Pin=U1-AU33
Added Pin To Net: NetName=GND Pin=U1-B3
Added Pin To Net: NetName=GND Pin=U1-B6
Added Pin To Net: NetName=GND Pin=U1-B8
Added Pin To Net: NetName=GND Pin=U1-B11
Added Pin To Net: NetName=GND Pin=U1-B17
Added Pin To Net: NetName=GND Pin=U1-B23
Added Pin To Net: NetName=GND Pin=U1-B26
Added Pin To Net: NetName=GND Pin=U1-C2
Added Pin To Net: NetName=GND Pin=U1-C9
Added Pin To Net: NetName=GND Pin=U1-C11
Added Pin To Net: NetName=GND Pin=U1-C13
Added Pin To Net: NetName=GND Pin=U1-C16
Added Pin To Net: NetName=GND Pin=U1-C25
Added Pin To Net: NetName=GND Pin=U1-C29
Added Pin To Net: NetName=GND Pin=U1-D5
Added Pin To Net: NetName=GND Pin=U1-D11
Added Pin To Net: NetName=GND Pin=U1-D33
Added Pin To Net: NetName=GND Pin=U1-E1
Added Pin To Net: NetName=GND Pin=U1-E7
Added Pin To Net: NetName=GND Pin=U1-E9
Added Pin To Net: NetName=GND Pin=U1-E10
Added Pin To Net: NetName=GND Pin=U1-E13
Added Pin To Net: NetName=GND Pin=U1-E16
Added Pin To Net: NetName=GND Pin=U1-E19
Added Pin To Net: NetName=GND Pin=U1-E22
Added Pin To Net: NetName=GND Pin=U1-E25
Added Pin To Net: NetName=GND Pin=U1-E26
Added Pin To Net: NetName=GND Pin=U1-E29
Added Pin To Net: NetName=GND Pin=U1-F6
Added Pin To Net: NetName=GND Pin=U1-F23
Added Pin To Net: NetName=GND Pin=U1-F26
Added Pin To Net: NetName=GND Pin=U1-G2
Added Pin To Net: NetName=GND Pin=U1-G8
Added Pin To Net: NetName=GND Pin=U1-G10
Added Pin To Net: NetName=GND Pin=U1-G11
Added Pin To Net: NetName=GND Pin=U1-G13
Added Pin To Net: NetName=GND Pin=U1-G14
Added Pin To Net: NetName=GND Pin=U1-G15
Added Pin To Net: NetName=GND Pin=U1-G17
Added Pin To Net: NetName=GND Pin=U1-G19
Added Pin To Net: NetName=GND Pin=U1-G20
Added Pin To Net: NetName=GND Pin=U1-G22
Added Pin To Net: NetName=GND Pin=U1-G23
Added Pin To Net: NetName=GND Pin=U1-G24
Added Pin To Net: NetName=GND Pin=U1-G25
Added Pin To Net: NetName=GND Pin=U1-G26
Added Pin To Net: NetName=GND Pin=U1-H1
Added Pin To Net: NetName=GND Pin=U1-H5
Added Pin To Net: NetName=GND Pin=U1-H9
Added Pin To Net: NetName=GND Pin=U1-H11
Added Pin To Net: NetName=GND Pin=U1-H14
Added Pin To Net: NetName=GND Pin=U1-H17
Added Pin To Net: NetName=GND Pin=U1-H18
Added Pin To Net: NetName=GND Pin=U1-H19
Added Pin To Net: NetName=GND Pin=U1-H20
Added Pin To Net: NetName=GND Pin=U1-H23
Added Pin To Net: NetName=GND Pin=U1-H26
Added Pin To Net: NetName=GND Pin=U1-H29
Added Pin To Net: NetName=GND Pin=U1-J8
Added Pin To Net: NetName=GND Pin=U1-J9
Added Pin To Net: NetName=GND Pin=U1-J10
Added Pin To Net: NetName=GND Pin=U1-J13
Added Pin To Net: NetName=GND Pin=U1-J14
Added Pin To Net: NetName=GND Pin=U1-J16
Added Pin To Net: NetName=GND Pin=U1-J17
Added Pin To Net: NetName=GND Pin=U1-J18
Added Pin To Net: NetName=GND Pin=U1-J21
Added Pin To Net: NetName=GND Pin=U1-J22
Added Pin To Net: NetName=GND Pin=U1-J23
Added Pin To Net: NetName=GND Pin=U1-J24
Added Pin To Net: NetName=GND Pin=U1-J26
Added Pin To Net: NetName=GND Pin=U1-K2
Added Pin To Net: NetName=GND Pin=U1-K8
Added Pin To Net: NetName=GND Pin=U1-K10
Added Pin To Net: NetName=GND Pin=U1-K11
Added Pin To Net: NetName=GND Pin=U1-K14
Added Pin To Net: NetName=GND Pin=U1-K18
Added Pin To Net: NetName=GND Pin=U1-K22
Added Pin To Net: NetName=GND Pin=U1-K23
Added Pin To Net: NetName=GND Pin=U1-K25
Added Pin To Net: NetName=GND Pin=U1-K26
Added Pin To Net: NetName=GND Pin=U1-L1
Added Pin To Net: NetName=GND Pin=U1-L5
Added Pin To Net: NetName=GND Pin=U1-L9
Added Pin To Net: NetName=GND Pin=U1-L11
Added Pin To Net: NetName=GND Pin=U1-L13
Added Pin To Net: NetName=GND Pin=U1-L14
Added Pin To Net: NetName=GND Pin=U1-L16
Added Pin To Net: NetName=GND Pin=U1-L18
Added Pin To Net: NetName=GND Pin=U1-L19
Added Pin To Net: NetName=GND Pin=U1-L20
Added Pin To Net: NetName=GND Pin=U1-L21
Added Pin To Net: NetName=GND Pin=U1-L23
Added Pin To Net: NetName=GND Pin=U1-L24
Added Pin To Net: NetName=GND Pin=U1-L26
Added Pin To Net: NetName=GND Pin=U1-L29
Added Pin To Net: NetName=GND Pin=U1-L31
Added Pin To Net: NetName=GND Pin=U1-M8
Added Pin To Net: NetName=GND Pin=U1-M9
Added Pin To Net: NetName=GND Pin=U1-M10
Added Pin To Net: NetName=GND Pin=U1-M14
Added Pin To Net: NetName=GND Pin=U1-M17
Added Pin To Net: NetName=GND Pin=U1-M24
Added Pin To Net: NetName=GND Pin=U1-M26
Added Pin To Net: NetName=GND Pin=U1-N2
Added Pin To Net: NetName=GND Pin=U1-N6
Added Pin To Net: NetName=GND Pin=U1-N10
Added Pin To Net: NetName=GND Pin=U1-N11
Added Pin To Net: NetName=GND Pin=U1-N13
Added Pin To Net: NetName=GND Pin=U1-N14
Added Pin To Net: NetName=GND Pin=U1-N16
Added Pin To Net: NetName=GND Pin=U1-N17
Added Pin To Net: NetName=GND Pin=U1-N19
Added Pin To Net: NetName=GND Pin=U1-N21
Added Pin To Net: NetName=GND Pin=U1-N23
Added Pin To Net: NetName=GND Pin=U1-N24
Added Pin To Net: NetName=GND Pin=U1-N25
Added Pin To Net: NetName=GND Pin=U1-N26
Added Pin To Net: NetName=GND Pin=U1-P1
Added Pin To Net: NetName=GND Pin=U1-P5
Added Pin To Net: NetName=GND Pin=U1-P9
Added Pin To Net: NetName=GND Pin=U1-P11
Added Pin To Net: NetName=GND Pin=U1-P14
Added Pin To Net: NetName=GND Pin=U1-P17
Added Pin To Net: NetName=GND Pin=U1-P18
Added Pin To Net: NetName=GND Pin=U1-P19
Added Pin To Net: NetName=GND Pin=U1-P20
Added Pin To Net: NetName=GND Pin=U1-P21
Added Pin To Net: NetName=GND Pin=U1-P22
Added Pin To Net: NetName=GND Pin=U1-P23
Added Pin To Net: NetName=GND Pin=U1-P25
Added Pin To Net: NetName=GND Pin=U1-P26
Added Pin To Net: NetName=GND Pin=U1-P29
Added Pin To Net: NetName=GND Pin=U1-R5
Added Pin To Net: NetName=GND Pin=U1-R8
Added Pin To Net: NetName=GND Pin=U1-R9
Added Pin To Net: NetName=GND Pin=U1-R10
Added Pin To Net: NetName=GND Pin=U1-R13
Added Pin To Net: NetName=GND Pin=U1-R14
Added Pin To Net: NetName=GND Pin=U1-R16
Added Pin To Net: NetName=GND Pin=U1-R17
Added Pin To Net: NetName=GND Pin=U1-R24
Added Pin To Net: NetName=GND Pin=U1-R26
Added Pin To Net: NetName=GND Pin=U1-T2
Added Pin To Net: NetName=GND Pin=U1-T5
Added Pin To Net: NetName=GND Pin=U1-T8
Added Pin To Net: NetName=GND Pin=U1-T10
Added Pin To Net: NetName=GND Pin=U1-T11
Added Pin To Net: NetName=GND Pin=U1-T14
Added Pin To Net: NetName=GND Pin=U1-T17
Added Pin To Net: NetName=GND Pin=U1-T19
Added Pin To Net: NetName=GND Pin=U1-T21
Added Pin To Net: NetName=GND Pin=U1-T23
Added Pin To Net: NetName=GND Pin=U1-T24
Added Pin To Net: NetName=GND Pin=U1-T25
Added Pin To Net: NetName=GND Pin=U1-T26
Added Pin To Net: NetName=GND Pin=U1-U1
Added Pin To Net: NetName=GND Pin=U1-U9
Added Pin To Net: NetName=GND Pin=U1-U11
Added Pin To Net: NetName=GND Pin=U1-U12
Added Pin To Net: NetName=GND Pin=U1-U13
Added Pin To Net: NetName=GND Pin=U1-U14
Added Pin To Net: NetName=GND Pin=U1-U15
Added Pin To Net: NetName=GND Pin=U1-U16
Added Pin To Net: NetName=GND Pin=U1-U17
Added Pin To Net: NetName=GND Pin=U1-U18
Added Pin To Net: NetName=GND Pin=U1-U19
Added Pin To Net: NetName=GND Pin=U1-U20
Added Pin To Net: NetName=GND Pin=U1-U21
Added Pin To Net: NetName=GND Pin=U1-U22
Added Pin To Net: NetName=GND Pin=U1-U23
Added Pin To Net: NetName=GND Pin=U1-U24
Added Pin To Net: NetName=GND Pin=U1-U25
Added Pin To Net: NetName=GND Pin=U1-U29
Added Pin To Net: NetName=GND Pin=U1-U32
Added Pin To Net: NetName=GND Pin=U1-V6
Added Pin To Net: NetName=GND Pin=U1-V8
Added Pin To Net: NetName=GND Pin=U1-V9
Added Pin To Net: NetName=GND Pin=U1-V10
Added Pin To Net: NetName=GND Pin=U1-V12
Added Pin To Net: NetName=GND Pin=U1-V13
Added Pin To Net: NetName=GND Pin=U1-V15
Added Pin To Net: NetName=GND Pin=U1-V17
Added Pin To Net: NetName=GND Pin=U1-V18
Added Pin To Net: NetName=GND Pin=U1-V24
Added Pin To Net: NetName=GND Pin=U1-V26
Added Pin To Net: NetName=GND Pin=U1-W2
Added Pin To Net: NetName=GND Pin=U1-W10
Added Pin To Net: NetName=GND Pin=U1-W11
Added Pin To Net: NetName=GND Pin=U1-W12
Added Pin To Net: NetName=GND Pin=U1-W18
Added Pin To Net: NetName=GND Pin=U1-W20
Added Pin To Net: NetName=GND Pin=U1-W22
Added Pin To Net: NetName=GND Pin=U1-W24
Added Pin To Net: NetName=GND Pin=U1-W25
Added Pin To Net: NetName=GND Pin=U1-W26
Added Pin To Net: NetName=GND Pin=U1-W28
Added Pin To Net: NetName=GND Pin=U1-Y1
Added Pin To Net: NetName=GND Pin=U1-Y5
Added Pin To Net: NetName=GND Pin=U1-Y8
Added Pin To Net: NetName=GND Pin=U1-Y9
Added Pin To Net: NetName=GND Pin=U1-Y10
Added Pin To Net: NetName=GND Pin=U1-Y12
Added Pin To Net: NetName=GND Pin=U1-Y13
Added Pin To Net: NetName=GND Pin=U1-Y14
Added Pin To Net: NetName=GND Pin=U1-Y15
Added Pin To Net: NetName=GND Pin=U1-Y16
Added Pin To Net: NetName=GND Pin=U1-Y17
Added Pin To Net: NetName=GND Pin=U1-Y18
Added Pin To Net: NetName=GND Pin=U1-Y19
Added Pin To Net: NetName=GND Pin=U1-Y20
Added Pin To Net: NetName=GND Pin=U1-Y21
Added Pin To Net: NetName=GND Pin=U1-Y22
Added Pin To Net: NetName=GND Pin=U1-Y23
Added Pin To Net: NetName=GND Pin=U1-Y24
Added Pin To Net: NetName=GND Pin=U1-Y26
Added Pin To Net: NetName=GND Pin=U1-Y29
Added Pin To Net: NetName=GND Pin=U1-Y31
Added Pin To Net: NetName=GND Pin=U2-4
Added Pin To Net: NetName=GND Pin=U3-5
Added Pin To Net: NetName=GND Pin=U3-27
Added Pin To Net: NetName=GND Pin=U3-29
Added Pin To Net: NetName=GND Pin=U4-A3
Added Pin To Net: NetName=GND Pin=U4-A10
Added Pin To Net: NetName=GND Pin=U4-AB3
Added Pin To Net: NetName=GND Pin=U4-AB5
Added Pin To Net: NetName=GND Pin=U4-AB8
Added Pin To Net: NetName=GND Pin=U4-AB10
Added Pin To Net: NetName=GND Pin=U4-C1
Added Pin To Net: NetName=GND Pin=U4-C5
Added Pin To Net: NetName=GND Pin=U4-C8
Added Pin To Net: NetName=GND Pin=U4-C12
Added Pin To Net: NetName=GND Pin=U4-D2
Added Pin To Net: NetName=GND Pin=U4-D4
Added Pin To Net: NetName=GND Pin=U4-D9
Added Pin To Net: NetName=GND Pin=U4-D11
Added Pin To Net: NetName=GND Pin=U4-E1
Added Pin To Net: NetName=GND Pin=U4-E5
Added Pin To Net: NetName=GND Pin=U4-E8
Added Pin To Net: NetName=GND Pin=U4-E12
Added Pin To Net: NetName=GND Pin=U4-G1
Added Pin To Net: NetName=GND Pin=U4-G3
Added Pin To Net: NetName=GND Pin=U4-G5
Added Pin To Net: NetName=GND Pin=U4-G8
Added Pin To Net: NetName=GND Pin=U4-G10
Added Pin To Net: NetName=GND Pin=U4-G12
Added Pin To Net: NetName=GND Pin=U4-J1
Added Pin To Net: NetName=GND Pin=U4-J3
Added Pin To Net: NetName=GND Pin=U4-J10
Added Pin To Net: NetName=GND Pin=U4-J12
Added Pin To Net: NetName=GND Pin=U4-K2
Added Pin To Net: NetName=GND Pin=U4-K4
Added Pin To Net: NetName=GND Pin=U4-K9
Added Pin To Net: NetName=GND Pin=U4-K11
Added Pin To Net: NetName=GND Pin=U4-N2
Added Pin To Net: NetName=GND Pin=U4-N4
Added Pin To Net: NetName=GND Pin=U4-N9
Added Pin To Net: NetName=GND Pin=U4-N11
Added Pin To Net: NetName=GND Pin=U4-P1
Added Pin To Net: NetName=GND Pin=U4-P3
Added Pin To Net: NetName=GND Pin=U4-P10
Added Pin To Net: NetName=GND Pin=U4-P12
Added Pin To Net: NetName=GND Pin=U4-T1
Added Pin To Net: NetName=GND Pin=U4-T3
Added Pin To Net: NetName=GND Pin=U4-T5
Added Pin To Net: NetName=GND Pin=U4-T8
Added Pin To Net: NetName=GND Pin=U4-T10
Added Pin To Net: NetName=GND Pin=U4-T12
Added Pin To Net: NetName=GND Pin=U4-V1
Added Pin To Net: NetName=GND Pin=U4-V5
Added Pin To Net: NetName=GND Pin=U4-V8
Added Pin To Net: NetName=GND Pin=U4-V12
Added Pin To Net: NetName=GND Pin=U4-W2
Added Pin To Net: NetName=GND Pin=U4-W4
Added Pin To Net: NetName=GND Pin=U4-W9
Added Pin To Net: NetName=GND Pin=U4-W11
Added Pin To Net: NetName=GND Pin=U4-Y1
Added Pin To Net: NetName=GND Pin=U4-Y5
Added Pin To Net: NetName=GND Pin=U4-Y8
Added Pin To Net: NetName=GND Pin=U4-Y12
Added Pin To Net: NetName=GND Pin=U5-A6
Added Pin To Net: NetName=GND Pin=U5-C4
Added Pin To Net: NetName=GND Pin=U5-E7
Added Pin To Net: NetName=GND Pin=U5-G5
Added Pin To Net: NetName=GND Pin=U5-H10
Added Pin To Net: NetName=GND Pin=U5-J5
Added Pin To Net: NetName=GND Pin=U5-K8
Added Pin To Net: NetName=GND Pin=U5-N2
Added Pin To Net: NetName=GND Pin=U5-N5
Added Pin To Net: NetName=GND Pin=U5-P4
Added Pin To Net: NetName=GND Pin=U5-P6
Added Pin To Net: NetName=GND Pin=U6-5
Added Pin To Net: NetName=GND Pin=U6-9
Added Pin To Net: NetName=GND Pin=U7-9
Added Pin To Net: NetName=GND Pin=U8-3
Added Pin To Net: NetName=GND Pin=U9-3
Added Pin To Net: NetName=GND Pin=U10-3
Added Pin To Net: NetName=GND Pin=U11-3
Added Pin To Net: NetName=GND Pin=U12-3
Added Pin To Net: NetName=GND Pin=U12-11
Added Pin To Net: NetName=GND Pin=U12-15
Added Pin To Net: NetName=GND Pin=U12-17
Added Pin To Net: NetName=GND Pin=U13-3
Added Pin To Net: NetName=GND Pin=U14-3
Added Pin To Net: NetName=GND Pin=U15-4
Added Pin To Net: NetName=GND Pin=U15-5
Added Pin To Net: NetName=GND Pin=U16-5
Added Pin To Net: NetName=GND Pin=U17-3
Added Pin To Net: NetName=GND Pin=U18-3
Added Pin To Net: NetName=GND Pin=U19-3
Added Pin To Net: NetName=GND Pin=U20-3
Added Pin To Net: NetName=GND Pin=U21-3
Added Pin To Net: NetName=GND Pin=U22-3
Added Pin To Net: NetName=GND Pin=U23-3
Added Pin To Net: NetName=GND Pin=U24-3
Added Pin To Net: NetName=GND Pin=U25-3
Added Pin To Net: NetName=GND Pin=U26-3
Added Pin To Net: NetName=GND Pin=X1-2
Added Pin To Net: NetName=GND Pin=X1-4
Added Pin To Net: NetName=GND Pin=Y2-2
Added Pin To Net: NetName=GND Pin=Y2-4
Added Net: Name=GND
Added Pin To Net: NetName=GPIOD_5/IR_IN Pin=U1-B13
Added Net: Name=GPIOD_5/IR_IN
Added Pin To Net: NetName=GPIOD_7 Pin=J4-14
Added Pin To Net: NetName=GPIOD_7 Pin=U1-E12
Added Net: Name=GPIOD_7
Added Pin To Net: NetName=GPIOH_0 Pin=J4-18
Added Pin To Net: NetName=GPIOH_0 Pin=U1-R28
Added Net: Name=GPIOH_0
Added Pin To Net: NetName=GPIOT_18 Pin=U1-N28
Added Pin To Net: NetName=GPIOT_18 Pin=U11-4
Added Net: Name=GPIOT_18
Added Pin To Net: NetName=HOST_WAKE_BT Pin=R51-1
Added Pin To Net: NetName=HOST_WAKE_BT Pin=R53-2
Added Pin To Net: NetName=HOST_WAKE_BT Pin=U1-D17
Added Net: Name=HOST_WAKE_BT
Added Pin To Net: NetName=HW_ID Pin=R19-1
Added Pin To Net: NetName=HW_ID Pin=R25-2
Added Pin To Net: NetName=HW_ID Pin=U1-AE29
Added Net: Name=HW_ID
Added Pin To Net: NetName=I2CM_AO_SCL Pin=R23-1
Added Pin To Net: NetName=I2CM_AO_SCL Pin=R77-2
Added Pin To Net: NetName=I2CM_AO_SCL Pin=U1-F11
Added Pin To Net: NetName=I2CM_AO_SCL Pin=U2-6
Added Pin To Net: NetName=I2CM_AO_SCL Pin=U3-30
Added Net: Name=I2CM_AO_SCL
Added Pin To Net: NetName=I2CM_AO_SDA Pin=R20-1
Added Pin To Net: NetName=I2CM_AO_SDA Pin=R78-2
Added Pin To Net: NetName=I2CM_AO_SDA Pin=U1-E14
Added Pin To Net: NetName=I2CM_AO_SDA Pin=U2-5
Added Pin To Net: NetName=I2CM_AO_SDA Pin=U3-31
Added Net: Name=I2CM_AO_SDA
Added Pin To Net: NetName=I2S_LRCLK1 Pin=U1-N29
Added Pin To Net: NetName=I2S_LRCLK1 Pin=U12-14
Added Net: Name=I2S_LRCLK1
Added Pin To Net: NetName=I2S_MCLK1 Pin=U1-P32
Added Net: Name=I2S_MCLK1
Added Pin To Net: NetName=I2S_SCLK1 Pin=U1-P33
Added Pin To Net: NetName=I2S_SCLK1 Pin=U12-16
Added Net: Name=I2S_SCLK1
Added Pin To Net: NetName=I2S_SDI1 Pin=U1-P31
Added Net: Name=I2S_SDI1
Added Pin To Net: NetName=I2S_SDO1 Pin=U1-N33
Added Pin To Net: NetName=I2S_SDO1 Pin=U12-1
Added Net: Name=I2S_SDO1
Added Pin To Net: NetName=LCD_BL_PWM Pin=J3-21
Added Pin To Net: NetName=LCD_BL_PWM Pin=U1-AM14
Added Net: Name=LCD_BL_PWM
Added Pin To Net: NetName=LCD_EN Pin=J3-19
Added Pin To Net: NetName=LCD_EN Pin=U1-AN14
Added Net: Name=LCD_EN
Added Pin To Net: NetName=LCD_RESET Pin=J3-20
Added Pin To Net: NetName=LCD_RESET Pin=U1-AR21
Added Net: Name=LCD_RESET
Added Pin To Net: NetName=MCU_BOOT_CTRL Pin=Q2-1
Added Pin To Net: NetName=MCU_BOOT_CTRL Pin=R39-1
Added Net: Name=MCU_BOOT_CTRL
Added Pin To Net: NetName=MCU_I2C2_SCL Pin=U3-22
Added Net: Name=MCU_I2C2_SCL
Added Pin To Net: NetName=MCU_I2C2_SDA Pin=U3-23
Added Net: Name=MCU_I2C2_SDA
Added Pin To Net: NetName=MCU_NMI Pin=R31-1
Added Pin To Net: NetName=MCU_NMI Pin=U3-16
Added Net: Name=MCU_NMI
Added Pin To Net: NetName=MCU_PA0 Pin=U3-7
Added Net: Name=MCU_PA0
Added Pin To Net: NetName=MCU_PA15 Pin=U3-26
Added Net: Name=MCU_PA15
Added Pin To Net: NetName=MCU_PWR_CTRL Pin=D6-2
Added Pin To Net: NetName=MCU_PWR_CTRL Pin=R34-1
Added Pin To Net: NetName=MCU_PWR_CTRL Pin=U3-15
Added Net: Name=MCU_PWR_CTRL
Added Pin To Net: NetName=MCU_PWR_KEY Pin=R26-2
Added Pin To Net: NetName=MCU_PWR_KEY Pin=R64-2
Added Pin To Net: NetName=MCU_PWR_KEY Pin=U3-28
Added Net: Name=MCU_PWR_KEY
Added Pin To Net: NetName=MCU_RST Pin=C47-1
Added Pin To Net: NetName=MCU_RST Pin=Q1-3
Added Pin To Net: NetName=MCU_RST Pin=R27-1
Added Pin To Net: NetName=MCU_RST Pin=U3-6
Added Net: Name=MCU_RST
Added Pin To Net: NetName=MCU_RST_CTRL Pin=Q1-1
Added Pin To Net: NetName=MCU_RST_CTRL Pin=U1-J29
Added Net: Name=MCU_RST_CTRL
Added Pin To Net: NetName=MCU_SWCLK Pin=Q2-2
Added Pin To Net: NetName=MCU_SWCLK Pin=R40-1
Added Pin To Net: NetName=MCU_SWCLK Pin=U3-25
Added Net: Name=MCU_SWCLK
Added Pin To Net: NetName=MCU_SWDIO Pin=U3-24
Added Net: Name=MCU_SWDIO
Added Pin To Net: NetName=MCU_USART2_RX Pin=U3-10
Added Net: Name=MCU_USART2_RX
Added Pin To Net: NetName=MCU_USART2_TX Pin=U3-9
Added Net: Name=MCU_USART2_TX
Added Pin To Net: NetName=MIPI_DSI_CLKN Pin=J3-8
Added Pin To Net: NetName=MIPI_DSI_CLKN Pin=U1-AU19
Added Net: Name=MIPI_DSI_CLKN
Added Pin To Net: NetName=MIPI_DSI_CLKP Pin=J3-9
Added Pin To Net: NetName=MIPI_DSI_CLKP Pin=U1-AT19
Added Net: Name=MIPI_DSI_CLKP
Added Pin To Net: NetName=MIPI_DSI_D0N Pin=J3-14
Added Pin To Net: NetName=MIPI_DSI_D0N Pin=U1-AM18
Added Net: Name=MIPI_DSI_D0N
Added Pin To Net: NetName=MIPI_DSI_D0P Pin=J3-15
Added Pin To Net: NetName=MIPI_DSI_D0P Pin=U1-AN18
Added Net: Name=MIPI_DSI_D0P
Added Pin To Net: NetName=MIPI_DSI_D1N Pin=J3-11
Added Pin To Net: NetName=MIPI_DSI_D1N Pin=U1-AR18
Added Net: Name=MIPI_DSI_D1N
Added Pin To Net: NetName=MIPI_DSI_D1P Pin=J3-12
Added Pin To Net: NetName=MIPI_DSI_D1P Pin=U1-AP18
Added Net: Name=MIPI_DSI_D1P
Added Pin To Net: NetName=MIPI_DSI_D2N Pin=J3-5
Added Pin To Net: NetName=MIPI_DSI_D2N Pin=U1-AR17
Added Net: Name=MIPI_DSI_D2N
Added Pin To Net: NetName=MIPI_DSI_D2P Pin=J3-6
Added Pin To Net: NetName=MIPI_DSI_D2P Pin=U1-AP17
Added Net: Name=MIPI_DSI_D2P
Added Pin To Net: NetName=MIPI_DSI_D3N Pin=J3-2
Added Pin To Net: NetName=MIPI_DSI_D3N Pin=U1-AU18
Added Net: Name=MIPI_DSI_D3N
Added Pin To Net: NetName=MIPI_DSI_D3P Pin=J3-3
Added Pin To Net: NetName=MIPI_DSI_D3P Pin=U1-AT18
Added Net: Name=MIPI_DSI_D3P
Added Pin To Net: NetName=Net*_6 Pin=*-6
Added Pin To Net: NetName=Net*_6 Pin=R77-1
Added Net: Name=Net*_6
Added Pin To Net: NetName=Net*_7 Pin=*-7
Added Pin To Net: NetName=Net*_7 Pin=R78-1
Added Net: Name=Net*_7
Added Pin To Net: NetName=NetB2_13 Pin=B2-13
Added Pin To Net: NetName=NetB2_13 Pin=C126-1
Added Pin To Net: NetName=NetB2_13 Pin=Y2-1
Added Net: Name=NetB2_13
Added Pin To Net: NetName=NetB2_14 Pin=B2-14
Added Pin To Net: NetName=NetB2_14 Pin=R54-2
Added Net: Name=NetB2_14
Added Pin To Net: NetName=NetB2_16 Pin=B2-16
Added Pin To Net: NetName=NetB2_16 Pin=R56-2
Added Net: Name=NetB2_16
Added Pin To Net: NetName=NetB2_25 Pin=B2-25
Added Pin To Net: NetName=NetB2_25 Pin=C130-1
Added Pin To Net: NetName=NetB2_25 Pin=L4-1
Added Net: Name=NetB2_25
Added Pin To Net: NetName=NetB2_26 Pin=B2-26
Added Pin To Net: NetName=NetB2_26 Pin=L4-2
Added Net: Name=NetB2_26
Added Pin To Net: NetName=NetB2_28 Pin=B2-28
Added Pin To Net: NetName=NetB2_28 Pin=L5-2
Added Net: Name=NetB2_28
Added Pin To Net: NetName=NetB2_29 Pin=B2-29
Added Pin To Net: NetName=NetB2_29 Pin=C138-1
Added Pin To Net: NetName=NetB2_29 Pin=L5-1
Added Net: Name=NetB2_29
Added Pin To Net: NetName=NetB2_31 Pin=B2-31
Added Pin To Net: NetName=NetB2_31 Pin=R72-2
Added Net: Name=NetB2_31
Added Pin To Net: NetName=NetB2_34 Pin=B2-34
Added Pin To Net: NetName=NetB2_34 Pin=C132-1
Added Net: Name=NetB2_34
Added Pin To Net: NetName=NetB2_49 Pin=B2-49
Added Pin To Net: NetName=NetB2_49 Pin=R53-1
Added Net: Name=NetB2_49
Added Pin To Net: NetName=NetB2_50 Pin=B2-50
Added Pin To Net: NetName=NetB2_50 Pin=R52-1
Added Net: Name=NetB2_50
Added Pin To Net: NetName=NetC9_1 Pin=C9-1
Added Pin To Net: NetName=NetC9_1 Pin=R6-1
Added Pin To Net: NetName=NetC9_1 Pin=X1-1
Added Net: Name=NetC9_1
Added Pin To Net: NetName=NetC14_1 Pin=C14-1
Added Pin To Net: NetName=NetC14_1 Pin=U2-1
Added Pin To Net: NetName=NetC14_1 Pin=Y1-2
Added Net: Name=NetC14_1
Added Pin To Net: NetName=NetC15_1 Pin=C15-1
Added Pin To Net: NetName=NetC15_1 Pin=U2-2
Added Pin To Net: NetName=NetC15_1 Pin=Y1-1
Added Net: Name=NetC15_1
Added Pin To Net: NetName=NetC23_1 Pin=C23-1
Added Pin To Net: NetName=NetC23_1 Pin=D3-2
Added Pin To Net: NetName=NetC23_1 Pin=R17-1
Added Pin To Net: NetName=NetC23_1 Pin=R22-1
Added Net: Name=NetC23_1
Added Pin To Net: NetName=NetC40_1 Pin=C40-1
Added Pin To Net: NetName=NetC40_1 Pin=D4-2
Added Pin To Net: NetName=NetC40_1 Pin=R26-1
Added Pin To Net: NetName=NetC40_1 Pin=R28-1
Added Net: Name=NetC40_1
Added Pin To Net: NetName=NetC79_1 Pin=C79-1
Added Pin To Net: NetName=NetC79_1 Pin=D8-2
Added Pin To Net: NetName=NetC79_1 Pin=R35-1
Added Pin To Net: NetName=NetC79_1 Pin=R37-1
Added Net: Name=NetC79_1
Added Pin To Net: NetName=NetC121_1 Pin=C121-1
Added Pin To Net: NetName=NetC121_1 Pin=U5-C2
Added Net: Name=NetC121_1
Added Pin To Net: NetName=NetC125_1 Pin=C125-1
Added Pin To Net: NetName=NetC125_1 Pin=D10-2
Added Pin To Net: NetName=NetC125_1 Pin=R57-1
Added Pin To Net: NetName=NetC125_1 Pin=R60-1
Added Net: Name=NetC125_1
Added Pin To Net: NetName=NetC127_1 Pin=C127-1
Added Pin To Net: NetName=NetC127_1 Pin=R54-1
Added Pin To Net: NetName=NetC127_1 Pin=Y2-3
Added Net: Name=NetC127_1
Added Pin To Net: NetName=NetC131_1 Pin=C131-1
Added Pin To Net: NetName=NetC131_1 Pin=U7-11
Added Net: Name=NetC131_1
Added Pin To Net: NetName=NetC133_1 Pin=C133-1
Added Pin To Net: NetName=NetC133_1 Pin=D12-2
Added Pin To Net: NetName=NetC133_1 Pin=R64-1
Added Pin To Net: NetName=NetC133_1 Pin=R68-1
Added Net: Name=NetC133_1
Added Pin To Net: NetName=NetC134_2 Pin=C134-2
Added Pin To Net: NetName=NetC134_2 Pin=C135-2
Added Pin To Net: NetName=NetC134_2 Pin=C136-2
Added Pin To Net: NetName=NetC134_2 Pin=U7-12
Added Net: Name=NetC134_2
Added Pin To Net: NetName=NetC137_1 Pin=C137-1
Added Pin To Net: NetName=NetC137_1 Pin=D10-1
Added Pin To Net: NetName=NetC137_1 Pin=D12-1
Added Pin To Net: NetName=NetC137_1 Pin=D14-1
Added Pin To Net: NetName=NetC137_1 Pin=SW3-1
Added Pin To Net: NetName=NetC137_1 Pin=SW3-2
Added Net: Name=NetC137_1
Added Pin To Net: NetName=NetD1_1 Pin=D1-1
Added Pin To Net: NetName=NetD1_1 Pin=D2-1
Added Pin To Net: NetName=NetD1_1 Pin=U2-8
Added Net: Name=NetD1_1
Added Pin To Net: NetName=NetD2_2 Pin=D2-2
Added Pin To Net: NetName=NetD2_2 Pin=J1-1
Added Net: Name=NetD2_2
Added Pin To Net: NetName=NetD3_1 Pin=D3-1
Added Pin To Net: NetName=NetD3_1 Pin=D4-1
Added Pin To Net: NetName=NetD3_1 Pin=SW1-B
Added Net: Name=NetD3_1
Added Pin To Net: NetName=NetD5_1 Pin=D5-1
Added Pin To Net: NetName=NetD5_1 Pin=D6-1
Added Pin To Net: NetName=NetD5_1 Pin=D9-1
Added Net: Name=NetD5_1
Added Pin To Net: NetName=NetD7_1 Pin=D7-1
Added Pin To Net: NetName=NetD7_1 Pin=D8-1
Added Pin To Net: NetName=NetD7_1 Pin=SW2-B
Added Net: Name=NetD7_1
Added Pin To Net: NetName=NetD7_2 Pin=D7-2
Added Pin To Net: NetName=NetD7_2 Pin=R33-1
Added Net: Name=NetD7_2
Added Pin To Net: NetName=NetJ6_2 Pin=J6-2
Added Pin To Net: NetName=NetJ6_2 Pin=R70-2
Added Net: Name=NetJ6_2
Added Pin To Net: NetName=NetJ8_1 Pin=J8-1
Added Pin To Net: NetName=NetJ8_1 Pin=U12-9
Added Net: Name=NetJ8_1
Added Pin To Net: NetName=NetJ8_2 Pin=J8-2
Added Pin To Net: NetName=NetJ8_2 Pin=U12-10
Added Net: Name=NetJ8_2
Added Pin To Net: NetName=NetL1_2 Pin=L1-2
Added Pin To Net: NetName=NetL1_2 Pin=U1-A27
Added Net: Name=NetL1_2
Added Pin To Net: NetName=NetQ1_2 Pin=Q1-2
Added Pin To Net: NetName=NetQ1_2 Pin=R32-1
Added Net: Name=NetQ1_2
Added Pin To Net: NetName=NetQ3_3 Pin=Q3-3
Added Pin To Net: NetName=NetQ3_3 Pin=R44-2
Added Net: Name=NetQ3_3
Added Pin To Net: NetName=NetQ4_3 Pin=Q4-3
Added Pin To Net: NetName=NetQ4_3 Pin=R43-2
Added Net: Name=NetQ4_3
Added Pin To Net: NetName=NetQ5_3 Pin=Q5-3
Added Pin To Net: NetName=NetQ5_3 Pin=R47-2
Added Net: Name=NetQ5_3
Added Pin To Net: NetName=NetQ6_1 Pin=Q6-1
Added Pin To Net: NetName=NetQ6_1 Pin=R58-2
Added Net: Name=NetQ6_1
Added Pin To Net: NetName=NetQ6_3 Pin=Q6-3
Added Pin To Net: NetName=NetQ6_3 Pin=R59-2
Added Pin To Net: NetName=NetQ6_3 Pin=U6-3
Added Net: Name=NetQ6_3
Added Pin To Net: NetName=NetR1_1 Pin=R1-1
Added Pin To Net: NetName=NetR1_1 Pin=U1-B15
Added Net: Name=NetR1_1
Added Pin To Net: NetName=NetR4_2 Pin=R4-2
Added Pin To Net: NetName=NetR4_2 Pin=U1-A15
Added Net: Name=NetR4_2
Added Pin To Net: NetName=NetR6_2 Pin=R6-2
Added Pin To Net: NetName=NetR6_2 Pin=U1-B16
Added Net: Name=NetR6_2
Added Pin To Net: NetName=NetR55_1 Pin=R55-1
Added Pin To Net: NetName=NetR55_1 Pin=U6-4
Added Net: Name=NetR55_1
Added Pin To Net: NetName=NetR63_2 Pin=R63-2
Added Pin To Net: NetName=NetR63_2 Pin=U7-6
Added Net: Name=NetR63_2
Added Pin To Net: NetName=NetR65_2 Pin=R65-2
Added Pin To Net: NetName=NetR65_2 Pin=R67-2
Added Pin To Net: NetName=NetR65_2 Pin=U7-5
Added Net: Name=NetR65_2
Added Pin To Net: NetName=NetR66_1 Pin=R66-1
Added Pin To Net: NetName=NetR66_1 Pin=U7-10
Added Net: Name=NetR66_1
Added Pin To Net: NetName=NetR69_2 Pin=R69-2
Added Pin To Net: NetName=NetR69_2 Pin=R71-2
Added Pin To Net: NetName=NetR69_2 Pin=U7-4
Added Net: Name=NetR69_2
Added Pin To Net: NetName=NetR73_2 Pin=R73-2
Added Pin To Net: NetName=NetR73_2 Pin=R74-2
Added Pin To Net: NetName=NetR73_2 Pin=U7-3
Added Net: Name=NetR73_2
Added Pin To Net: NetName=NetR79_1 Pin=R79-1
Added Pin To Net: NetName=NetR79_1 Pin=U7-1
Added Net: Name=NetR79_1
Added Pin To Net: NetName=NetSW4_1 Pin=SW4-1
Added Pin To Net: NetName=NetSW4_1 Pin=U15-1
Added Pin To Net: NetName=NetSW4_1 Pin=U16-1
Added Net: Name=NetSW4_1
Added Pin To Net: NetName=NetU1_A16 Pin=U1-A16
Added Pin To Net: NetName=NetU1_A16 Pin=X1-3
Added Net: Name=NetU1_A16
Added Pin To Net: NetName=NetU8_2 Pin=U8-2
Added Pin To Net: NetName=NetU8_2 Pin=U14-4
Added Net: Name=NetU8_2
Added Pin To Net: NetName=NetU8_4 Pin=U8-4
Added Pin To Net: NetName=NetU8_4 Pin=U9-2
Added Net: Name=NetU8_4
Added Pin To Net: NetName=NetU9_4 Pin=U9-4
Added Pin To Net: NetName=NetU9_4 Pin=U10-2
Added Net: Name=NetU9_4
Added Pin To Net: NetName=NetU10_4 Pin=U10-4
Added Pin To Net: NetName=NetU10_4 Pin=U11-2
Added Net: Name=NetU10_4
Added Pin To Net: NetName=NetU13_2 Pin=U13-2
Added Pin To Net: NetName=NetU13_2 Pin=U18-4
Added Net: Name=NetU13_2
Added Pin To Net: NetName=NetU13_4 Pin=U13-4
Added Pin To Net: NetName=NetU13_4 Pin=U14-2
Added Net: Name=NetU13_4
Added Pin To Net: NetName=NetU17_2 Pin=U17-2
Added Pin To Net: NetName=NetU17_2 Pin=U20-4
Added Net: Name=NetU17_2
Added Pin To Net: NetName=NetU17_4 Pin=U17-4
Added Pin To Net: NetName=NetU17_4 Pin=U18-2
Added Net: Name=NetU17_4
Added Pin To Net: NetName=NetU19_2 Pin=U19-2
Added Pin To Net: NetName=NetU19_2 Pin=U22-4
Added Net: Name=NetU19_2
Added Pin To Net: NetName=NetU19_4 Pin=U19-4
Added Pin To Net: NetName=NetU19_4 Pin=U20-2
Added Net: Name=NetU19_4
Added Pin To Net: NetName=NetU21_2 Pin=U21-2
Added Pin To Net: NetName=NetU21_2 Pin=U24-4
Added Net: Name=NetU21_2
Added Pin To Net: NetName=NetU21_4 Pin=U21-4
Added Pin To Net: NetName=NetU21_4 Pin=U22-2
Added Net: Name=NetU21_4
Added Pin To Net: NetName=NetU23_2 Pin=U23-2
Added Pin To Net: NetName=NetU23_2 Pin=U26-4
Added Net: Name=NetU23_2
Added Pin To Net: NetName=NetU23_4 Pin=U23-4
Added Pin To Net: NetName=NetU23_4 Pin=U24-2
Added Net: Name=NetU23_4
Added Pin To Net: NetName=NetU25_4 Pin=U25-4
Added Pin To Net: NetName=NetU25_4 Pin=U26-2
Added Net: Name=NetU25_4
Added Pin To Net: NetName=PANEL_B_PWR Pin=J3-38
Added Pin To Net: NetName=PANEL_B_PWR Pin=U1-AU22
Added Net: Name=PANEL_B_PWR
Added Pin To Net: NetName=PDM_DCLK Pin=U1-J32
Added Pin To Net: NetName=PDM_DCLK Pin=U15-3
Added Pin To Net: NetName=PDM_DCLK Pin=U16-3
Added Net: Name=PDM_DCLK
Added Pin To Net: NetName=PDM_DIN3 Pin=SW4-3
Added Pin To Net: NetName=PDM_DIN3 Pin=U1-J30
Added Net: Name=PDM_DIN3
Added Pin To Net: NetName=POR_OUT Pin=R3-1
Added Pin To Net: NetName=POR_OUT Pin=U1-E23
Added Net: Name=POR_OUT
Added Pin To Net: NetName=PWR_EN Pin=J4-26
Added Pin To Net: NetName=PWR_EN Pin=R58-1
Added Net: Name=PWR_EN
Added Pin To Net: NetName=PWR_HOLD Pin=D5-2
Added Pin To Net: NetName=PWR_HOLD Pin=R30-1
Added Net: Name=PWR_HOLD
Added Pin To Net: NetName=PWR_HOLD_EXT Pin=D9-2
Added Pin To Net: NetName=PWR_HOLD_EXT Pin=R38-1
Added Net: Name=PWR_HOLD_EXT
Added Pin To Net: NetName=RGMII_CRS_DV Pin=U1-AA31
Added Net: Name=RGMII_CRS_DV
Added Pin To Net: NetName=RGMII_MDC Pin=U1-AB30
Added Net: Name=RGMII_MDC
Added Pin To Net: NetName=RGMII_MDIO Pin=U1-AB29
Added Net: Name=RGMII_MDIO
Added Pin To Net: NetName=RGMII_RXCLK Pin=U1-AB31
Added Net: Name=RGMII_RXCLK
Added Pin To Net: NetName=RTC_CLK Pin=R15-2
Added Pin To Net: NetName=RTC_CLK Pin=U2-7
Added Net: Name=RTC_CLK
Added Pin To Net: NetName=RTC_INT Pin=R14-1
Added Pin To Net: NetName=RTC_INT Pin=U2-3
Added Pin To Net: NetName=RTC_INT Pin=U3-17
Added Net: Name=RTC_INT
Added Pin To Net: NetName=SDIO_CLK Pin=R5-2
Added Pin To Net: NetName=SDIO_CLK Pin=U1-A21
Added Net: Name=SDIO_CLK
Added Pin To Net: NetName=SDPWR_EN Pin=U1-A13
Added Net: Name=SDPWR_EN
Added Pin To Net: NetName=SOC_PWR_KEY Pin=R22-2
Added Pin To Net: NetName=SOC_PWR_KEY Pin=R60-2
Added Pin To Net: NetName=SOC_PWR_KEY Pin=U1-B14
Added Net: Name=SOC_PWR_KEY
Added Pin To Net: NetName=SPDIF_OUT Pin=U1-E11
Added Net: Name=SPDIF_OUT
Added Pin To Net: NetName=SPIF_CS Pin=B1-1
Added Pin To Net: NetName=SPIF_CS Pin=R41-1
Added Net: Name=SPIF_CS
Added Pin To Net: NetName=SPINOR_EN Pin=Q3-1
Added Pin To Net: NetName=SPINOR_EN Pin=Q4-1
Added Pin To Net: NetName=SPINOR_EN Pin=R46-1
Added Pin To Net: NetName=SPINOR_EN Pin=U3-8
Added Net: Name=SPINOR_EN
Added Pin To Net: NetName=SYS_LED Pin=U1-D12
Added Net: Name=SYS_LED
Added Pin To Net: NetName=TP_I2CM_D_SCL Pin=J3-34
Added Pin To Net: NetName=TP_I2CM_D_SCL Pin=U1-G33
Added Net: Name=TP_I2CM_D_SCL
Added Pin To Net: NetName=TP_I2CM_D_SDA Pin=J3-33
Added Pin To Net: NetName=TP_I2CM_D_SDA Pin=U1-G32
Added Net: Name=TP_I2CM_D_SDA
Added Pin To Net: NetName=TP_INT Pin=J3-36
Added Pin To Net: NetName=TP_INT Pin=U1-E27
Added Net: Name=TP_INT
Added Pin To Net: NetName=TP_RST Pin=J3-37
Added Pin To Net: NetName=TP_RST Pin=U1-D27
Added Net: Name=TP_RST
Added Pin To Net: NetName=TYPEC_CC1 Pin=*-10
Added Pin To Net: NetName=TYPEC_CC1 Pin=*-11
Added Pin To Net: NetName=TYPEC_CC1 Pin=C140-1
Added Pin To Net: NetName=TYPEC_CC1 Pin=D15-2
Added Pin To Net: NetName=TYPEC_CC1 Pin=J7-A5
Added Net: Name=TYPEC_CC1
Added Pin To Net: NetName=TYPEC_CC2 Pin=*-1
Added Pin To Net: NetName=TYPEC_CC2 Pin=*-14
Added Pin To Net: NetName=TYPEC_CC2 Pin=C139-1
Added Pin To Net: NetName=TYPEC_CC2 Pin=D16-2
Added Pin To Net: NetName=TYPEC_CC2 Pin=J7-B5
Added Net: Name=TYPEC_CC2
Added Pin To Net: NetName=TYPEC_DM Pin=D18-2
Added Pin To Net: NetName=TYPEC_DM Pin=J7-A7
Added Pin To Net: NetName=TYPEC_DM Pin=J7-B7
Added Pin To Net: NetName=TYPEC_DM Pin=R76-2
Added Net: Name=TYPEC_DM
Added Pin To Net: NetName=TYPEC_DP Pin=D17-2
Added Pin To Net: NetName=TYPEC_DP Pin=J7-A6
Added Pin To Net: NetName=TYPEC_DP Pin=J7-B6
Added Pin To Net: NetName=TYPEC_DP Pin=R75-2
Added Net: Name=TYPEC_DP
Added Pin To Net: NetName=USB_B_OTG_DM Pin=R76-1
Added Pin To Net: NetName=USB_B_OTG_DM Pin=U1-C28
Added Net: Name=USB_B_OTG_DM
Added Pin To Net: NetName=USB_B_OTG_DP Pin=R75-1
Added Pin To Net: NetName=USB_B_OTG_DP Pin=U1-D28
Added Net: Name=USB_B_OTG_DP
Added Pin To Net: NetName=USBCC_INTn Pin=*-5
Added Pin To Net: NetName=USBCC_INTn Pin=U1-AM20
Added Net: Name=USBCC_INTn
Added Pin To Net: NetName=VCC5V Pin=*-12
Added Pin To Net: NetName=VCC5V Pin=*-13
Added Pin To Net: NetName=VCC5V Pin=C128-1
Added Pin To Net: NetName=VCC5V Pin=C129-1
Added Pin To Net: NetName=VCC5V Pin=J4-4
Added Pin To Net: NetName=VCC5V Pin=J6-1
Added Pin To Net: NetName=VCC5V Pin=U8-1
Added Pin To Net: NetName=VCC5V Pin=U9-1
Added Pin To Net: NetName=VCC5V Pin=U11-1
Added Pin To Net: NetName=VCC5V Pin=U12-2
Added Pin To Net: NetName=VCC5V Pin=U12-4
Added Pin To Net: NetName=VCC5V Pin=U12-7
Added Pin To Net: NetName=VCC5V Pin=U12-8
Added Pin To Net: NetName=VCC5V Pin=U13-1
Added Pin To Net: NetName=VCC5V Pin=U14-1
Added Pin To Net: NetName=VCC5V Pin=U17-1
Added Pin To Net: NetName=VCC5V Pin=U18-1
Added Pin To Net: NetName=VCC5V Pin=U19-1
Added Pin To Net: NetName=VCC5V Pin=U20-1
Added Pin To Net: NetName=VCC5V Pin=U21-1
Added Pin To Net: NetName=VCC5V Pin=U22-1
Added Pin To Net: NetName=VCC5V Pin=U23-1
Added Pin To Net: NetName=VCC5V Pin=U24-1
Added Pin To Net: NetName=VCC5V Pin=U25-1
Added Pin To Net: NetName=VCC5V Pin=U26-1
Added Net: Name=VCC5V
Added Pin To Net: NetName=VCC5V_EN Pin=J4-3
Added Pin To Net: NetName=VCC5V_EN Pin=U1-R32
Added Net: Name=VCC5V_EN
Added Pin To Net: NetName=VCC_MCU Pin=C122-1
Added Pin To Net: NetName=VCC_MCU Pin=D1-2
Added Pin To Net: NetName=VCC_MCU Pin=J4-5
Added Pin To Net: NetName=VCC_MCU Pin=Q2-3
Added Pin To Net: NetName=VCC_MCU Pin=R14-2
Added Pin To Net: NetName=VCC_MCU Pin=R27-2
Added Pin To Net: NetName=VCC_MCU Pin=R28-2
Added Pin To Net: NetName=VCC_MCU Pin=R59-1
Added Pin To Net: NetName=VCC_MCU Pin=R68-2
Added Pin To Net: NetName=VCC_MCU Pin=U3-4
Added Pin To Net: NetName=VCC_MCU Pin=U6-8
Added Net: Name=VCC_MCU
Added Pin To Net: NetName=VDD_DDR Pin=C97-1
Added Pin To Net: NetName=VDD_DDR Pin=C98-1
Added Pin To Net: NetName=VDD_DDR Pin=C99-1
Added Pin To Net: NetName=VDD_DDR Pin=C100-1
Added Pin To Net: NetName=VDD_DDR Pin=C101-1
Added Pin To Net: NetName=VDD_DDR Pin=C102-1
Added Pin To Net: NetName=VDD_DDR Pin=C103-1
Added Pin To Net: NetName=VDD_DDR Pin=C104-1
Added Pin To Net: NetName=VDD_DDR Pin=J4-24
Added Pin To Net: NetName=VDD_DDR Pin=U1-AA10
Added Pin To Net: NetName=VDD_DDR Pin=U1-AC11
Added Pin To Net: NetName=VDD_DDR Pin=U1-AD10
Added Pin To Net: NetName=VDD_DDR Pin=U1-AE8
Added Pin To Net: NetName=VDD_DDR Pin=U1-AF11
Added Pin To Net: NetName=VDD_DDR Pin=U1-AG10
Added Pin To Net: NetName=VDD_DDR Pin=U1-AJ11
Added Pin To Net: NetName=VDD_DDR Pin=U1-AK10
Added Pin To Net: NetName=VDD_DDR Pin=U1-H10
Added Pin To Net: NetName=VDD_DDR Pin=U1-J11
Added Pin To Net: NetName=VDD_DDR Pin=U1-L10
Added Pin To Net: NetName=VDD_DDR Pin=U1-M11
Added Pin To Net: NetName=VDD_DDR Pin=U1-P10
Added Pin To Net: NetName=VDD_DDR Pin=U1-R11
Added Pin To Net: NetName=VDD_DDR Pin=U1-U10
Added Pin To Net: NetName=VDD_DDR Pin=U1-V11
Added Pin To Net: NetName=VDD_DDR Pin=U1-Y11
Added Net: Name=VDD_DDR
Added Pin To Net: NetName=VDD_EE Pin=C16-1
Added Pin To Net: NetName=VDD_EE Pin=C17-1
Added Pin To Net: NetName=VDD_EE Pin=C18-1
Added Pin To Net: NetName=VDD_EE Pin=C19-1
Added Pin To Net: NetName=VDD_EE Pin=C20-1
Added Pin To Net: NetName=VDD_EE Pin=C21-1
Added Pin To Net: NetName=VDD_EE Pin=C22-1
Added Pin To Net: NetName=VDD_EE Pin=J4-10
Added Pin To Net: NetName=VDD_EE Pin=U1-AD18
Added Pin To Net: NetName=VDD_EE Pin=U1-AD20
Added Pin To Net: NetName=VDD_EE Pin=U1-AE18
Added Pin To Net: NetName=VDD_EE Pin=U1-AE19
Added Pin To Net: NetName=VDD_EE Pin=U1-AE20
Added Pin To Net: NetName=VDD_EE Pin=U1-AG19
Added Pin To Net: NetName=VDD_EE Pin=U1-AG21
Added Pin To Net: NetName=VDD_EE Pin=U1-AG23
Added Pin To Net: NetName=VDD_EE Pin=U1-AH19
Added Pin To Net: NetName=VDD_EE Pin=U1-AH20
Added Pin To Net: NetName=VDD_EE Pin=U1-AH21
Added Pin To Net: NetName=VDD_EE Pin=U1-AH22
Added Pin To Net: NetName=VDD_EE Pin=U1-AH23
Added Pin To Net: NetName=VDD_EE Pin=U1-J19
Added Pin To Net: NetName=VDD_EE Pin=U1-J20
Added Pin To Net: NetName=VDD_EE Pin=U1-K19
Added Pin To Net: NetName=VDD_EE Pin=U1-K20
Added Pin To Net: NetName=VDD_EE Pin=U1-K21
Added Pin To Net: NetName=VDD_EE Pin=U1-V14
Added Pin To Net: NetName=VDD_EE Pin=U1-V16
Added Pin To Net: NetName=VDD_EE Pin=U1-W13
Added Pin To Net: NetName=VDD_EE Pin=U1-W14
Added Pin To Net: NetName=VDD_EE Pin=U1-W15
Added Pin To Net: NetName=VDD_EE Pin=U1-W16
Added Pin To Net: NetName=VDD_EE Pin=U1-W17
Added Net: Name=VDD_EE
Added Pin To Net: NetName=VDD_GPU Pin=C32-1
Added Pin To Net: NetName=VDD_GPU Pin=C33-1
Added Pin To Net: NetName=VDD_GPU Pin=C34-1
Added Pin To Net: NetName=VDD_GPU Pin=C35-1
Added Pin To Net: NetName=VDD_GPU Pin=C36-1
Added Pin To Net: NetName=VDD_GPU Pin=C37-1
Added Pin To Net: NetName=VDD_GPU Pin=C38-1
Added Pin To Net: NetName=VDD_GPU Pin=C39-1
Added Pin To Net: NetName=VDD_GPU Pin=J4-6
Added Pin To Net: NetName=VDD_GPU Pin=U1-M18
Added Pin To Net: NetName=VDD_GPU Pin=U1-M19
Added Pin To Net: NetName=VDD_GPU Pin=U1-M20
Added Pin To Net: NetName=VDD_GPU Pin=U1-M21
Added Pin To Net: NetName=VDD_GPU Pin=U1-M22
Added Pin To Net: NetName=VDD_GPU Pin=U1-M23
Added Pin To Net: NetName=VDD_GPU Pin=U1-N18
Added Pin To Net: NetName=VDD_GPU Pin=U1-N20
Added Pin To Net: NetName=VDD_GPU Pin=U1-N22
Added Pin To Net: NetName=VDD_GPU Pin=U1-P24
Added Pin To Net: NetName=VDD_GPU Pin=U1-R18
Added Pin To Net: NetName=VDD_GPU Pin=U1-R19
Added Pin To Net: NetName=VDD_GPU Pin=U1-R20
Added Pin To Net: NetName=VDD_GPU Pin=U1-R21
Added Pin To Net: NetName=VDD_GPU Pin=U1-R22
Added Pin To Net: NetName=VDD_GPU Pin=U1-R23
Added Pin To Net: NetName=VDD_GPU Pin=U1-T18
Added Pin To Net: NetName=VDD_GPU Pin=U1-T20
Added Pin To Net: NetName=VDD_GPU Pin=U1-T22
Added Net: Name=VDD_GPU
Added Pin To Net: NetName=VDD_NPU Pin=C41-1
Added Pin To Net: NetName=VDD_NPU Pin=C42-1
Added Pin To Net: NetName=VDD_NPU Pin=C43-1
Added Pin To Net: NetName=VDD_NPU Pin=C44-1
Added Pin To Net: NetName=VDD_NPU Pin=C45-1
Added Pin To Net: NetName=VDD_NPU Pin=C46-1
Added Pin To Net: NetName=VDD_NPU Pin=C48-1
Added Pin To Net: NetName=VDD_NPU Pin=C49-1
Added Pin To Net: NetName=VDD_NPU Pin=C50-1
Added Pin To Net: NetName=VDD_NPU Pin=C51-1
Added Pin To Net: NetName=VDD_NPU Pin=C52-1
Added Pin To Net: NetName=VDD_NPU Pin=C53-1
Added Pin To Net: NetName=VDD_NPU Pin=C54-1
Added Pin To Net: NetName=VDD_NPU Pin=J4-1
Added Pin To Net: NetName=VDD_NPU Pin=U1-AA19
Added Pin To Net: NetName=VDD_NPU Pin=U1-AA20
Added Pin To Net: NetName=VDD_NPU Pin=U1-AA21
Added Pin To Net: NetName=VDD_NPU Pin=U1-AA22
Added Pin To Net: NetName=VDD_NPU Pin=U1-AA23
Added Pin To Net: NetName=VDD_NPU Pin=U1-AA24
Added Pin To Net: NetName=VDD_NPU Pin=U1-AB19
Added Pin To Net: NetName=VDD_NPU Pin=U1-AB21
Added Pin To Net: NetName=VDD_NPU Pin=U1-AB23
Added Pin To Net: NetName=VDD_NPU Pin=U1-AD21
Added Pin To Net: NetName=VDD_NPU Pin=U1-AD23
Added Pin To Net: NetName=VDD_NPU Pin=U1-AE21
Added Pin To Net: NetName=VDD_NPU Pin=U1-AE22
Added Pin To Net: NetName=VDD_NPU Pin=U1-AE23
Added Pin To Net: NetName=VDD_NPU Pin=U1-V19
Added Pin To Net: NetName=VDD_NPU Pin=U1-V20
Added Pin To Net: NetName=VDD_NPU Pin=U1-V21
Added Pin To Net: NetName=VDD_NPU Pin=U1-V22
Added Pin To Net: NetName=VDD_NPU Pin=U1-V23
Added Pin To Net: NetName=VDD_NPU Pin=U1-W19
Added Pin To Net: NetName=VDD_NPU Pin=U1-W21
Added Pin To Net: NetName=VDD_NPU Pin=U1-W23
Added Net: Name=VDD_NPU
Added Pin To Net: NetName=VDDAO_1V8 Pin=C4-1
Added Pin To Net: NetName=VDDAO_1V8 Pin=C5-1
Added Pin To Net: NetName=VDDAO_1V8 Pin=C7-1
Added Pin To Net: NetName=VDDAO_1V8 Pin=C8-1
Added Pin To Net: NetName=VDDAO_1V8 Pin=C10-1
Added Pin To Net: NetName=VDDAO_1V8 Pin=C11-1
Added Pin To Net: NetName=VDDAO_1V8 Pin=C13-1
Added Pin To Net: NetName=VDDAO_1V8 Pin=J3-39
Added Pin To Net: NetName=VDDAO_1V8 Pin=J4-13
Added Pin To Net: NetName=VDDAO_1V8 Pin=L3-2
Added Pin To Net: NetName=VDDAO_1V8 Pin=L6-1
Added Pin To Net: NetName=VDDAO_1V8 Pin=R19-2
Added Pin To Net: NetName=VDDAO_1V8 Pin=U1-AB25
Added Pin To Net: NetName=VDDAO_1V8 Pin=U1-AK18
Added Pin To Net: NetName=VDDAO_1V8 Pin=U1-AL11
Added Pin To Net: NetName=VDDAO_1V8 Pin=U1-G16
Added Pin To Net: NetName=VDDAO_1V8 Pin=U1-H16
Added Pin To Net: NetName=VDDAO_1V8 Pin=U1-H25
Added Pin To Net: NetName=VDDAO_1V8 Pin=U1-K17
Added Pin To Net: NetName=VDDAO_1V8 Pin=U1-M25
Added Pin To Net: NetName=VDDAO_1V8 Pin=U1-Y25
Added Net: Name=VDDAO_1V8
Added Pin To Net: NetName=VDDAO_3V3 Pin=*-3
Added Pin To Net: NetName=VDDAO_3V3 Pin=*-4
Added Pin To Net: NetName=VDDAO_3V3 Pin=C1-1
Added Pin To Net: NetName=VDDAO_3V3 Pin=C123-1
Added Pin To Net: NetName=VDDAO_3V3 Pin=J3-31
Added Pin To Net: NetName=VDDAO_3V3 Pin=J3-32
Added Pin To Net: NetName=VDDAO_3V3 Pin=J4-2
Added Pin To Net: NetName=VDDAO_3V3 Pin=R2-1
Added Pin To Net: NetName=VDDAO_3V3 Pin=R15-1
Added Pin To Net: NetName=VDDAO_3V3 Pin=R17-2
Added Pin To Net: NetName=VDDAO_3V3 Pin=R20-2
Added Pin To Net: NetName=VDDAO_3V3 Pin=R23-2
Added Pin To Net: NetName=VDDAO_3V3 Pin=R29-2
Added Pin To Net: NetName=VDDAO_3V3 Pin=R36-1
Added Pin To Net: NetName=VDDAO_3V3 Pin=R37-2
Added Pin To Net: NetName=VDDAO_3V3 Pin=R57-2
Added Pin To Net: NetName=VDDAO_3V3 Pin=U1-F9
Added Pin To Net: NetName=VDDAO_3V3 Pin=U6-6
Added Net: Name=VDDAO_3V3
Added Pin To Net: NetName=VDDAO_3V3_POR Pin=C3-1
Added Pin To Net: NetName=VDDAO_3V3_POR Pin=U1-F20
Added Net: Name=VDDAO_3V3_POR
Added Pin To Net: NetName=VDDCPU_A Pin=C24-1
Added Pin To Net: NetName=VDDCPU_A Pin=C25-1
Added Pin To Net: NetName=VDDCPU_A Pin=C26-1
Added Pin To Net: NetName=VDDCPU_A Pin=C27-1
Added Pin To Net: NetName=VDDCPU_A Pin=C28-1
Added Pin To Net: NetName=VDDCPU_A Pin=C29-1
Added Pin To Net: NetName=VDDCPU_A Pin=C30-1
Added Pin To Net: NetName=VDDCPU_A Pin=C31-1
Added Pin To Net: NetName=VDDCPU_A Pin=C55-1
Added Pin To Net: NetName=VDDCPU_A Pin=C56-1
Added Pin To Net: NetName=VDDCPU_A Pin=C57-1
Added Pin To Net: NetName=VDDCPU_A Pin=C58-1
Added Pin To Net: NetName=VDDCPU_A Pin=C59-1
Added Pin To Net: NetName=VDDCPU_A Pin=C60-1
Added Pin To Net: NetName=VDDCPU_A Pin=C61-1
Added Pin To Net: NetName=VDDCPU_A Pin=C62-1
Added Pin To Net: NetName=VDDCPU_A Pin=J4-15
Added Pin To Net: NetName=VDDCPU_A Pin=U1-G12
Added Pin To Net: NetName=VDDCPU_A Pin=U1-H12
Added Pin To Net: NetName=VDDCPU_A Pin=U1-H13
Added Pin To Net: NetName=VDDCPU_A Pin=U1-H15
Added Pin To Net: NetName=VDDCPU_A Pin=U1-J12
Added Pin To Net: NetName=VDDCPU_A Pin=U1-J15
Added Pin To Net: NetName=VDDCPU_A Pin=U1-K12
Added Pin To Net: NetName=VDDCPU_A Pin=U1-K13
Added Pin To Net: NetName=VDDCPU_A Pin=U1-K15
Added Pin To Net: NetName=VDDCPU_A Pin=U1-K16
Added Pin To Net: NetName=VDDCPU_A Pin=U1-L12
Added Pin To Net: NetName=VDDCPU_A Pin=U1-L15
Added Pin To Net: NetName=VDDCPU_A Pin=U1-M12
Added Pin To Net: NetName=VDDCPU_A Pin=U1-M13
Added Pin To Net: NetName=VDDCPU_A Pin=U1-M15
Added Pin To Net: NetName=VDDCPU_A Pin=U1-M16
Added Pin To Net: NetName=VDDCPU_A Pin=U1-N12
Added Pin To Net: NetName=VDDCPU_A Pin=U1-P12
Added Pin To Net: NetName=VDDCPU_A Pin=U1-P13
Added Pin To Net: NetName=VDDCPU_A Pin=U1-P15
Added Pin To Net: NetName=VDDCPU_A Pin=U1-P16
Added Pin To Net: NetName=VDDCPU_A Pin=U1-R12
Added Pin To Net: NetName=VDDCPU_A Pin=U1-R15
Added Pin To Net: NetName=VDDCPU_A Pin=U1-T12
Added Pin To Net: NetName=VDDCPU_A Pin=U1-T13
Added Pin To Net: NetName=VDDCPU_A Pin=U1-T15
Added Pin To Net: NetName=VDDCPU_A Pin=U1-T16
Added Net: Name=VDDCPU_A
Added Pin To Net: NetName=VDDCPU_A_PWM Pin=J4-16
Added Pin To Net: NetName=VDDCPU_A_PWM Pin=U1-C14
Added Net: Name=VDDCPU_A_PWM
Added Pin To Net: NetName=VDDCPU_B Pin=C63-1
Added Pin To Net: NetName=VDDCPU_B Pin=C64-1
Added Pin To Net: NetName=VDDCPU_B Pin=C65-1
Added Pin To Net: NetName=VDDCPU_B Pin=C66-1
Added Pin To Net: NetName=VDDCPU_B Pin=C67-1
Added Pin To Net: NetName=VDDCPU_B Pin=C68-1
Added Pin To Net: NetName=VDDCPU_B Pin=C69-1
Added Pin To Net: NetName=VDDCPU_B Pin=C70-1
Added Pin To Net: NetName=VDDCPU_B Pin=U1-AA12
Added Pin To Net: NetName=VDDCPU_B Pin=U1-AA13
Added Pin To Net: NetName=VDDCPU_B Pin=U1-AA15
Added Pin To Net: NetName=VDDCPU_B Pin=U1-AA16
Added Pin To Net: NetName=VDDCPU_B Pin=U1-AB12
Added Pin To Net: NetName=VDDCPU_B Pin=U1-AB15
Added Pin To Net: NetName=VDDCPU_B Pin=U1-AC12
Added Pin To Net: NetName=VDDCPU_B Pin=U1-AC13
Added Pin To Net: NetName=VDDCPU_B Pin=U1-AC15
Added Pin To Net: NetName=VDDCPU_B Pin=U1-AC16
Added Pin To Net: NetName=VDDCPU_B Pin=U1-AD12
Added Pin To Net: NetName=VDDCPU_B Pin=U1-AD15
Added Pin To Net: NetName=VDDCPU_B Pin=U1-AE12
Added Pin To Net: NetName=VDDCPU_B Pin=U1-AE13
Added Pin To Net: NetName=VDDCPU_B Pin=U1-AE15
Added Pin To Net: NetName=VDDCPU_B Pin=U1-AE16
Added Pin To Net: NetName=VDDCPU_B Pin=U1-AF12
Added Pin To Net: NetName=VDDCPU_B Pin=U1-AG12
Added Pin To Net: NetName=VDDCPU_B Pin=U1-AG13
Added Net: Name=VDDCPU_B
Added Pin To Net: NetName=VDDCPU_B_EN Pin=R2-2
Added Pin To Net: NetName=VDDCPU_B_EN Pin=U1-F14
Added Net: Name=VDDCPU_B_EN
Added Pin To Net: NetName=VDDCPU_B_PWM Pin=J4-21
Added Pin To Net: NetName=VDDCPU_B_PWM Pin=U1-E15
Added Net: Name=VDDCPU_B_PWM
Added Pin To Net: NetName=VDDDDR_PWM Pin=J4-23
Added Pin To Net: NetName=VDDDDR_PWM Pin=U1-F17
Added Net: Name=VDDDDR_PWM
Added Pin To Net: NetName=VDDEE_MODE Pin=J4-12
Added Net: Name=VDDEE_MODE
Added Pin To Net: NetName=VDDEE_PWM Pin=J4-11
Added Pin To Net: NetName=VDDEE_PWM Pin=U1-C17
Added Net: Name=VDDEE_PWM
Added Pin To Net: NetName=VDDGPU_MODE Pin=J4-8
Added Net: Name=VDDGPU_MODE
Added Pin To Net: NetName=VDDGPU_PWM Pin=J4-7
Added Pin To Net: NetName=VDDGPU_PWM Pin=U1-C15
Added Net: Name=VDDGPU_PWM
Added Pin To Net: NetName=VDDIO_1V8 Pin=J2-25
Added Pin To Net: NetName=VDDIO_1V8 Pin=J4-9
Added Pin To Net: NetName=VDDIO_1V8 Pin=L2-2
Added Net: Name=VDDIO_1V8
Added Pin To Net: NetName=VDDIO_3V3 Pin=J2-28
Added Pin To Net: NetName=VDDIO_3V3 Pin=J2-29
Added Pin To Net: NetName=VDDIO_3V3 Pin=J2-30
Added Pin To Net: NetName=VDDIO_3V3 Pin=J3-17
Added Pin To Net: NetName=VDDIO_3V3 Pin=J3-18
Added Pin To Net: NetName=VDDIO_3V3 Pin=U1-AJ17
Added Pin To Net: NetName=VDDIO_3V3 Pin=U1-R25
Added Pin To Net: NetName=VDDIO_3V3 Pin=U5-C6
Added Pin To Net: NetName=VDDIO_3V3 Pin=U5-M4
Added Pin To Net: NetName=VDDIO_3V3 Pin=U5-N4
Added Pin To Net: NetName=VDDIO_3V3 Pin=U5-P3
Added Pin To Net: NetName=VDDIO_3V3 Pin=U5-P5
Added Net: Name=VDDIO_3V3
Added Pin To Net: NetName=VDDIO_BOOT Pin=B1-8
Added Pin To Net: NetName=VDDIO_BOOT Pin=C80-2
Added Pin To Net: NetName=VDDIO_BOOT Pin=R41-2
Added Pin To Net: NetName=VDDIO_BOOT Pin=R42-2
Added Pin To Net: NetName=VDDIO_BOOT Pin=R45-1
Added Pin To Net: NetName=VDDIO_BOOT Pin=R48-2
Added Pin To Net: NetName=VDDIO_BOOT Pin=U5-E6
Added Pin To Net: NetName=VDDIO_BOOT Pin=U5-F5
Added Pin To Net: NetName=VDDIO_BOOT Pin=U5-J10
Added Pin To Net: NetName=VDDIO_BOOT Pin=U5-K9
Added Net: Name=VDDIO_BOOT
Added Pin To Net: NetName=VDDIO_H Pin=U1-V25
Added Net: Name=VDDIO_H
Added Pin To Net: NetName=VDDIO_LX Pin=R61-1
Added Pin To Net: NetName=VDDIO_LX Pin=R62-1
Added Net: Name=VDDIO_LX
Added Pin To Net: NetName=VDDIO_M Pin=L2-1
Added Pin To Net: NetName=VDDIO_M Pin=L3-1
Added Pin To Net: NetName=VDDIO_M Pin=U1-L25
Added Net: Name=VDDIO_M
Added Pin To Net: NetName=VDDIO_X Pin=R51-2
Added Pin To Net: NetName=VDDIO_X Pin=U1-G18
Added Net: Name=VDDIO_X
Added Pin To Net: NetName=VDDIO_Z Pin=U1-T28
Added Net: Name=VDDIO_Z
Added Pin To Net: NetName=VDDIOC_SW Pin=J4-20
Added Pin To Net: NetName=VDDIOC_SW Pin=U1-C12
Added Pin To Net: NetName=VDDIOC_SW Pin=U1-U26
Added Net: Name=VDDIOC_SW
Added Pin To Net: NetName=VDDNPU_PWM Pin=U1-F18
Added Net: Name=VDDNPU_PWM
Added Pin To Net: NetName=VDDQ_1V1 Pin=C81-1
Added Pin To Net: NetName=VDDQ_1V1 Pin=C82-1
Added Pin To Net: NetName=VDDQ_1V1 Pin=C83-1
Added Pin To Net: NetName=VDDQ_1V1 Pin=C84-1
Added Pin To Net: NetName=VDDQ_1V1 Pin=C85-1
Added Pin To Net: NetName=VDDQ_1V1 Pin=C86-1
Added Pin To Net: NetName=VDDQ_1V1 Pin=C87-1
Added Pin To Net: NetName=VDDQ_1V1 Pin=C88-1
Added Pin To Net: NetName=VDDQ_1V1 Pin=C105-1
Added Pin To Net: NetName=VDDQ_1V1 Pin=C106-1
Added Pin To Net: NetName=VDDQ_1V1 Pin=C107-1
Added Pin To Net: NetName=VDDQ_1V1 Pin=C108-1
Added Pin To Net: NetName=VDDQ_1V1 Pin=C109-1
Added Pin To Net: NetName=VDDQ_1V1 Pin=C110-1
Added Pin To Net: NetName=VDDQ_1V1 Pin=C111-1
Added Pin To Net: NetName=VDDQ_1V1 Pin=C112-1
Added Pin To Net: NetName=VDDQ_1V1 Pin=J4-19
Added Pin To Net: NetName=VDDQ_1V1 Pin=U4-A4
Added Pin To Net: NetName=VDDQ_1V1 Pin=U4-A9
Added Pin To Net: NetName=VDDQ_1V1 Pin=U4-AB4
Added Pin To Net: NetName=VDDQ_1V1 Pin=U4-F5
Added Pin To Net: NetName=VDDQ_1V1 Pin=U4-F8
Added Pin To Net: NetName=VDDQ_1V1 Pin=U4-G2
Added Pin To Net: NetName=VDDQ_1V1 Pin=U4-H1
Added Pin To Net: NetName=VDDQ_1V1 Pin=U4-H5
Added Pin To Net: NetName=VDDQ_1V1 Pin=U4-H8
Added Pin To Net: NetName=VDDQ_1V1 Pin=U4-H12
Added Pin To Net: NetName=VDDQ_1V1 Pin=U4-K1
Added Pin To Net: NetName=VDDQ_1V1 Pin=U4-K3
Added Pin To Net: NetName=VDDQ_1V1 Pin=U4-K10
Added Pin To Net: NetName=VDDQ_1V1 Pin=U4-K12
Added Pin To Net: NetName=VDDQ_1V1 Pin=U4-N1
Added Pin To Net: NetName=VDDQ_1V1 Pin=U4-N3
Added Pin To Net: NetName=VDDQ_1V1 Pin=U4-N10
Added Pin To Net: NetName=VDDQ_1V1 Pin=U4-N12
Added Pin To Net: NetName=VDDQ_1V1 Pin=U4-R1
Added Pin To Net: NetName=VDDQ_1V1 Pin=U4-R5
Added Pin To Net: NetName=VDDQ_1V1 Pin=U4-R8
Added Pin To Net: NetName=VDDQ_1V1 Pin=U4-R12
Added Pin To Net: NetName=VDDQ_1V1 Pin=U4-T2
Added Pin To Net: NetName=VDDQ_1V1 Pin=U4-U5
Added Pin To Net: NetName=VDDQ_1V1 Pin=U4-U8
Added Net: Name=VDDQ_1V1
Added Pin To Net: NetName=VDDQ_VDDQLP_EN Pin=U1-D14
Added Net: Name=VDDQ_VDDQLP_EN
Added Pin To Net: NetName=VDDQLP_0V6_1V1 Pin=J4-25
Added Pin To Net: NetName=VDDQLP_0V6_1V1 Pin=U1-AA8
Added Pin To Net: NetName=VDDQLP_0V6_1V1 Pin=U1-AB8
Added Pin To Net: NetName=VDDQLP_0V6_1V1 Pin=U1-AB9
Added Pin To Net: NetName=VDDQLP_0V6_1V1 Pin=U1-AC5
Added Pin To Net: NetName=VDDQLP_0V6_1V1 Pin=U1-AD6
Added Pin To Net: NetName=VDDQLP_0V6_1V1 Pin=U1-AD8
Added Pin To Net: NetName=VDDQLP_0V6_1V1 Pin=U1-AE9
Added Pin To Net: NetName=VDDQLP_0V6_1V1 Pin=U1-AG8
Added Pin To Net: NetName=VDDQLP_0V6_1V1 Pin=U1-AH9
Added Pin To Net: NetName=VDDQLP_0V6_1V1 Pin=U1-AK8
Added Pin To Net: NetName=VDDQLP_0V6_1V1 Pin=U1-AL9
Added Pin To Net: NetName=VDDQLP_0V6_1V1 Pin=U1-G9
Added Pin To Net: NetName=VDDQLP_0V6_1V1 Pin=U1-H8
Added Pin To Net: NetName=VDDQLP_0V6_1V1 Pin=U1-K9
Added Pin To Net: NetName=VDDQLP_0V6_1V1 Pin=U1-L8
Added Pin To Net: NetName=VDDQLP_0V6_1V1 Pin=U1-M6
Added Pin To Net: NetName=VDDQLP_0V6_1V1 Pin=U1-N9
Added Pin To Net: NetName=VDDQLP_0V6_1V1 Pin=U1-P8
Added Pin To Net: NetName=VDDQLP_0V6_1V1 Pin=U1-T6
Added Pin To Net: NetName=VDDQLP_0V6_1V1 Pin=U1-T9
Added Pin To Net: NetName=VDDQLP_0V6_1V1 Pin=U1-U5
Added Pin To Net: NetName=VDDQLP_0V6_1V1 Pin=U1-U8
Added Pin To Net: NetName=VDDQLP_0V6_1V1 Pin=U1-W8
Added Pin To Net: NetName=VDDQLP_0V6_1V1 Pin=U1-W9
Added Net: Name=VDDQLP_0V6_1V1
Added Pin To Net: NetName=VDDQLP¨_0V6_1V1 Pin=C89-1
Added Pin To Net: NetName=VDDQLP¨_0V6_1V1 Pin=C90-1
Added Pin To Net: NetName=VDDQLP¨_0V6_1V1 Pin=C91-1
Added Pin To Net: NetName=VDDQLP¨_0V6_1V1 Pin=C92-1
Added Pin To Net: NetName=VDDQLP¨_0V6_1V1 Pin=C93-1
Added Pin To Net: NetName=VDDQLP¨_0V6_1V1 Pin=C94-1
Added Pin To Net: NetName=VDDQLP¨_0V6_1V1 Pin=C95-1
Added Pin To Net: NetName=VDDQLP¨_0V6_1V1 Pin=C96-1
Added Pin To Net: NetName=VDDQLP¨_0V6_1V1 Pin=C113-1
Added Pin To Net: NetName=VDDQLP¨_0V6_1V1 Pin=C114-1
Added Pin To Net: NetName=VDDQLP¨_0V6_1V1 Pin=C115-1
Added Pin To Net: NetName=VDDQLP¨_0V6_1V1 Pin=C116-1
Added Pin To Net: NetName=VDDQLP¨_0V6_1V1 Pin=C117-1
Added Pin To Net: NetName=VDDQLP¨_0V6_1V1 Pin=C118-1
Added Pin To Net: NetName=VDDQLP¨_0V6_1V1 Pin=C119-1
Added Pin To Net: NetName=VDDQLP¨_0V6_1V1 Pin=C120-1
Added Net: Name=VDDQLP¨_0V6_1V1
Added Pin To Net: NetName=VDQLP_0V6_1V1 Pin=U4-A5
Added Pin To Net: NetName=VDQLP_0V6_1V1 Pin=U4-A8
Added Pin To Net: NetName=VDQLP_0V6_1V1 Pin=U4-AA3
Added Pin To Net: NetName=VDQLP_0V6_1V1 Pin=U4-AA5
Added Pin To Net: NetName=VDQLP_0V6_1V1 Pin=U4-AA8
Added Pin To Net: NetName=VDQLP_0V6_1V1 Pin=U4-AA10
Added Pin To Net: NetName=VDQLP_0V6_1V1 Pin=U4-B3
Added Pin To Net: NetName=VDQLP_0V6_1V1 Pin=U4-B5
Added Pin To Net: NetName=VDQLP_0V6_1V1 Pin=U4-B8
Added Pin To Net: NetName=VDQLP_0V6_1V1 Pin=U4-B10
Added Pin To Net: NetName=VDQLP_0V6_1V1 Pin=U4-D1
Added Pin To Net: NetName=VDQLP_0V6_1V1 Pin=U4-D5
Added Pin To Net: NetName=VDQLP_0V6_1V1 Pin=U4-D8
Added Pin To Net: NetName=VDQLP_0V6_1V1 Pin=U4-D12
Added Pin To Net: NetName=VDQLP_0V6_1V1 Pin=U4-F3
Added Pin To Net: NetName=VDQLP_0V6_1V1 Pin=U4-F10
Added Pin To Net: NetName=VDQLP_0V6_1V1 Pin=U4-U3
Added Pin To Net: NetName=VDQLP_0V6_1V1 Pin=U4-U10
Added Pin To Net: NetName=VDQLP_0V6_1V1 Pin=U4-W1
Added Pin To Net: NetName=VDQLP_0V6_1V1 Pin=U4-W5
Added Pin To Net: NetName=VDQLP_0V6_1V1 Pin=U4-W8
Added Pin To Net: NetName=VDQLP_0V6_1V1 Pin=U4-W12
Added Net: Name=VDQLP_0V6_1V1
Added Pin To Net: NetName=VVDDAO_3V3_POR Pin=R36-2
Added Net: Name=VVDDAO_3V3_POR
Added Pin To Net: NetName=WD_RSTO Pin=R29-1
Added Pin To Net: NetName=WD_RSTO Pin=R31-2
Added Pin To Net: NetName=WD_RSTO Pin=U1-F12
Added Net: Name=WD_RSTO
Added Pin To Net: NetName=WIFI_32K Pin=R72-1
Added Pin To Net: NetName=WIFI_32K Pin=U1-B18
Added Net: Name=WIFI_32K
Added Pin To Net: NetName=WIFI_PWREN Pin=B2-15
Added Pin To Net: NetName=WIFI_PWREN Pin=U1-E20
Added Net: Name=WIFI_PWREN
Added Pin To Net: NetName=WIFI_SD_CLK Pin=B2-18
Added Pin To Net: NetName=WIFI_SD_CLK Pin=R5-1
Added Net: Name=WIFI_SD_CLK
Added Pin To Net: NetName=WIFI_SD_CMD Pin=B2-17
Added Pin To Net: NetName=WIFI_SD_CMD Pin=R61-2
Added Pin To Net: NetName=WIFI_SD_CMD Pin=U1-B21
Added Net: Name=WIFI_SD_CMD
Added Pin To Net: NetName=WIFI_SD_D0 Pin=B2-21
Added Pin To Net: NetName=WIFI_SD_D0 Pin=R62-2
Added Pin To Net: NetName=WIFI_SD_D0 Pin=U1-D21
Added Net: Name=WIFI_SD_D0
Added Pin To Net: NetName=WIFI_SD_D1 Pin=B2-22
Added Pin To Net: NetName=WIFI_SD_D1 Pin=U1-E21
Added Net: Name=WIFI_SD_D1
Added Pin To Net: NetName=WIFI_SD_D2 Pin=B2-20
Added Pin To Net: NetName=WIFI_SD_D2 Pin=U1-C21
Added Net: Name=WIFI_SD_D2
Added Pin To Net: NetName=WIFI_SD_D3 Pin=B2-19
Added Pin To Net: NetName=WIFI_SD_D3 Pin=U1-D20
Added Net: Name=WIFI_SD_D3
Added Pin To Net: NetName=WIFI_VBAT Pin=B2-36
Added Net: Name=WIFI_VBAT
Added Pin To Net: NetName=WIFI_WAKE_HOST Pin=R56-1
Added Pin To Net: NetName=WIFI_WAKE_HOST Pin=U1-C20
Added Net: Name=WIFI_WAKE_HOST
Added Pin To Net: NetName=WOL_EN Pin=U3-13
Added Pin To Net: NetName=WOL_EN Pin=U6-2
Added Net: Name=WOL_EN
Added Pin To Net: NetName=WOL_INTB Pin=U3-12
Added Net: Name=WOL_INTB
Added Class: Name=Main_Board
Added Class: Name=ANTENAS
Added Class: Name=CPU_SIGNAL
Added Class: Name=CSI_HIGH_SPEED
Added Class: Name=DDR1_HIGH_SPEED
Added Class: Name=EMMC_HIGH_SPEED
Added Class: Name=I2S_PROTOCOL
Added Class: Name=MCU_SIGNAL
Added Class: Name=MIPI_HIGH_SPEED
Added Class: Name=PERIPHERICS_SIGNALS
Added Class: Name=POWER_SIGNALS
Added Class: Name=POWER_SUPPLY
Added Class: Name=PULL_DOWN_UP_RESISTENCE
Added Class: Name=TYPEC_SIGNALS
Added Class: Name=UNCLASIFICATE_LOW_SPEED_SIGNALS
Added Class: Name=WIFI_BT_SIGNAL
Added Differential Pair: Name=D_CSI_A_CLK
Added Differential Pair: Name=D_CSI_A_D0
Added Differential Pair: Name=D_CSI_A_D1
Added Differential Pair: Name=D_CSI_A_D2
Added Differential Pair: Name=D_CSI_A_D3
Added Differential Pair: Name=D_CSI_B_CLK
Added Differential Pair: Name=D_DDR1_DQS0
Added Differential Pair: Name=D_DDR1_DQS1
Added Differential Pair: Name=D_DDR1_DQS2
Added Differential Pair: Name=D_DDR1_DQS3
Added Differential Pair: Name=D_MIPI_DSI_CLK
Added Differential Pair: Name=D_MIPI_DSI_D0
Added Differential Pair: Name=D_MIPI_DSI_D1
Added Differential Pair: Name=D_MIPI_DSI_D2
Added Differential Pair: Name=D_MIPI_DSI_D3
Added Rule: Name=Schematic Differential Pairs Routing
Added Rule: Name=Schematic Differential Pairs Routing_1
Added Rule: Name=Schematic Differential Pairs Routing_2
Added Rule: Name=Schematic Differential Pairs Routing_3
Added Rule: Name=Schematic Impedance Constraint
Added Rule: Name=Schematic Impedance Constraint_1
Added Rule: Name=Schematic Impedance Constraint_2
Added Rule: Name=Schematic Impedance Constraint_3
Added Rule: Name=Schematic Impedance Constraint_4
Added Rule: Name=Schematic Impedance Constraint_5
Added Rule: Name=Schematic Impedance Constraint_6
Added Rule: Name=Schematic Impedance Constraint_7
Added Rule: Name=Schematic Impedance Constraint_8
Added Rule: Name=Schematic Impedance Constraint_9
Added Rule: Name=Schematic Impedance Constraint_10
Added Rule: Name=Schematic Length Constraint
Added Rule: Name=Schematic Matched Net Lengths
Added Rule: Name=Schematic Matched Net Lengths_1
Added Rule: Name=Schematic Matched Net Lengths_2
Added Rule: Name=Schematic Maximum Via Count Constraint
Added Rule: Name=Schematic Maximum Via Count Constraint_1
Added Rule: Name=Schematic Maximum Via Count Constraint_2
Added Rule: Name=Schematic Maximum Via Count Constraint_3
Added Rule: Name=Schematic Maximum Via Count Constraint_4
Added Rule: Name=Schematic Maximum Via Count Constraint_5
Added Rule: Name=Schematic Maximum Via Count Constraint_6
Added Rule: Name=Schematic Maximum Via Count Constraint_7
Added Rule: Name=Schematic Maximum Via Count Constraint_8
Added Rule: Name=Schematic Maximum Via Count Constraint_9
Added Rule: Name=Schematic Maximum Via Count Constraint_10
Added Rule: Name=Schematic Maximum Via Count Constraint_11
Added Rule: Name=Schematic Maximum Via Count Constraint_12
Added Rule: Name=Schematic Maximum Via Count Constraint_13
Added Rule: Name=Schematic Maximum Via Count Constraint_14
Added Rule: Name=Schematic Polygon Connect Style
Added Rule: Name=Schematic Polygon Connect Style_1
Added Rule: Name=Schematic Polygon Connect Style_2
Added Rule: Name=Schematic Polygon Connect Style_3
Added Rule: Name=Schematic Polygon Connect Style_4
Added Rule: Name=Schematic Polygon Connect Style_5
Added Rule: Name=Schematic Polygon Connect Style_6
Added Rule: Name=Schematic Polygon Connect Style_7
Added Rule: Name=Schematic Polygon Connect Style_8
Added Rule: Name=Schematic Polygon Connect Style_9
Added Rule: Name=Schematic Polygon Connect Style_10
Added Rule: Name=Schematic Polygon Connect Style_11
Added Rule: Name=Schematic Polygon Connect Style_12
Added Rule: Name=Schematic Polygon Connect Style_13
Added Rule: Name=Schematic Polygon Connect Style_14
Added Rule: Name=Schematic Supply Nets
Added Rule: Name=Schematic Width Constraint
Added Rule: Name=Schematic Width Constraint_1
Added Rule: Name=Schematic Width Constraint_2
Added Rule: Name=Schematic Width Constraint_3
Added Rule: Name=Schematic Width Constraint_4
Added Rule: Name=Schematic Width Constraint_5
Added Rule: Name=Schematic Width Constraint_6
Added Rule: Name=Schematic Width Constraint_7
Added Rule: Name=Schematic Width Constraint_8
Added Rule: Name=Schematic Width Constraint_9
Added Rule: Name=Schematic Width Constraint_10
Added Rule: Name=Schematic Width Constraint_11
Added Rule: Name=Schematic Width Constraint_12
Added Rule: Name=Schematic Width Constraint_13
Added Rule: Name=Schematic Width Constraint_14
Added Rule: Name=Schematic Width Constraint_15
Added Class: Name=CSI
Added Class: Name=DDR1
Added Class: Name=MIPI
